/*
 Navicat Premium Dump SQL

 Source Server         : MySQL DataBase
 Source Server Type    : MySQL
 Source Server Version : 80044 (8.0.44)
 Source Host           : localhost:3306
 Source Schema         : digital_platform

 Target Server Type    : MySQL
 Target Server Version : 80044 (8.0.44)
 File Encoding         : 65001

 Date: 01/07/2026 08:44:51
*/

SET NAMES utf8mb4;
SET FOREIGN_KEY_CHECKS = 0;

-- ----------------------------
-- Table structure for auth_sessions
-- ----------------------------
DROP TABLE IF EXISTS `auth_sessions`;
CREATE TABLE `auth_sessions`  (
  `id` bigint UNSIGNED NOT NULL AUTO_INCREMENT,
  `user_id` bigint UNSIGNED NOT NULL,
  `token_hash` char(64) CHARACTER SET utf8mb4 COLLATE utf8mb4_unicode_ci NOT NULL,
  `expires_at` datetime NOT NULL,
  `revoked_at` datetime NULL DEFAULT NULL,
  `created_at` timestamp NOT NULL DEFAULT CURRENT_TIMESTAMP,
  `updated_at` timestamp NOT NULL DEFAULT CURRENT_TIMESTAMP ON UPDATE CURRENT_TIMESTAMP,
  PRIMARY KEY (`id`) USING BTREE,
  UNIQUE INDEX `uk_auth_sessions_token_hash`(`token_hash` ASC) USING BTREE,
  INDEX `idx_auth_sessions_user_id`(`user_id` ASC) USING BTREE,
  INDEX `idx_auth_sessions_expires_at`(`expires_at` ASC) USING BTREE,
  CONSTRAINT `fk_auth_sessions_user` FOREIGN KEY (`user_id`) REFERENCES `users` (`id`) ON DELETE CASCADE ON UPDATE RESTRICT
) ENGINE = InnoDB AUTO_INCREMENT = 311 CHARACTER SET = utf8mb4 COLLATE = utf8mb4_unicode_ci ROW_FORMAT = DYNAMIC;

-- ----------------------------
-- Records of auth_sessions
-- ----------------------------
INSERT INTO `auth_sessions` VALUES (1, 27, 'a679f741c4a711435d73fd2b6c5f396b44706e103e8cd12a9a722f3a6dc40721', '2026-06-25 19:01:22', '2026-06-25 15:14:14', '2026-06-25 15:01:22', '2026-06-25 15:14:14');
INSERT INTO `auth_sessions` VALUES (2, 1, '426543fdcc1e962cfd32bcdc9f653a9b6f9b6885e396ec37ae59549603ccaa00', '2026-06-25 19:14:37', '2026-06-25 15:15:46', '2026-06-25 15:14:37', '2026-06-25 15:15:46');
INSERT INTO `auth_sessions` VALUES (3, 10, 'cb6397b37a2bf2c32b5656b688be3c2c42559d3fe747fe599b5a5c9576ef7a3a', '2026-06-25 19:15:54', NULL, '2026-06-25 15:15:54', '2026-06-25 15:15:54');
INSERT INTO `auth_sessions` VALUES (4, 1, 'ca7e224af5e3664cc1f547b2af156f8df8e415b097db7536d9378958ab850dae', '2026-06-25 21:40:40', '2026-06-25 17:43:02', '2026-06-25 17:40:40', '2026-06-25 17:43:02');
INSERT INTO `auth_sessions` VALUES (5, 27, '62f4b984ccf0462310aa113ffd64fe076e0f1c16327ea40ea43f010a42c84826', '2026-06-25 21:43:12', '2026-06-25 17:43:34', '2026-06-25 17:43:12', '2026-06-25 17:43:34');
INSERT INTO `auth_sessions` VALUES (6, 1, '0cc3937237f1c40f9ed604aca57baa831a70ab4c1089d7e42ec49ebb4422cc6c', '2026-06-25 21:44:12', '2026-06-25 17:44:37', '2026-06-25 17:44:12', '2026-06-25 17:44:37');
INSERT INTO `auth_sessions` VALUES (7, 10, '8ee4c769043a261e726b8b12a61104d12e6d69b13beca153880630c104e17ff3', '2026-06-25 21:44:40', '2026-06-25 17:45:25', '2026-06-25 17:44:40', '2026-06-25 17:45:25');
INSERT INTO `auth_sessions` VALUES (8, 9, 'cb024a7878170557dc9532aed327ef6116d96fc92ae1bf974d51221d3e252459', '2026-06-25 21:45:33', '2026-06-25 17:48:19', '2026-06-25 17:45:33', '2026-06-25 17:48:19');
INSERT INTO `auth_sessions` VALUES (9, 8, '656f52fd1222d67d27242d8a01d54966f48d055a458700e328e84649bc754824', '2026-06-25 21:54:52', NULL, '2026-06-25 17:54:52', '2026-06-25 17:54:52');
INSERT INTO `auth_sessions` VALUES (10, 1, '4a33888228c1935f3064596820857206e67b358ba35898dff3d4dd80754faee5', '2026-06-26 15:12:22', '2026-06-26 11:13:59', '2026-06-26 11:12:22', '2026-06-26 11:13:59');
INSERT INTO `auth_sessions` VALUES (11, 10, '0c5f65b73976ab8544122b4a557e1813674bc12626b2e9944acc2c3357c79ac0', '2026-06-26 15:14:08', '2026-06-26 11:24:41', '2026-06-26 11:14:08', '2026-06-26 11:24:41');
INSERT INTO `auth_sessions` VALUES (12, 1, 'c7e3b5609ce2849b906b3af608cb2f20fda7ec95558ca4471cf4407d1f966a56', '2026-06-26 15:24:49', '2026-06-26 11:28:09', '2026-06-26 11:24:49', '2026-06-26 11:28:09');
INSERT INTO `auth_sessions` VALUES (13, 1, '17b944f2c450c8884d828571e58e8aae8a53ecbe4bb7dac574a76f941288f72d', '2026-06-26 15:28:13', '2026-06-26 11:31:24', '2026-06-26 11:28:13', '2026-06-26 11:31:24');
INSERT INTO `auth_sessions` VALUES (14, 9, '003c82bad6805b34cca752b9dd6c135d681ab8bdb402b454549ec6d8c05e2290', '2026-06-26 15:31:36', '2026-06-26 11:33:08', '2026-06-26 11:31:36', '2026-06-26 11:33:08');
INSERT INTO `auth_sessions` VALUES (15, 1, '06435009eaaed8556d047184deefb0368bbab194423a657e9b7bca031aa69277', '2026-06-26 15:33:15', '2026-06-26 11:35:11', '2026-06-26 11:33:15', '2026-06-26 11:35:11');
INSERT INTO `auth_sessions` VALUES (16, 9, '5bf9b9496700e3f841a44e32f299df3f9396ce13aa53be4935f031c9e46b7257', '2026-06-26 15:35:18', '2026-06-26 11:49:55', '2026-06-26 11:35:18', '2026-06-26 11:49:55');
INSERT INTO `auth_sessions` VALUES (17, 1, 'd4965a30208862ad9dcd2166f074b491f83e2b005460d676c151dc427d94f98a', '2026-06-26 15:50:01', '2026-06-26 11:50:23', '2026-06-26 11:50:01', '2026-06-26 11:50:23');
INSERT INTO `auth_sessions` VALUES (18, 9, '6188d66b7ae36f5b0588f24ebb1e7b3293da87cad1eddeb3dc850f3a00c6c9ab', '2026-06-26 15:50:30', '2026-06-26 11:51:15', '2026-06-26 11:50:30', '2026-06-26 11:51:15');
INSERT INTO `auth_sessions` VALUES (19, 1, '51e164bfdd3b157dc37f63fba1767c0a1cf1db3f76519d36a512c25cbf8ae9b2', '2026-06-26 15:51:23', '2026-06-26 11:51:33', '2026-06-26 11:51:23', '2026-06-26 11:51:33');
INSERT INTO `auth_sessions` VALUES (20, 25, '2c2f86ab9fbb732b8d5999e77d0b5cddcf1a665ac90150100c2dbde747f8a5f9', '2026-06-26 15:51:59', '2026-06-26 11:52:05', '2026-06-26 11:51:59', '2026-06-26 11:52:05');
INSERT INTO `auth_sessions` VALUES (21, 20, 'a573011988c91b37b0ce6aab6ed658bee689e5c678e9c1fe92e3998ae15a3b4c', '2026-06-26 15:52:22', '2026-06-26 11:53:38', '2026-06-26 11:52:22', '2026-06-26 11:53:38');
INSERT INTO `auth_sessions` VALUES (22, 9, 'aa753161ed9db17805edf8cc05501c756032adffbe612c69f6f4be0d9a5d7629', '2026-06-26 15:53:47', '2026-06-26 11:55:01', '2026-06-26 11:53:47', '2026-06-26 11:55:01');
INSERT INTO `auth_sessions` VALUES (23, 1, 'fe13ed44f3e19a2e49deef89710cd911a762b9353bf507f5558160f37af2c869', '2026-06-26 15:55:06', '2026-06-26 11:55:57', '2026-06-26 11:55:06', '2026-06-26 11:55:57');
INSERT INTO `auth_sessions` VALUES (24, 9, '0addd3d5580f4c8324699eeb3c250c66502b8a612b38cc65afb2e371651b8662', '2026-06-26 15:56:06', '2026-06-26 11:56:35', '2026-06-26 11:56:06', '2026-06-26 11:56:35');
INSERT INTO `auth_sessions` VALUES (25, 1, 'ad88a33fae1270f5035f4b6296fcce5fc9fbe8b5388a9238e327deff357e439a', '2026-06-26 15:56:55', '2026-06-26 11:57:06', '2026-06-26 11:56:55', '2026-06-26 11:57:06');
INSERT INTO `auth_sessions` VALUES (26, 9, '6484522390dd2b722f5283905e25e9db3ba0ce06b2d8088c16d7e644b00f3b15', '2026-06-26 15:57:12', '2026-06-26 11:57:26', '2026-06-26 11:57:12', '2026-06-26 11:57:26');
INSERT INTO `auth_sessions` VALUES (27, 20, '091d18a9ca6d53d2bf0d2b22eb1af44438fbe2dce955dbd1078f6bf5cf5ed987', '2026-06-26 15:57:31', '2026-06-26 11:57:57', '2026-06-26 11:57:31', '2026-06-26 11:57:57');
INSERT INTO `auth_sessions` VALUES (28, 1, '455bc1e1208b639e30615f875a0ed2b34a920b9a79633b0daccd38f251a7c731', '2026-06-26 15:58:02', '2026-06-26 13:33:21', '2026-06-26 11:58:02', '2026-06-26 13:33:21');
INSERT INTO `auth_sessions` VALUES (29, 20, '9803fc50da417757020ff9d0919764ed6260f719bc9509a1c978e0bc22244eae', '2026-06-26 17:33:28', '2026-06-26 13:34:24', '2026-06-26 13:33:28', '2026-06-26 13:34:24');
INSERT INTO `auth_sessions` VALUES (30, 9, '6900ef627d91d15deb24ead0a2133771f73eb970207b21534f4fe0a4d88b0dea', '2026-06-26 17:34:31', '2026-06-26 13:35:51', '2026-06-26 13:34:31', '2026-06-26 13:35:51');
INSERT INTO `auth_sessions` VALUES (31, 1, '93be26027b827ddf31974b68a12fcce9bdfa88d4c51283f3426f8a851e5cd299', '2026-06-26 17:35:57', '2026-06-26 13:36:02', '2026-06-26 13:35:57', '2026-06-26 13:36:02');
INSERT INTO `auth_sessions` VALUES (32, 25, 'b51ec75ec510d51b041ff754ce1e13e15574f139dca9b508cb4bbf9550417eca', '2026-06-26 17:36:06', '2026-06-26 13:39:18', '2026-06-26 13:36:06', '2026-06-26 13:39:18');
INSERT INTO `auth_sessions` VALUES (33, 20, '6b676704dba2cfdfbf9747366064269cb2ccd2d90b5d369b2e2a12e2cf410e69', '2026-06-26 17:39:24', '2026-06-26 13:40:42', '2026-06-26 13:39:24', '2026-06-26 13:40:42');
INSERT INTO `auth_sessions` VALUES (34, 9, 'c4bdc8baa3fbd74fb93feffccf8e5c5ed3905367e78b52ddda1e7597fdf9b7a0', '2026-06-26 17:40:50', '2026-06-26 13:42:07', '2026-06-26 13:40:50', '2026-06-26 13:42:07');
INSERT INTO `auth_sessions` VALUES (35, 20, '17fed5fe5bfdf8f1a9687ef5522c6f7322a527c254c7e8696c28bc3a9b4d4002', '2026-06-26 17:42:13', '2026-06-26 13:42:26', '2026-06-26 13:42:13', '2026-06-26 13:42:26');
INSERT INTO `auth_sessions` VALUES (36, 1, 'd1e9b5687198bf46920edc58d168f40e68e35571f60277216c848f4dde6c14c2', '2026-06-26 17:42:31', '2026-06-26 13:43:18', '2026-06-26 13:42:31', '2026-06-26 13:43:18');
INSERT INTO `auth_sessions` VALUES (37, 10, '501ec4cba8ca3ccdb82b1009b9fd4ba8bad7bccbb642b6d786a884890f077f23', '2026-06-26 17:43:26', '2026-06-26 13:43:32', '2026-06-26 13:43:26', '2026-06-26 13:43:32');
INSERT INTO `auth_sessions` VALUES (38, 9, '9063b1801b6b36ce7a9d5454544da6d2f2aa73fca07a69df10d172df4ee271ca', '2026-06-26 17:43:37', '2026-06-26 13:44:07', '2026-06-26 13:43:37', '2026-06-26 13:44:07');
INSERT INTO `auth_sessions` VALUES (39, 13, '9fa085706e6702638730e11c5542def6b287a098fb8945f3dd0a7b500de46017', '2026-06-26 17:44:22', '2026-06-26 13:44:35', '2026-06-26 13:44:22', '2026-06-26 13:44:35');
INSERT INTO `auth_sessions` VALUES (40, 23, 'fc379264b0f86bcab178c9c7fdc1e27a745c9df5c11dc7e848720a309de7ebb0', '2026-06-26 17:44:52', '2026-06-26 13:45:02', '2026-06-26 13:44:52', '2026-06-26 13:45:02');
INSERT INTO `auth_sessions` VALUES (41, 13, '94a119f4f5f855069019472fa4047dfae63e0848de6d0ec3ab21d446d24c60ad', '2026-06-26 17:45:07', '2026-06-26 13:45:19', '2026-06-26 13:45:07', '2026-06-26 13:45:19');
INSERT INTO `auth_sessions` VALUES (42, 1, '97413ee1acce829ad5766c8f464c2d9c91c329e29b0325990eb183503636fdb1', '2026-06-26 17:45:26', '2026-06-26 13:45:31', '2026-06-26 13:45:26', '2026-06-26 13:45:31');
INSERT INTO `auth_sessions` VALUES (43, 9, '96f5392863715b5d861b0c6536650f8c9d519420a1313299370b3ad4c516102b', '2026-06-26 17:47:00', '2026-06-26 13:49:11', '2026-06-26 13:47:00', '2026-06-26 13:49:11');
INSERT INTO `auth_sessions` VALUES (44, 8, 'bf01b11efc8f7b10b878b318ac5f8b081ce7619d69a95e19706d87632b6c0685', '2026-06-26 17:49:15', '2026-06-26 13:53:08', '2026-06-26 13:49:15', '2026-06-26 13:53:08');
INSERT INTO `auth_sessions` VALUES (45, 9, 'c064ccc301eeadaed2ef4a9d6a87737908eeb7fd31a5951d9f41cbac57dc8ec2', '2026-06-26 17:53:15', '2026-06-26 13:53:17', '2026-06-26 13:53:15', '2026-06-26 13:53:17');
INSERT INTO `auth_sessions` VALUES (46, 8, '7bed5cf58c05835eb79c8e704c8dcb772c2eae747d73a9c1e24302de75e567fa', '2026-06-26 17:53:22', '2026-06-26 13:57:46', '2026-06-26 13:53:22', '2026-06-26 13:57:46');
INSERT INTO `auth_sessions` VALUES (47, 1, 'a5380f038e8dac1190d750b67544e77c0028ff0de9315c4fb7fffdf87b1bc27e', '2026-06-26 17:57:53', '2026-06-26 13:57:57', '2026-06-26 13:57:53', '2026-06-26 13:57:57');
INSERT INTO `auth_sessions` VALUES (48, 9, '994df218f8c6e11215eb0f34f6cd21f1d5bc1a859062d0faa86768caeb385362', '2026-06-26 17:58:03', '2026-06-26 13:58:05', '2026-06-26 13:58:03', '2026-06-26 13:58:05');
INSERT INTO `auth_sessions` VALUES (49, 1, '81b8e57baf67bf61871333aeacdebd72b6d1021089b9f576c85ad8954e069279', '2026-06-26 17:58:10', '2026-06-26 13:58:43', '2026-06-26 13:58:10', '2026-06-26 13:58:43');
INSERT INTO `auth_sessions` VALUES (50, 8, 'a59cc6114718cda26aa7bc39cac2ba7040a21456b082881f436df3fafb00fa4f', '2026-06-26 17:58:49', '2026-06-26 13:59:13', '2026-06-26 13:58:49', '2026-06-26 13:59:13');
INSERT INTO `auth_sessions` VALUES (51, 1, '96ab60a2e3d6ad8e92479ee3484d131d87657fb052dcbb49279b438c1441d8c8', '2026-06-26 17:59:20', '2026-06-26 13:59:29', '2026-06-26 13:59:20', '2026-06-26 13:59:29');
INSERT INTO `auth_sessions` VALUES (52, 25, 'bf2d1885f867e9cd6f6e00a7f4d3ccec3eb15a7b7734b15ca8338aa9dec8f0c2', '2026-06-26 17:59:32', '2026-06-26 13:59:35', '2026-06-26 13:59:32', '2026-06-26 13:59:35');
INSERT INTO `auth_sessions` VALUES (53, 1, '829608167605f115bd8ac828b04c4b16d9f277d6b806e7fea3ac0bfcd97a6aa5', '2026-06-26 17:59:44', '2026-06-26 14:03:06', '2026-06-26 13:59:44', '2026-06-26 14:03:06');
INSERT INTO `auth_sessions` VALUES (54, 8, '9e5773f555c4819173b803fba21e3b25e78b506fbbdcfae8d92ef4c86201c985', '2026-06-26 18:03:12', '2026-06-26 14:03:35', '2026-06-26 14:03:12', '2026-06-26 14:03:35');
INSERT INTO `auth_sessions` VALUES (55, 9, 'f0e4779135c1b2f4bf09c72eb5962b886f789033b44ff78b474a1357fe977d87', '2026-06-26 18:03:42', NULL, '2026-06-26 14:03:42', '2026-06-26 14:03:42');
INSERT INTO `auth_sessions` VALUES (56, 25, '0c60683f84a6490aeb0d91892716a346aa388e7c29febce9f9b8e26a7ccb3324', '2026-06-29 14:10:04', '2026-06-29 10:10:27', '2026-06-29 10:10:04', '2026-06-29 10:10:27');
INSERT INTO `auth_sessions` VALUES (57, 1, '5ce4f5c4cf247d012479d21236b1e028639e9acda459baabe10f360feab40a39', '2026-06-29 14:10:47', '2026-06-29 10:11:11', '2026-06-29 10:10:47', '2026-06-29 10:11:11');
INSERT INTO `auth_sessions` VALUES (58, 9, 'ab3445e2cef2ec76eb307e6b1d660479cb85e979290e0d02ec253e82b183e1d9', '2026-06-29 14:11:24', '2026-06-29 10:12:00', '2026-06-29 10:11:24', '2026-06-29 10:12:00');
INSERT INTO `auth_sessions` VALUES (59, 1, 'b63b1aca759c660f88726a7c3b8c0df5fc41bc21c541aa363ac108b5a9524fcb', '2026-06-29 14:12:04', '2026-06-29 10:13:16', '2026-06-29 10:12:04', '2026-06-29 10:13:16');
INSERT INTO `auth_sessions` VALUES (60, 9, '3fe13ef7de260952e22c3917a2f3f6315ae8d07fd78400571602a72fba3d6491', '2026-06-29 14:13:23', '2026-06-29 10:19:47', '2026-06-29 10:13:23', '2026-06-29 10:19:47');
INSERT INTO `auth_sessions` VALUES (61, 1, '72cb1a399b50cc21d8aba1cf25b3b6c5474b6cf985d7e3ac48c01b793ce0ea9b', '2026-06-29 14:19:52', '2026-06-29 10:25:04', '2026-06-29 10:19:52', '2026-06-29 10:25:04');
INSERT INTO `auth_sessions` VALUES (62, 25, 'd09ee43cac8b5ead04934b8073bb45e95ace06194c87e373b2e337b25f9511bd', '2026-06-29 14:25:08', '2026-06-29 10:33:10', '2026-06-29 10:25:08', '2026-06-29 10:33:10');
INSERT INTO `auth_sessions` VALUES (63, 27, '0dc17f460c365dffffeb7021b844f15653bbb50a615ddcb24f322c20c8b8477c', '2026-06-29 14:33:15', NULL, '2026-06-29 10:33:15', '2026-06-29 10:33:15');
INSERT INTO `auth_sessions` VALUES (64, 25, '43940da751522d5265e7c65548ccc029b2b26ee7eeefa3b90d69ebc71176dbd6', '2026-06-29 19:09:25', '2026-06-29 15:09:42', '2026-06-29 15:09:25', '2026-06-29 15:09:42');
INSERT INTO `auth_sessions` VALUES (65, 1, 'e7275ca0c02bc9a2a777830f4b405237456981fbe40a40ac09d4d65ecfb312fe', '2026-06-29 19:09:55', '2026-06-29 15:35:15', '2026-06-29 15:09:55', '2026-06-29 15:35:15');
INSERT INTO `auth_sessions` VALUES (66, 1, '5a6927211006cd9b8a416b11bd207d7ec0d2d87521627085c4b08418b918f691', '2026-06-29 19:35:25', '2026-06-29 15:36:54', '2026-06-29 15:35:25', '2026-06-29 15:36:54');
INSERT INTO `auth_sessions` VALUES (67, 9, '54e33136fb710cb2469383bf93cdd9a1d11fa540e79f286d64a00165a26bb926', '2026-06-29 19:37:06', '2026-06-29 15:38:48', '2026-06-29 15:37:06', '2026-06-29 15:38:48');
INSERT INTO `auth_sessions` VALUES (68, 20, '2f9f302d1049dff0f128a98b5503b8666940a2950de35b73dbfcf98d5226384f', '2026-06-29 19:38:52', '2026-06-29 15:39:02', '2026-06-29 15:38:52', '2026-06-29 15:39:02');
INSERT INTO `auth_sessions` VALUES (69, 10, 'abd43cd4f3a710873162d102f4b61e29f87452f06a73049b0bcc1483020250fe', '2026-06-29 19:39:08', '2026-06-29 15:39:33', '2026-06-29 15:39:08', '2026-06-29 15:39:33');
INSERT INTO `auth_sessions` VALUES (70, 9, '45d3687891f9f733cc3d437e81a0d81a267bd5652c18df4fe01ee7357d6a7c77', '2026-06-29 19:39:45', '2026-06-29 15:39:48', '2026-06-29 15:39:45', '2026-06-29 15:39:48');
INSERT INTO `auth_sessions` VALUES (71, 20, '2044827ae6b184b273ab45d2be33675269616691fffa1346bb8cca7c5d11365a', '2026-06-29 19:39:56', '2026-06-29 15:40:50', '2026-06-29 15:39:56', '2026-06-29 15:40:50');
INSERT INTO `auth_sessions` VALUES (72, 9, 'f5423ff4aa9f5e1115da0b7183d5233ffc0bf4cdf81bb382fc9d57a01b52bb2c', '2026-06-29 19:42:11', '2026-06-29 15:42:38', '2026-06-29 15:42:11', '2026-06-29 15:42:38');
INSERT INTO `auth_sessions` VALUES (73, 1, '4351f1ec683cfb89277fd276e4952dce82cb9aa2d6fa7127782191e417f6d2e3', '2026-06-29 19:42:44', '2026-06-29 15:43:02', '2026-06-29 15:42:44', '2026-06-29 15:43:02');
INSERT INTO `auth_sessions` VALUES (74, 9, '75a04ce11f7a1ea5713b8933994a03d7d5a68ba201f990b541027c45ea2e8beb', '2026-06-29 19:43:11', '2026-06-29 15:43:52', '2026-06-29 15:43:11', '2026-06-29 15:43:52');
INSERT INTO `auth_sessions` VALUES (75, 20, '312c56d53dce25b99743c09985af28a2403d420a888458622ce3a0fe83da9f91', '2026-06-29 19:43:59', '2026-06-29 15:46:00', '2026-06-29 15:43:59', '2026-06-29 15:46:00');
INSERT INTO `auth_sessions` VALUES (76, 1, '81c462ae19cb6e54d8e1c12cb194b70b6e39d841895092a721483c9334ed539e', '2026-06-29 19:46:07', '2026-06-29 15:46:34', '2026-06-29 15:46:07', '2026-06-29 15:46:34');
INSERT INTO `auth_sessions` VALUES (77, 25, '8ef5607a355d7fbc6c607c0e6d3ccc7bf81d1dd9e49592ec4dec97b5167ab54c', '2026-06-29 19:46:38', '2026-06-29 15:50:37', '2026-06-29 15:46:38', '2026-06-29 15:50:37');
INSERT INTO `auth_sessions` VALUES (78, 9, '990ff2ee46d6c51bbad80c6f4bca5b507b0cf78f28e6e0e7d35b549b41161ef9', '2026-06-29 19:50:42', '2026-06-29 15:50:59', '2026-06-29 15:50:42', '2026-06-29 15:50:59');
INSERT INTO `auth_sessions` VALUES (79, 20, 'eb474a7d08305f63b2acab8ed707124af36c11f2a602992999ce25a38d4f7156', '2026-06-29 19:51:03', '2026-06-29 15:52:34', '2026-06-29 15:51:03', '2026-06-29 15:52:34');
INSERT INTO `auth_sessions` VALUES (80, 1, 'ae033cb994712f327f3e4a8f07d9fde23a99b78d8311d7bc3a9f9db8f7c662ec', '2026-06-29 19:52:44', '2026-06-29 15:55:37', '2026-06-29 15:52:44', '2026-06-29 15:55:37');
INSERT INTO `auth_sessions` VALUES (81, 9, 'cad862bfcc09e6d8cda8889a4d9eb8b5073731461eedf1449117cc7719effff3', '2026-06-29 19:55:42', '2026-06-29 15:56:02', '2026-06-29 15:55:42', '2026-06-29 15:56:02');
INSERT INTO `auth_sessions` VALUES (82, 20, '91fc55a77d10d0a1ba1795c513824b8906ce36c33c5393a83eb33819590eec38', '2026-06-29 19:56:10', '2026-06-29 15:57:24', '2026-06-29 15:56:10', '2026-06-29 15:57:24');
INSERT INTO `auth_sessions` VALUES (83, 8, 'a486be18486af69fc61a0fc86317f218a57d6390151336f912cd508fd42e4013', '2026-06-29 19:57:31', '2026-06-29 15:59:50', '2026-06-29 15:57:31', '2026-06-29 15:59:50');
INSERT INTO `auth_sessions` VALUES (84, 20, '08055a9b3e03e73014b05ffff6fd5c7a4a848bd4e368aafe75e9653ccb9f5646', '2026-06-29 19:59:56', '2026-06-29 16:01:31', '2026-06-29 15:59:56', '2026-06-29 16:01:31');
INSERT INTO `auth_sessions` VALUES (85, 9, 'e6d9401f3c93523a5ed1be901bbb5fa082a940f3dc3c42f5e1c666282fd03bdd', '2026-06-29 20:01:38', '2026-06-29 16:02:09', '2026-06-29 16:01:38', '2026-06-29 16:02:09');
INSERT INTO `auth_sessions` VALUES (86, 20, 'dda4a956384215dc52690af8285bb4898d47c6c77f9c77dbff92e4e55925940d', '2026-06-29 20:02:14', '2026-06-29 16:03:05', '2026-06-29 16:02:14', '2026-06-29 16:03:05');
INSERT INTO `auth_sessions` VALUES (87, 1, '2e2ef93fcc62f75e2a9bb4ac016522773a9486b5261b3cc48844e1b7094e48fa', '2026-06-29 20:03:14', '2026-06-29 16:03:27', '2026-06-29 16:03:14', '2026-06-29 16:03:27');
INSERT INTO `auth_sessions` VALUES (88, 25, '50c814e956b3dcffcd7b23a6b154755ee7bda591ccda3d4ec913cb7a036f202c', '2026-06-29 20:03:35', '2026-06-29 16:11:41', '2026-06-29 16:03:35', '2026-06-29 16:11:41');
INSERT INTO `auth_sessions` VALUES (89, 9, 'eeebd501120613fe9c9876e967b04da1cc6a393821a2e6ffcebdc5d845a907c6', '2026-06-29 20:11:46', '2026-06-29 16:11:48', '2026-06-29 16:11:46', '2026-06-29 16:11:48');
INSERT INTO `auth_sessions` VALUES (90, 1, 'cb8939708e7d6e0b69dcabd9af3b660f6c7e32af4891ef4ccb06254b3dff6032', '2026-06-29 20:11:54', NULL, '2026-06-29 16:11:54', '2026-06-29 16:11:54');
INSERT INTO `auth_sessions` VALUES (91, 2, 'f15ca8eaaa1e8aea21c530df2cb581154d8d93e3eed577e61e868da13ba99688', '2026-06-29 21:33:06', '2026-06-29 17:33:44', '2026-06-29 17:33:06', '2026-06-29 17:33:44');
INSERT INTO `auth_sessions` VALUES (92, 3, '93785adb0a6ce685ef1374a4db9a2a1a367f2f9624a71bdab33baa0c0acec2a1', '2026-06-29 21:33:49', NULL, '2026-06-29 17:33:49', '2026-06-29 17:33:49');
INSERT INTO `auth_sessions` VALUES (93, 27, '10588a595afa4ea8c6b2de4b18d891163e89375f84e301a97aedc26090da9508', '2026-06-30 13:15:04', '2026-06-30 09:15:06', '2026-06-30 09:15:04', '2026-06-30 09:15:06');
INSERT INTO `auth_sessions` VALUES (94, 27, '65f46c0f9ce5f17b2614d3ed0959ced80c59a7b91d6b38a327b04d624bb661f2', '2026-06-30 13:15:21', '2026-06-30 09:17:54', '2026-06-30 09:15:21', '2026-06-30 09:17:54');
INSERT INTO `auth_sessions` VALUES (95, 27, '99b7464a6f8b2dc864b5b34741f6a8e7afeced6c46017ada8fe52c9ca87271a4', '2026-06-30 13:21:32', '2026-06-30 09:33:33', '2026-06-30 09:21:32', '2026-06-30 09:33:33');
INSERT INTO `auth_sessions` VALUES (96, 102, '917f08639bd0806db37f663e6437ce545cd39c0604681e0ebc56ba310c93e28f', '2026-06-30 13:33:54', '2026-06-30 09:33:58', '2026-06-30 09:33:54', '2026-06-30 09:33:58');
INSERT INTO `auth_sessions` VALUES (97, 27, '3c3b2f77f64402ca1ac3b362d44d0828c14f230010f4b5500ab1680294d21131', '2026-06-30 13:34:10', '2026-06-30 09:41:55', '2026-06-30 09:34:10', '2026-06-30 09:41:55');
INSERT INTO `auth_sessions` VALUES (98, 21, 'fe0954f6709294a234405c4fbb82810cfa27ba2ba136dde0f86cb15657279d81', '2026-06-30 13:41:58', '2026-06-30 09:42:56', '2026-06-30 09:41:58', '2026-06-30 09:42:56');
INSERT INTO `auth_sessions` VALUES (99, 27, '787271c671484f0b6451e1ff3fb29a9bda0a09d41b98615412586e5564ba9154', '2026-06-30 13:43:05', '2026-06-30 09:44:27', '2026-06-30 09:43:05', '2026-06-30 09:44:27');
INSERT INTO `auth_sessions` VALUES (100, 25, '565527cd8f27a73622d433f61952fe6ac90a821db729762c68ea66f8c0bbd8c7', '2026-06-30 13:44:30', '2026-06-30 09:47:28', '2026-06-30 09:44:30', '2026-06-30 09:47:28');
INSERT INTO `auth_sessions` VALUES (101, 27, '1b83becabefe9c94499d41a241cfb69e860af671a8ff2a7eb61336fa2078d083', '2026-06-30 13:47:36', NULL, '2026-06-30 09:47:36', '2026-06-30 09:47:36');
INSERT INTO `auth_sessions` VALUES (102, 1, '7f11c3aeef50985f5a4e991dad2d64f4e7f9f180d7e000810ef67ff767ce8de9', '2026-06-30 13:49:13', '2026-06-30 09:50:10', '2026-06-30 09:49:13', '2026-06-30 09:50:10');
INSERT INTO `auth_sessions` VALUES (103, 25, 'ddd41f05170d2ad77847d4261461e7c129089f27c1129c3a3fc1a02c933d7280', '2026-06-30 13:50:23', '2026-06-30 09:56:02', '2026-06-30 09:50:23', '2026-06-30 09:56:02');
INSERT INTO `auth_sessions` VALUES (104, 25, 'd65298d6854a3ca7c87054710ea97348efe07e99b0febfe62eadc55006694be6', '2026-06-30 13:56:08', '2026-06-30 09:56:12', '2026-06-30 09:56:08', '2026-06-30 09:56:12');
INSERT INTO `auth_sessions` VALUES (105, 25, '365e48e119baa16c5b5d60db88eafa6cc0eb5c7e21f2506c4ac8f9585ccb1e2d', '2026-06-30 13:56:23', '2026-06-30 09:56:31', '2026-06-30 09:56:23', '2026-06-30 09:56:31');
INSERT INTO `auth_sessions` VALUES (106, 25, '1d30fcc4b3cadffd080be9208f10f3f8194b77ff8f2a85a521a5aac98e7595a5', '2026-06-30 13:58:55', '2026-06-30 10:23:12', '2026-06-30 09:58:55', '2026-06-30 10:23:12');
INSERT INTO `auth_sessions` VALUES (107, 8, '17d2c8437a4b84216bf236ea42e042d54b4bf10edcd49dd55bc9e554fcc98abf', '2026-06-30 14:23:42', '2026-06-30 10:48:25', '2026-06-30 10:23:42', '2026-06-30 10:48:25');
INSERT INTO `auth_sessions` VALUES (159, 2, 'ff91111295e04973e7f860733c0f7a540cfd4f73ef9576e0cfff0a936f6cfc6e', '2026-06-30 14:48:38', '2026-06-30 10:48:48', '2026-06-30 10:48:38', '2026-06-30 10:48:48');
INSERT INTO `auth_sessions` VALUES (160, 8, '1fdbf4a95b7cd07ad61996a0080473e2cdf78eff82c03fab8788629e18a7813f', '2026-06-30 14:49:40', '2026-06-30 11:08:14', '2026-06-30 10:49:40', '2026-06-30 11:08:14');
INSERT INTO `auth_sessions` VALUES (178, 1, '3b339d5184cfdc979090cd1dfd90437930bea27c753f9baee3cfa080056c5e03', '2026-06-30 15:08:29', '2026-06-30 11:10:19', '2026-06-30 11:08:29', '2026-06-30 11:10:19');
INSERT INTO `auth_sessions` VALUES (179, 8, '2caf0c91c1e9f8718cbb0354388ed8557ae727e6d070a86dbf48496fdceb0c10', '2026-06-30 15:10:22', '2026-06-30 11:11:23', '2026-06-30 11:10:22', '2026-06-30 11:11:23');
INSERT INTO `auth_sessions` VALUES (180, 1, '2a988067fdcd4543bdc63e437aabb5128ef17582bbf76eebf6a63bcb3426ded4', '2026-06-30 15:11:26', NULL, '2026-06-30 11:11:26', '2026-06-30 11:11:26');
INSERT INTO `auth_sessions` VALUES (181, 1, '3a6a7f5daee16728bb1c4839ca7af51ed4357d7e78cac7cf57b9d6a1e8b0b566', '2026-06-30 15:21:29', '2026-06-30 11:22:28', '2026-06-30 11:21:29', '2026-06-30 11:22:28');
INSERT INTO `auth_sessions` VALUES (182, 8, '28399efec4d9eea7e9b3846de7735a4a709d5b31f038dec4217f7f0b00c8d047', '2026-06-30 15:22:32', '2026-06-30 13:42:30', '2026-06-30 11:22:32', '2026-06-30 13:42:30');
INSERT INTO `auth_sessions` VALUES (217, 8, 'a0484ea3fd59b6b2094f0feca1b820026fdd38388ff943f745e944af3fc457d9', '2026-06-30 16:33:28', NULL, '2026-06-30 12:33:28', '2026-06-30 12:33:28');
INSERT INTO `auth_sessions` VALUES (241, 1, '219865d990c3c88415370fbae9496e5751ba8220f726801859114b021f3b9ca6', '2026-06-30 17:42:33', '2026-06-30 13:44:28', '2026-06-30 13:42:33', '2026-06-30 13:44:28');
INSERT INTO `auth_sessions` VALUES (242, 8, 'e977a3095f265f3592b1887d1036e2790f5631122e35976f577e6f0637807f1c', '2026-06-30 17:44:32', '2026-06-30 13:57:09', '2026-06-30 13:44:32', '2026-06-30 13:57:09');
INSERT INTO `auth_sessions` VALUES (243, 20, 'd0741293e147f6abb80ba01e1a3b2c4a0424c85b973eadefcb0a5575cf54161d', '2026-06-30 17:57:13', '2026-06-30 13:57:40', '2026-06-30 13:57:13', '2026-06-30 13:57:40');
INSERT INTO `auth_sessions` VALUES (244, 25, '3d37a1c58388b635b232115f34b2a84edff2965333c64d7fc1b70f79cd336166', '2026-06-30 17:57:44', '2026-06-30 13:58:05', '2026-06-30 13:57:44', '2026-06-30 13:58:05');
INSERT INTO `auth_sessions` VALUES (245, 8, 'b6f8c9b037425bfa7c4bae00cb8bfb0c1e47c1c93d1145ebe5e7fb07fcd46c19', '2026-06-30 17:58:08', '2026-06-30 13:59:24', '2026-06-30 13:58:08', '2026-06-30 13:59:24');
INSERT INTO `auth_sessions` VALUES (246, 1, 'a73e62f3117e4d6f7e3c221dcd1c6e61620bf90591c7e4bfe78e1451b8808aaa', '2026-06-30 17:59:27', '2026-06-30 13:59:44', '2026-06-30 13:59:27', '2026-06-30 13:59:44');
INSERT INTO `auth_sessions` VALUES (247, 20, '6411fa1e27b3860609b5bea51a44ddf86c6bf41da17660c4893d33971f281b43', '2026-06-30 17:59:47', '2026-06-30 14:00:09', '2026-06-30 13:59:47', '2026-06-30 14:00:09');
INSERT INTO `auth_sessions` VALUES (248, 25, 'c41cd004390616abe7c88087b853f70002150204313dbd55254f2362ca0cb5eb', '2026-06-30 18:00:12', '2026-06-30 14:00:37', '2026-06-30 14:00:12', '2026-06-30 14:00:37');
INSERT INTO `auth_sessions` VALUES (249, 8, '5b4b76cdc52222b32a6a2df68f7448c0a02d989733b8008b3031494a00dc2674', '2026-06-30 18:00:40', '2026-06-30 14:01:00', '2026-06-30 14:00:40', '2026-06-30 14:01:00');
INSERT INTO `auth_sessions` VALUES (250, 1, '214b0e6b4d112b863fcfcc2942ece6f88f5853c95b301203310721e52f7de986', '2026-06-30 18:01:03', '2026-06-30 14:01:10', '2026-06-30 14:01:03', '2026-06-30 14:01:10');
INSERT INTO `auth_sessions` VALUES (251, 20, '6bb8c6bc5531412e94b43fe78d29d89b9463f2077b95ca974873e4e0a3b75510', '2026-06-30 18:01:12', '2026-06-30 14:01:15', '2026-06-30 14:01:12', '2026-06-30 14:01:15');
INSERT INTO `auth_sessions` VALUES (252, 25, '63be5a64d4b433bc5885725d34e0f5f90003176773eaa524a1638503d95851ba', '2026-06-30 18:01:18', '2026-06-30 14:03:25', '2026-06-30 14:01:18', '2026-06-30 14:03:25');
INSERT INTO `auth_sessions` VALUES (253, 8, '53c82ada6a28843e85cdda50591a945ba19c6dca21b74c080f77cf6c4c842ef7', '2026-06-30 18:03:30', '2026-06-30 14:03:47', '2026-06-30 14:03:30', '2026-06-30 14:03:47');
INSERT INTO `auth_sessions` VALUES (254, 25, '94af43ce90ea4d4ae63c057c88e132769e989f513f99b47b9012ebdb171ee99b', '2026-06-30 18:03:49', '2026-06-30 14:04:15', '2026-06-30 14:03:49', '2026-06-30 14:04:15');
INSERT INTO `auth_sessions` VALUES (255, 20, '0f93693f9854aba4cb006bc1868105c13bcbb5a76baaedeb4d0aa995aabe8fc5', '2026-06-30 18:04:19', '2026-06-30 14:05:51', '2026-06-30 14:04:19', '2026-06-30 14:05:51');
INSERT INTO `auth_sessions` VALUES (256, 25, 'bbed87a6aaf9d15c4ead39b31cb13aa7f91d3a497df1678941f4d374596f45ba', '2026-06-30 18:05:53', '2026-06-30 14:17:57', '2026-06-30 14:05:53', '2026-06-30 14:17:57');
INSERT INTO `auth_sessions` VALUES (257, 2, '83fd726af06820e235138552ef2f8b01c5577e29ad0ededdb1d3697732b9e914', '2026-06-30 18:18:03', '2026-06-30 14:19:24', '2026-06-30 14:18:03', '2026-06-30 14:19:24');
INSERT INTO `auth_sessions` VALUES (258, 1, 'f6ea1d02a47e1988e439c978d05c1f7e45cae9bde03d666c209db71ae3979065', '2026-06-30 18:19:26', '2026-06-30 14:23:19', '2026-06-30 14:19:26', '2026-06-30 14:23:19');
INSERT INTO `auth_sessions` VALUES (259, 2, '21a47fc05e953b24393fd4f7e489aa1f8592604003a6d027f569d5f3160b381d', '2026-06-30 18:23:22', '2026-06-30 14:23:29', '2026-06-30 14:23:22', '2026-06-30 14:23:29');
INSERT INTO `auth_sessions` VALUES (260, 1, 'a8121bda58388488dac22143d94b1baebaf0354b9ed1eefc64f106b9cf42bf61', '2026-06-30 18:23:33', '2026-06-30 14:24:02', '2026-06-30 14:23:33', '2026-06-30 14:24:02');
INSERT INTO `auth_sessions` VALUES (261, 2, 'a3757f086b06909baecb2714a2d20adfe790631f6925dc8d1b4bca1b76b33c15', '2026-06-30 18:24:05', '2026-06-30 14:24:35', '2026-06-30 14:24:05', '2026-06-30 14:24:35');
INSERT INTO `auth_sessions` VALUES (262, 1, '552d52fdbb4ab65104345924220382d267c54f2d4a48db9f4ceb1d88a7e7fd2c', '2026-06-30 18:24:37', '2026-06-30 14:26:55', '2026-06-30 14:24:37', '2026-06-30 14:26:55');
INSERT INTO `auth_sessions` VALUES (263, 3, '9081ba45d6dd018f56c1f5ec9887b9c38e4b40918ee329e1445e0607b4a2efd9', '2026-06-30 18:27:00', '2026-06-30 14:27:24', '2026-06-30 14:27:00', '2026-06-30 14:27:24');
INSERT INTO `auth_sessions` VALUES (264, 1, '43cd52c844dd053cdf83c4c37808f710641a7a0ad5ef5869b4a97549b6e2b56e', '2026-06-30 18:27:26', '2026-06-30 14:27:56', '2026-06-30 14:27:26', '2026-06-30 14:27:56');
INSERT INTO `auth_sessions` VALUES (265, 3, '831aa9cef3d6e998dd7bc5bbfd97bc97c9130e49aa189cf7318e9c8eaae8a26b', '2026-06-30 18:28:00', '2026-06-30 14:28:15', '2026-06-30 14:28:00', '2026-06-30 14:28:15');
INSERT INTO `auth_sessions` VALUES (266, 2, 'a0642e33603c0e59e4980e762dd6b09ff1b40f56b80fe16a0cec1d0aa19bfcfc', '2026-06-30 18:28:20', '2026-06-30 14:28:37', '2026-06-30 14:28:20', '2026-06-30 14:28:37');
INSERT INTO `auth_sessions` VALUES (267, 1, '215fd2d234d6ed407c32e391b908d935f27257bec9df2293b35f2161ba772401', '2026-06-30 18:28:40', '2026-06-30 14:30:01', '2026-06-30 14:28:40', '2026-06-30 14:30:01');
INSERT INTO `auth_sessions` VALUES (268, 2, '73718940149c50c6e411364f3635a7adb3d101b79bedf7c25cd408572b13262b', '2026-06-30 18:30:05', '2026-06-30 14:30:29', '2026-06-30 14:30:05', '2026-06-30 14:30:29');
INSERT INTO `auth_sessions` VALUES (269, 8, '95e156b4d1bcb3e29841cb3c2983595489e03b52f9522edeaf52e329f0a0f16b', '2026-06-30 18:30:32', '2026-06-30 14:31:05', '2026-06-30 14:30:32', '2026-06-30 14:31:05');
INSERT INTO `auth_sessions` VALUES (270, 11, 'ee45dcbb57c172ec463b8b751fb51f193f5b2f4b74e936515c445f3006d0744f', '2026-06-30 18:31:09', '2026-06-30 14:31:25', '2026-06-30 14:31:09', '2026-06-30 14:31:25');
INSERT INTO `auth_sessions` VALUES (271, 2, '3c4ff895471c256ebb91f1ebbad5127ff792bf09ec9422803e3ba4bbfb54508d', '2026-06-30 18:31:28', '2026-06-30 14:31:41', '2026-06-30 14:31:28', '2026-06-30 14:31:41');
INSERT INTO `auth_sessions` VALUES (272, 1, '4b60123942c36ccc8739e84756a5e6c39ba2cb40aab342ac9c530b8c01e074c2', '2026-06-30 18:31:45', '2026-06-30 14:36:31', '2026-06-30 14:31:45', '2026-06-30 14:36:31');
INSERT INTO `auth_sessions` VALUES (273, 1, '1435bfdca34c5f8e8edb9daf862f5c2a7e999f759eb8d900c4ace2dd4838c6c3', '2026-06-30 18:36:58', '2026-06-30 14:41:36', '2026-06-30 14:36:58', '2026-06-30 14:41:36');
INSERT INTO `auth_sessions` VALUES (274, 9, 'f42422f31f569b94be2448593864de2e61d77cf4ed8c107493ef14c3c5cb4bfc', '2026-06-30 18:41:45', '2026-06-30 14:56:21', '2026-06-30 14:41:45', '2026-06-30 14:56:21');
INSERT INTO `auth_sessions` VALUES (275, 20, '4b5cbf526653d3e44ad5e8bc28d288231f0d6a24caa2911b80ce3388b844e15a', '2026-06-30 18:56:24', '2026-06-30 14:58:50', '2026-06-30 14:56:24', '2026-06-30 14:58:50');
INSERT INTO `auth_sessions` VALUES (276, 25, 'da6a39d7940c097db4176ffd9766af61a0d7d59621859b2252efe79c86d2c595', '2026-06-30 18:58:54', '2026-06-30 14:59:32', '2026-06-30 14:58:54', '2026-06-30 14:59:32');
INSERT INTO `auth_sessions` VALUES (277, 20, '6eda0b2eaae855db96359cced2b8ada61d7d8ac5efcbac939e35ec965b168efa', '2026-06-30 18:59:35', '2026-06-30 15:01:40', '2026-06-30 14:59:35', '2026-06-30 15:01:40');
INSERT INTO `auth_sessions` VALUES (278, 1, '90d220967a0d82fb2f60ae9ec686f0e194d50aa1d6c6623b5e528eb4aeec1008', '2026-06-30 19:01:43', '2026-06-30 15:02:26', '2026-06-30 15:01:43', '2026-06-30 15:02:26');
INSERT INTO `auth_sessions` VALUES (279, 20, '977681ca384b7c4448828707a89cae4ab322d0d34ef4534a659c363d82c25a14', '2026-06-30 19:02:29', '2026-06-30 15:04:51', '2026-06-30 15:02:29', '2026-06-30 15:04:51');
INSERT INTO `auth_sessions` VALUES (280, 1, '63e420b16389b5d7e0eab376b07ecd388de38c73f6ea5ee6c4fd097e3081039c', '2026-06-30 19:04:54', '2026-06-30 15:11:09', '2026-06-30 15:04:54', '2026-06-30 15:11:09');
INSERT INTO `auth_sessions` VALUES (281, 1, '5baf9c5468054c18ad18b4c9e8342f479aa91b7c40e061bd697d4e93e8ce93bd', '2026-06-30 19:11:11', '2026-06-30 15:45:16', '2026-06-30 15:11:11', '2026-06-30 15:45:16');
INSERT INTO `auth_sessions` VALUES (282, 2, 'd2a69e4215128157947421fce9dd9472d0d48c44e408d5d28a738e5d5054f5c5', '2026-06-30 19:45:18', '2026-06-30 15:45:29', '2026-06-30 15:45:18', '2026-06-30 15:45:29');
INSERT INTO `auth_sessions` VALUES (283, 8, '74f1b45fe8647cac59811c0dbe1617985dcdfe5398cc5e73caacbe06706f3844', '2026-06-30 19:45:36', NULL, '2026-06-30 15:45:36', '2026-06-30 15:45:36');
INSERT INTO `auth_sessions` VALUES (284, 8, '2f268052c6d306e0ee07319ff62b2260ff6f7651585ad16331a6f66a002eff0f', '2026-06-30 20:22:41', '2026-06-30 16:22:43', '2026-06-30 16:22:41', '2026-06-30 16:22:43');
INSERT INTO `auth_sessions` VALUES (285, 1, 'ab5c502ec65c652baaad44730018ad4c849263a0a2b9f5a05db2043d57df3a87', '2026-06-30 20:22:50', '2026-06-30 16:32:08', '2026-06-30 16:22:50', '2026-06-30 16:32:08');
INSERT INTO `auth_sessions` VALUES (286, 2, 'a9ffefd146d31d25701e93ff2d02aa293f89bdada489f998d828f0d5f943f2db', '2026-06-30 20:32:11', '2026-06-30 17:22:05', '2026-06-30 16:32:11', '2026-06-30 17:22:05');
INSERT INTO `auth_sessions` VALUES (305, 8, '14ab03bdfc604d0374be7fc3cb1cf3b8dc04692a1a8213d0e8f6fe8db7b185c1', '2026-06-30 21:22:08', '2026-06-30 18:35:32', '2026-06-30 17:22:08', '2026-06-30 18:35:32');
INSERT INTO `auth_sessions` VALUES (309, 9, '838554a0964553a054a9f0ef691c677a98bab89f6431909b9a473dac1920eeb9', '2026-06-30 22:35:42', '2026-06-30 18:37:26', '2026-06-30 18:35:42', '2026-06-30 18:37:26');
INSERT INTO `auth_sessions` VALUES (310, 8, 'a9e57cef219f54155a3e4aae5b3c78a5bbfec456b4046d7525faa5217af3f253', '2026-06-30 22:37:32', NULL, '2026-06-30 18:37:32', '2026-06-30 18:37:32');

-- ----------------------------
-- Table structure for business_operation_logs
-- ----------------------------
DROP TABLE IF EXISTS `business_operation_logs`;
CREATE TABLE `business_operation_logs`  (
  `id` bigint UNSIGNED NOT NULL AUTO_INCREMENT,
  `project_id` bigint UNSIGNED NOT NULL,
  `actor_user_id` bigint UNSIGNED NOT NULL,
  `action_type` varchar(64) CHARACTER SET utf8mb4 COLLATE utf8mb4_unicode_ci NOT NULL,
  `target_type` varchar(64) CHARACTER SET utf8mb4 COLLATE utf8mb4_unicode_ci NOT NULL,
  `target_id` bigint UNSIGNED NULL DEFAULT NULL,
  `summary` varchar(500) CHARACTER SET utf8mb4 COLLATE utf8mb4_unicode_ci NOT NULL,
  `details_json` json NULL,
  `created_at` timestamp NOT NULL DEFAULT CURRENT_TIMESTAMP,
  PRIMARY KEY (`id`) USING BTREE,
  INDEX `idx_business_operation_logs_project_created`(`project_id` ASC, `created_at` DESC, `id` DESC) USING BTREE,
  INDEX `idx_business_operation_logs_actor_user`(`actor_user_id` ASC) USING BTREE,
  CONSTRAINT `fk_business_operation_logs_actor_user` FOREIGN KEY (`actor_user_id`) REFERENCES `users` (`id`) ON DELETE RESTRICT ON UPDATE RESTRICT,
  CONSTRAINT `fk_business_operation_logs_project` FOREIGN KEY (`project_id`) REFERENCES `projects` (`id`) ON DELETE CASCADE ON UPDATE RESTRICT
) ENGINE = InnoDB AUTO_INCREMENT = 2773 CHARACTER SET = utf8mb4 COLLATE = utf8mb4_unicode_ci ROW_FORMAT = DYNAMIC;

-- ----------------------------
-- Records of business_operation_logs
-- ----------------------------
INSERT INTO `business_operation_logs` VALUES (1, 1, 1, 'project.created', 'project', 1, '创建项目：TEST', '{\"projectId\": 1, \"projectCode\": \"KRF20260625\", \"projectName\": \"TEST\"}', '2026-06-25 15:15:33');
INSERT INTO `business_operation_logs` VALUES (75, 14, 1, 'project.created', 'project', 14, '创建项目：水塔空压机自动化', '{\"projectId\": 14, \"projectCode\": null, \"projectName\": \"水塔空压机自动化\"}', '2026-06-26 11:25:23');
INSERT INTO `business_operation_logs` VALUES (76, 15, 1, 'project.created', 'project', 15, '创建项目：TEST0626', '{\"projectId\": 15, \"projectCode\": null, \"projectName\": \"TEST0626\"}', '2026-06-26 11:29:44');
INSERT INTO `business_operation_logs` VALUES (77, 15, 9, 'document.responsible_changed', 'stage_document', 961, '手工分配资料责任人：项目需求表', '{\"documentId\": 961, \"documentCode\": \"1.1\", \"documentName\": \"项目需求表\", \"toResponsibleUserId\": 20, \"fromResponsibleUserId\": null}', '2026-06-26 11:37:03');
INSERT INTO `business_operation_logs` VALUES (78, 15, 20, 'document.attachment_uploaded', 'stage_document', 961, '上传资料附件：项目需求表 / 新旧扳手协议转换模块资料摘要.md', '{\"fileSize\": 11989, \"documentId\": 961, \"attachmentId\": 6, \"documentCode\": \"1.1\", \"documentName\": \"项目需求表\", \"originalFileName\": \"新旧扳手协议转换模块资料摘要.md\"}', '2026-06-26 11:53:26');
INSERT INTO `business_operation_logs` VALUES (79, 15, 20, 'document.submitted', 'stage_document', 961, '提交资料：项目需求表', '{\"toStatus\": \"submitted\", \"documentId\": 961, \"fromStatus\": \"not_submitted\", \"documentCode\": \"1.1\", \"documentName\": \"项目需求表\", \"completionMode\": \"submit_only\"}', '2026-06-26 11:53:29');
INSERT INTO `business_operation_logs` VALUES (80, 15, 9, 'document.responsible_changed', 'stage_document', 962, '手工分配资料责任人：项目立项审批表', '{\"documentId\": 962, \"documentCode\": \"1.2\", \"documentName\": \"项目立项审批表\", \"toResponsibleUserId\": 20, \"fromResponsibleUserId\": null}', '2026-06-26 11:56:31');
INSERT INTO `business_operation_logs` VALUES (81, 15, 20, 'document.attachment_uploaded', 'stage_document', 962, '上传资料附件：项目立项审批表 / 项目参数台账.md', '{\"fileSize\": 13434, \"documentId\": 962, \"attachmentId\": 7, \"documentCode\": \"1.2\", \"documentName\": \"项目立项审批表\", \"originalFileName\": \"项目参数台账.md\"}', '2026-06-26 11:57:49');
INSERT INTO `business_operation_logs` VALUES (82, 15, 20, 'document.submitted', 'stage_document', 962, '提交资料审核：项目立项审批表', '{\"toStatus\": \"submitted\", \"documentId\": 962, \"fromStatus\": \"not_submitted\", \"documentCode\": \"1.2\", \"documentName\": \"项目立项审批表\", \"completionMode\": \"approval_required\"}', '2026-06-26 11:57:54');
INSERT INTO `business_operation_logs` VALUES (83, 15, 20, 'document.confirmed', 'stage_document', 962, '资料审核通过：项目立项审批表', '{\"toStatus\": \"confirmed\", \"documentId\": 962, \"fromStatus\": \"submitted\", \"documentCode\": \"1.2\", \"documentName\": \"项目立项审批表\"}', '2026-06-26 13:34:11');
INSERT INTO `business_operation_logs` VALUES (84, 15, 20, 'document.responsible_changed', 'stage_document', 963, '手工分配资料责任人：项目立项通知', '{\"documentId\": 963, \"documentCode\": \"1.3\", \"documentName\": \"项目立项通知\", \"toResponsibleUserId\": 20, \"fromResponsibleUserId\": null}', '2026-06-26 13:40:18');
INSERT INTO `business_operation_logs` VALUES (85, 15, 20, 'document.attachment_uploaded', 'stage_document', 963, '上传资料附件：项目立项通知 / 旧扳手BLE模拟测试记录.md', '{\"fileSize\": 8130, \"documentId\": 963, \"attachmentId\": 8, \"documentCode\": \"1.3\", \"documentName\": \"项目立项通知\", \"originalFileName\": \"旧扳手BLE模拟测试记录.md\"}', '2026-06-26 13:40:28');
INSERT INTO `business_operation_logs` VALUES (86, 15, 20, 'document.submitted', 'stage_document', 963, '提交资料：项目立项通知', '{\"toStatus\": \"submitted\", \"documentId\": 963, \"fromStatus\": \"not_submitted\", \"documentCode\": \"1.3\", \"documentName\": \"项目立项通知\", \"completionMode\": \"submit_only\"}', '2026-06-26 13:40:33');
INSERT INTO `business_operation_logs` VALUES (87, 15, 23, 'stage.advanced', 'stage', 113, '手工推进阶段：立项阶段 -> 方案设计阶段', '{\"toStageKey\": \"solution\", \"toStageName\": \"方案设计阶段\", \"fromStageKey\": \"initiation\", \"fromStageName\": \"立项阶段\", \"completenessSummary\": {\"requiredTotal\": 3, \"completionPercent\": 100, \"completedRequiredCount\": 3, \"confirmedRequiredCount\": 3, \"incompleteRequiredCount\": 0, \"incompleteRequiredDocuments\": []}}', '2026-06-26 13:44:58');
INSERT INTO `business_operation_logs` VALUES (88, 15, 9, 'project.code_updated', 'project', 15, '更新项目编号：KRF202606', '{\"toProjectCode\": \"KRF202606\", \"fromProjectCode\": null}', '2026-06-26 13:47:20');
INSERT INTO `business_operation_logs` VALUES (89, 15, 9, 'document.responsible_changed', 'stage_document', 965, '手工分配资料责任人：项目方案分析表', '{\"documentId\": 965, \"documentCode\": \"2.2\", \"documentName\": \"项目方案分析表\", \"toResponsibleUserId\": 8, \"fromResponsibleUserId\": null}', '2026-06-26 13:49:06');
INSERT INTO `business_operation_logs` VALUES (90, 15, 8, 'document.attachment_uploaded', 'stage_document', 965, '上传资料附件：项目方案分析表 / 测试日志与修改记录.md', '{\"fileSize\": 17409, \"documentId\": 965, \"attachmentId\": 9, \"documentCode\": \"2.2\", \"documentName\": \"项目方案分析表\", \"originalFileName\": \"测试日志与修改记录.md\"}', '2026-06-26 13:57:39');
INSERT INTO `business_operation_logs` VALUES (91, 15, 8, 'document.submitted', 'stage_document', 965, '提交资料审核：项目方案分析表', '{\"toStatus\": \"submitted\", \"documentId\": 965, \"fromStatus\": \"not_submitted\", \"documentCode\": \"2.2\", \"documentName\": \"项目方案分析表\", \"completionMode\": \"approval_required\"}', '2026-06-26 13:57:40');
INSERT INTO `business_operation_logs` VALUES (92, 15, 1, 'document.returned', 'stage_document', 965, '退回资料审核：项目方案分析表', '{\"toStatus\": \"returned\", \"documentId\": 965, \"fromStatus\": \"submitted\", \"documentCode\": \"2.2\", \"documentName\": \"项目方案分析表\", \"returnReason\": \"不够完善\"}', '2026-06-26 13:58:39');
INSERT INTO `business_operation_logs` VALUES (93, 15, 8, 'document.attachment_deleted', 'stage_document', 965, '删除资料附件：项目方案分析表 / 测试日志与修改记录.md', '{\"fileSize\": 17409, \"documentId\": 965, \"attachmentId\": 9, \"documentCode\": \"2.2\", \"documentName\": \"项目方案分析表\", \"originalFileName\": \"测试日志与修改记录.md\"}', '2026-06-26 13:59:03');
INSERT INTO `business_operation_logs` VALUES (94, 15, 8, 'document.attachment_uploaded', 'stage_document', 965, '上传资料附件：项目方案分析表 / 旧扳手BLE模拟测试记录.md', '{\"fileSize\": 8130, \"documentId\": 965, \"attachmentId\": 10, \"documentCode\": \"2.2\", \"documentName\": \"项目方案分析表\", \"originalFileName\": \"旧扳手BLE模拟测试记录.md\"}', '2026-06-26 13:59:08');
INSERT INTO `business_operation_logs` VALUES (95, 15, 8, 'document.submitted', 'stage_document', 965, '提交资料审核：项目方案分析表', '{\"toStatus\": \"submitted\", \"documentId\": 965, \"fromStatus\": \"returned\", \"documentCode\": \"2.2\", \"documentName\": \"项目方案分析表\", \"completionMode\": \"approval_required\"}', '2026-06-26 13:59:11');
INSERT INTO `business_operation_logs` VALUES (96, 15, 1, 'document.confirmed', 'stage_document', 965, '资料审核通过：项目方案分析表', '{\"toStatus\": \"confirmed\", \"documentId\": 965, \"fromStatus\": \"submitted\", \"documentCode\": \"2.2\", \"documentName\": \"项目方案分析表\"}', '2026-06-26 13:59:58');
INSERT INTO `business_operation_logs` VALUES (1191, 15, 1, 'document.responsible_changed', 'stage_document', 961, '手工分配资料责任人：项目需求表', '{\"documentId\": 961, \"documentCode\": \"1.1\", \"documentName\": \"项目需求表\", \"toResponsibleUserId\": 11, \"fromResponsibleUserId\": 20}', '2026-06-29 10:12:18');
INSERT INTO `business_operation_logs` VALUES (1192, 15, 9, 'document.responsible_changed', 'stage_document', 961, '手工分配资料责任人：项目需求表', '{\"documentId\": 961, \"documentCode\": \"1.1\", \"documentName\": \"项目需求表\", \"toResponsibleUserId\": 20, \"fromResponsibleUserId\": 11}', '2026-06-29 10:13:37');
INSERT INTO `business_operation_logs` VALUES (1895, 190, 1, 'project.created', 'project', 190, '创建项目：test2', '{\"projectId\": 190, \"projectCode\": null, \"projectName\": \"test2\"}', '2026-06-29 15:35:54');
INSERT INTO `business_operation_logs` VALUES (1896, 190, 1, 'document.responsible_changed', 'stage_document', 12161, '手工分配资料责任人：项目需求表', '{\"documentId\": 12161, \"documentCode\": \"1.1\", \"documentName\": \"项目需求表\", \"toResponsibleUserId\": 10, \"fromResponsibleUserId\": null}', '2026-06-29 15:36:41');
INSERT INTO `business_operation_logs` VALUES (1897, 190, 9, 'document.responsible_changed', 'stage_document', 12162, '手工分配资料责任人：项目立项审批表', '{\"documentId\": 12162, \"documentCode\": \"1.2\", \"documentName\": \"项目立项审批表\", \"toResponsibleUserId\": 20, \"fromResponsibleUserId\": null}', '2026-06-29 15:37:23');
INSERT INTO `business_operation_logs` VALUES (1898, 190, 9, 'document.responsible_changed', 'stage_document', 12163, '手工分配资料责任人：项目立项通知', '{\"documentId\": 12163, \"documentCode\": \"1.3\", \"documentName\": \"项目立项通知\", \"toResponsibleUserId\": 20, \"fromResponsibleUserId\": null}', '2026-06-29 15:37:44');
INSERT INTO `business_operation_logs` VALUES (1899, 190, 10, 'document.attachment_uploaded', 'stage_document', 12161, '上传资料附件：项目需求表 / 新旧扳手协议转换模块资料摘要.md', '{\"fileSize\": 11989, \"documentId\": 12161, \"attachmentId\": 74, \"documentCode\": \"1.1\", \"documentName\": \"项目需求表\", \"originalFileName\": \"新旧扳手协议转换模块资料摘要.md\"}', '2026-06-29 15:39:24');
INSERT INTO `business_operation_logs` VALUES (1900, 190, 10, 'document.submitted', 'stage_document', 12161, '提交资料：项目需求表', '{\"toStatus\": \"submitted\", \"documentId\": 12161, \"fromStatus\": \"not_submitted\", \"documentCode\": \"1.1\", \"documentName\": \"项目需求表\", \"completionMode\": \"submit_only\"}', '2026-06-29 15:39:25');
INSERT INTO `business_operation_logs` VALUES (1901, 190, 20, 'document.attachment_uploaded', 'stage_document', 12162, '上传资料附件：项目立项审批表 / 项目参数台账.md', '{\"fileSize\": 13434, \"documentId\": 12162, \"attachmentId\": 75, \"documentCode\": \"1.2\", \"documentName\": \"项目立项审批表\", \"originalFileName\": \"项目参数台账.md\"}', '2026-06-29 15:44:11');
INSERT INTO `business_operation_logs` VALUES (1902, 190, 20, 'initiation_review.submitted', 'initiation_review', 12162, '提交资料并启动 1.2 多节点审批：项目立项审批表', '{\"projectId\": 190, \"operatedAt\": \"2026-06-29T07:44:17.821Z\", \"actorUserId\": 20, \"documentCode\": \"1.2\", \"documentName\": \"项目立项审批表\", \"toStatusByKey\": {\"general_review\": \"waiting_prerequisite\", \"business_review\": \"pending\", \"technical_review\": \"pending\"}, \"fromStatusByKey\": {\"general_review\": \"waiting_prerequisite\", \"business_review\": \"waiting_document_submission\", \"technical_review\": \"waiting_document_submission\"}, \"stageDocumentId\": 12162}', '2026-06-29 15:44:17');
INSERT INTO `business_operation_logs` VALUES (1903, 190, 20, 'document.submitted', 'stage_document', 12162, '提交资料审核：项目立项审批表', '{\"toStatus\": \"submitted\", \"documentId\": 12162, \"fromStatus\": \"not_submitted\", \"documentCode\": \"1.2\", \"documentName\": \"项目立项审批表\", \"completionMode\": \"approval_required\"}', '2026-06-29 15:44:17');
INSERT INTO `business_operation_logs` VALUES (1904, 190, 20, 'initiation_review.business_approved', 'initiation_review', 1390, '1.2 商务评价审批通过：项目立项审批表', '{\"comment\": \"无异议\", \"nodeKey\": \"business_review\", \"nodeName\": \"商务评价审批\", \"toStatus\": \"approved\", \"projectId\": 190, \"fromStatus\": \"pending\", \"operatedAt\": \"2026-06-29T07:45:39.403Z\", \"actorUserId\": 20, \"documentCode\": \"1.2\", \"documentName\": \"项目立项审批表\", \"returnReason\": null, \"stageDocumentId\": 12162}', '2026-06-29 15:45:39');
INSERT INTO `business_operation_logs` VALUES (1905, 190, 1, 'initiation_review.technical_approved', 'initiation_review', 1391, '1.2 技术评价审批通过：项目立项审批表', '{\"comment\": \"无异议\", \"nodeKey\": \"technical_review\", \"nodeName\": \"技术评价审批\", \"toStatus\": \"approved\", \"projectId\": 190, \"fromStatus\": \"pending\", \"operatedAt\": \"2026-06-29T07:46:26.840Z\", \"actorUserId\": 1, \"documentCode\": \"1.2\", \"documentName\": \"项目立项审批表\", \"returnReason\": null, \"stageDocumentId\": 12162}', '2026-06-29 15:46:26');
INSERT INTO `business_operation_logs` VALUES (1906, 190, 1, 'initiation_review.general_activated', 'initiation_review', 1392, '1.2 总经理审批待办已生成：项目立项审批表', '{\"projectId\": 190, \"operatedAt\": \"2026-06-29T07:46:26.842Z\", \"actorUserId\": 1, \"documentCode\": \"1.2\", \"documentName\": \"项目立项审批表\", \"activatedNode\": {\"nodeKey\": \"general_review\", \"toStatus\": \"pending\", \"fromStatus\": \"waiting_prerequisite\"}, \"stageDocumentId\": 12162}', '2026-06-29 15:46:26');
INSERT INTO `business_operation_logs` VALUES (1907, 190, 25, 'initiation_review.general_approved', 'initiation_review', 1392, '1.2 总经理审批通过：项目立项审批表', '{\"comment\": \"无异议\", \"nodeKey\": \"general_review\", \"nodeName\": \"总经理审批\", \"toStatus\": \"approved\", \"projectId\": 190, \"fromStatus\": \"pending\", \"operatedAt\": \"2026-06-29T07:47:51.492Z\", \"actorUserId\": 25, \"documentCode\": \"1.2\", \"documentName\": \"项目立项审批表\", \"returnReason\": null, \"stageDocumentId\": 12162}', '2026-06-29 15:47:51');
INSERT INTO `business_operation_logs` VALUES (1908, 190, 25, 'initiation_review.completed', 'initiation_review', 12162, '1.2 多节点审批最终完成：项目立项审批表', '{\"projectId\": 190, \"completedAt\": \"2026-06-29T07:47:51.493Z\", \"documentCode\": \"1.2\", \"documentName\": \"项目立项审批表\", \"nodeStatusByKey\": {\"general_review\": \"approved\", \"business_review\": \"approved\", \"technical_review\": \"approved\"}, \"stageDocumentId\": 12162, \"completedByUserId\": 25}', '2026-06-29 15:47:51');
INSERT INTO `business_operation_logs` VALUES (1909, 190, 20, 'document.attachment_uploaded', 'stage_document', 12163, '上传资料附件：项目立项通知 / 旧扳手BLE模拟测试记录.md', '{\"fileSize\": 8130, \"documentId\": 12163, \"attachmentId\": 76, \"documentCode\": \"1.3\", \"documentName\": \"项目立项通知\", \"originalFileName\": \"旧扳手BLE模拟测试记录.md\"}', '2026-06-29 15:51:28');
INSERT INTO `business_operation_logs` VALUES (1910, 190, 20, 'document.submitted', 'stage_document', 12163, '提交资料：项目立项通知', '{\"toStatus\": \"submitted\", \"documentId\": 12163, \"fromStatus\": \"not_submitted\", \"documentCode\": \"1.3\", \"documentName\": \"项目立项通知\", \"completionMode\": \"submit_only\"}', '2026-06-29 15:51:32');
INSERT INTO `business_operation_logs` VALUES (1911, 190, 20, 'project.code_updated', 'project', 190, '更新项目编号：KRF20260629', '{\"toProjectCode\": \"KRF20260629\", \"fromProjectCode\": null}', '2026-06-29 15:52:01');
INSERT INTO `business_operation_logs` VALUES (1912, 190, 20, 'stage.advanced', 'stage', 1513, '手工推进阶段：立项阶段 -> 方案设计阶段', '{\"toStageKey\": \"solution\", \"toStageName\": \"方案设计阶段\", \"fromStageKey\": \"initiation\", \"fromStageName\": \"立项阶段\", \"completenessSummary\": {\"requiredTotal\": 3, \"completionPercent\": 100, \"completedRequiredCount\": 3, \"confirmedRequiredCount\": 3, \"incompleteRequiredCount\": 0, \"incompleteRequiredDocuments\": []}}', '2026-06-29 15:52:32');
INSERT INTO `business_operation_logs` VALUES (2022, 205, 25, 'project.created', 'project', 205, '创建项目：Test03', '{\"projectId\": 205, \"projectCode\": \"KRF20260630-1\", \"projectName\": \"Test03\"}', '2026-06-30 10:22:44');
INSERT INTO `business_operation_logs` VALUES (2367, 205, 8, 'document.submitted', 'stage_document', 13121, '提交资料：项目需求表', '{\"toStatus\": \"submitted\", \"documentId\": 13121, \"fromStatus\": \"not_submitted\", \"documentCode\": \"1.1\", \"documentName\": \"项目需求表\", \"completionMode\": \"submit_only\"}', '2026-06-30 11:06:44');
INSERT INTO `business_operation_logs` VALUES (2368, 205, 8, 'initiation_review.submitted', 'initiation_review', 13122, '提交资料并启动 1.2 多节点审批：项目立项审批表', '{\"projectId\": 205, \"operatedAt\": \"2026-06-30T03:07:58.627Z\", \"actorUserId\": 8, \"documentCode\": \"1.2\", \"documentName\": \"项目立项审批表\", \"toStatusByKey\": {\"general_review\": \"waiting_prerequisite\", \"business_review\": \"pending\", \"technical_review\": \"pending\"}, \"fromStatusByKey\": {\"general_review\": \"waiting_prerequisite\", \"business_review\": \"waiting_document_submission\", \"technical_review\": \"waiting_document_submission\"}, \"stageDocumentId\": 13122}', '2026-06-30 11:07:58');
INSERT INTO `business_operation_logs` VALUES (2369, 205, 8, 'document.submitted', 'stage_document', 13122, '提交资料审核：项目立项审批表', '{\"toStatus\": \"submitted\", \"documentId\": 13122, \"fromStatus\": \"not_submitted\", \"documentCode\": \"1.2\", \"documentName\": \"项目立项审批表\", \"completionMode\": \"approval_required\"}', '2026-06-30 11:07:58');
INSERT INTO `business_operation_logs` VALUES (2370, 205, 1, 'document.revision_requested', 'stage_document', 13121, '要求资料返工：项目立项审批表 -> 项目需求表', '{\"nodeKey\": \"technical_review\", \"requestedAt\": \"2026-06-30T03:10:13.771Z\", \"requestField\": \"initiationReviewNode\", \"revisionReason\": \"fgbn\", \"sourceDocumentId\": 13122, \"targetDocumentId\": 13121, \"requestedByUserId\": 1, \"sourceDocumentCode\": \"1.2\", \"sourceDocumentName\": \"项目立项审批表\", \"targetDocumentCode\": \"1.1\", \"targetDocumentName\": \"项目需求表\"}', '2026-06-30 11:10:13');
INSERT INTO `business_operation_logs` VALUES (2371, 205, 1, 'initiation_review.technical_returned', 'initiation_review', 1598, '1.2 技术评价审批退回：项目立项审批表', '{\"comment\": null, \"nodeKey\": \"technical_review\", \"nodeName\": \"技术评价审批\", \"toStatus\": \"returned_blocked_by_rework\", \"projectId\": 205, \"fromStatus\": \"pending\", \"operatedAt\": \"2026-06-30T03:10:13.771Z\", \"actorUserId\": 1, \"documentCode\": \"1.2\", \"documentName\": \"项目立项审批表\", \"linkedRework\": {\"sourceDocumentId\": 13122, \"targetDocumentId\": 13121, \"sourceDocumentCode\": \"1.2\", \"targetDocumentCode\": \"1.1\"}, \"returnReason\": \"fgbn\", \"invalidatedNode\": null, \"stageDocumentId\": 13122, \"retainedParallelNodes\": [{\"nodeKey\": \"business_review\", \"nodeStatus\": \"pending\"}]}', '2026-06-30 11:10:13');
INSERT INTO `business_operation_logs` VALUES (2372, 205, 8, 'initiation_review.restored', 'initiation_review', 1598, '1.1 返工清除后恢复 1.2 节点待审：项目立项审批表', '{\"comment\": null, \"nodeKey\": \"technical_review\", \"nodeName\": \"技术评价审批\", \"toStatus\": \"pending\", \"projectId\": 205, \"fromStatus\": \"returned_blocked_by_rework\", \"operatedAt\": \"2026-06-30T03:10:58.168Z\", \"actorUserId\": 8, \"documentCode\": \"1.2\", \"documentName\": \"项目立项审批表\", \"returnReason\": null, \"stageDocumentId\": 13122, \"reworkTargetDocumentId\": 13121, \"reworkTargetDocumentCode\": \"1.1\"}', '2026-06-30 11:10:58');
INSERT INTO `business_operation_logs` VALUES (2373, 205, 8, 'document.revision_completed', 'stage_document', 13121, '完成资料返工：项目需求表', '{\"completedAt\": \"2026-06-30T03:10:58.169Z\", \"revisionReason\": \"fgbn\", \"sourceDocumentId\": 13122, \"targetDocumentId\": 13121, \"completedByUserId\": 8, \"targetDocumentCode\": \"1.1\", \"targetDocumentName\": \"项目需求表\"}', '2026-06-30 11:10:58');
INSERT INTO `business_operation_logs` VALUES (2632, 205, 1, 'initiation_review.technical_approved', 'initiation_review', 1598, '1.2 技术评价审批通过：项目立项审批表', '{\"comment\": null, \"nodeKey\": \"technical_review\", \"nodeName\": \"技术评价审批\", \"toStatus\": \"approved\", \"projectId\": 205, \"fromStatus\": \"pending\", \"operatedAt\": \"2026-06-30T05:43:53.146Z\", \"actorUserId\": 1, \"documentCode\": \"1.2\", \"documentName\": \"项目立项审批表\", \"returnReason\": null, \"stageDocumentId\": 13122}', '2026-06-30 13:43:53');
INSERT INTO `business_operation_logs` VALUES (2633, 205, 8, 'document.submitted', 'stage_document', 13123, '提交资料：项目立项通知', '{\"toStatus\": \"submitted\", \"documentId\": 13123, \"fromStatus\": \"not_submitted\", \"documentCode\": \"1.3\", \"documentName\": \"项目立项通知\", \"completionMode\": \"submit_only\"}', '2026-06-30 13:44:58');
INSERT INTO `business_operation_logs` VALUES (2634, 205, 20, 'document.revision_requested', 'stage_document', 13121, '要求资料返工：项目立项审批表 -> 项目需求表', '{\"nodeKey\": \"business_review\", \"requestedAt\": \"2026-06-30T05:57:32.307Z\", \"requestField\": \"initiationReviewNode\", \"revisionReason\": \"sc\", \"sourceDocumentId\": 13122, \"targetDocumentId\": 13121, \"requestedByUserId\": 20, \"sourceDocumentCode\": \"1.2\", \"sourceDocumentName\": \"项目立项审批表\", \"targetDocumentCode\": \"1.1\", \"targetDocumentName\": \"项目需求表\"}', '2026-06-30 13:57:32');
INSERT INTO `business_operation_logs` VALUES (2635, 205, 20, 'initiation_review.business_returned', 'initiation_review', 1597, '1.2 商务评价审批退回：项目立项审批表', '{\"comment\": null, \"nodeKey\": \"business_review\", \"nodeName\": \"商务评价审批\", \"toStatus\": \"returned_blocked_by_rework\", \"projectId\": 205, \"fromStatus\": \"pending\", \"operatedAt\": \"2026-06-30T05:57:32.308Z\", \"actorUserId\": 20, \"documentCode\": \"1.2\", \"documentName\": \"项目立项审批表\", \"linkedRework\": {\"sourceDocumentId\": 13122, \"targetDocumentId\": 13121, \"sourceDocumentCode\": \"1.2\", \"targetDocumentCode\": \"1.1\"}, \"returnReason\": \"sc\", \"invalidatedNode\": null, \"stageDocumentId\": 13122, \"retainedParallelNodes\": [{\"nodeKey\": \"technical_review\", \"nodeStatus\": \"approved\"}]}', '2026-06-30 13:57:32');
INSERT INTO `business_operation_logs` VALUES (2636, 205, 8, 'document.responsible_changed', 'stage_document', 13121, '手工分配资料责任人：项目需求表', '{\"documentId\": 13121, \"documentCode\": \"1.1\", \"documentName\": \"项目需求表\", \"toResponsibleUserId\": 8, \"fromResponsibleUserId\": null}', '2026-06-30 13:58:48');
INSERT INTO `business_operation_logs` VALUES (2637, 205, 8, 'initiation_review.restored', 'initiation_review', 1597, '1.1 返工清除后恢复 1.2 节点待审：项目立项审批表', '{\"comment\": null, \"nodeKey\": \"business_review\", \"nodeName\": \"商务评价审批\", \"toStatus\": \"pending\", \"projectId\": 205, \"fromStatus\": \"returned_blocked_by_rework\", \"operatedAt\": \"2026-06-30T05:59:06.279Z\", \"actorUserId\": 8, \"documentCode\": \"1.2\", \"documentName\": \"项目立项审批表\", \"returnReason\": null, \"stageDocumentId\": 13122, \"reworkTargetDocumentId\": 13121, \"reworkTargetDocumentCode\": \"1.1\"}', '2026-06-30 13:59:06');
INSERT INTO `business_operation_logs` VALUES (2638, 205, 8, 'document.revision_completed', 'stage_document', 13121, '完成资料返工：项目需求表', '{\"completedAt\": \"2026-06-30T05:59:06.280Z\", \"revisionReason\": \"sc\", \"sourceDocumentId\": 13122, \"targetDocumentId\": 13121, \"completedByUserId\": 8, \"targetDocumentCode\": \"1.1\", \"targetDocumentName\": \"项目需求表\"}', '2026-06-30 13:59:06');
INSERT INTO `business_operation_logs` VALUES (2639, 205, 20, 'initiation_review.business_approved', 'initiation_review', 1597, '1.2 商务评价审批通过：项目立项审批表', '{\"comment\": null, \"nodeKey\": \"business_review\", \"nodeName\": \"商务评价审批\", \"toStatus\": \"approved\", \"projectId\": 205, \"fromStatus\": \"pending\", \"operatedAt\": \"2026-06-30T06:00:00.409Z\", \"actorUserId\": 20, \"documentCode\": \"1.2\", \"documentName\": \"项目立项审批表\", \"returnReason\": null, \"stageDocumentId\": 13122}', '2026-06-30 14:00:00');
INSERT INTO `business_operation_logs` VALUES (2640, 205, 20, 'initiation_review.general_activated', 'initiation_review', 1599, '1.2 总经理审批待办已生成：项目立项审批表', '{\"projectId\": 205, \"operatedAt\": \"2026-06-30T06:00:00.411Z\", \"actorUserId\": 20, \"documentCode\": \"1.2\", \"documentName\": \"项目立项审批表\", \"activatedNode\": {\"nodeKey\": \"general_review\", \"toStatus\": \"pending\", \"fromStatus\": \"waiting_prerequisite\"}, \"stageDocumentId\": 13122}', '2026-06-30 14:00:00');
INSERT INTO `business_operation_logs` VALUES (2641, 205, 25, 'document.revision_requested', 'stage_document', 13121, '要求资料返工：项目立项审批表 -> 项目需求表', '{\"nodeKey\": \"general_review\", \"requestedAt\": \"2026-06-30T06:00:30.221Z\", \"requestField\": \"initiationReviewNode\", \"revisionReason\": \"zdsxfcgvbhj\", \"sourceDocumentId\": 13122, \"targetDocumentId\": 13121, \"requestedByUserId\": 25, \"sourceDocumentCode\": \"1.2\", \"sourceDocumentName\": \"项目立项审批表\", \"targetDocumentCode\": \"1.1\", \"targetDocumentName\": \"项目需求表\"}', '2026-06-30 14:00:30');
INSERT INTO `business_operation_logs` VALUES (2642, 205, 25, 'initiation_review.general_returned', 'initiation_review', 1599, '1.2 总经理审批退回：项目立项审批表', '{\"comment\": null, \"nodeKey\": \"general_review\", \"nodeName\": \"总经理审批\", \"toStatus\": \"returned_blocked_by_rework\", \"projectId\": 205, \"fromStatus\": \"pending\", \"operatedAt\": \"2026-06-30T06:00:30.222Z\", \"actorUserId\": 25, \"documentCode\": \"1.2\", \"documentName\": \"项目立项审批表\", \"linkedRework\": {\"sourceDocumentId\": 13122, \"targetDocumentId\": 13121, \"sourceDocumentCode\": \"1.2\", \"targetDocumentCode\": \"1.1\"}, \"returnReason\": \"zdsxfcgvbhj\", \"invalidatedNode\": null, \"stageDocumentId\": 13122, \"retainedParallelNodes\": [{\"nodeKey\": \"business_review\", \"nodeStatus\": \"approved\"}, {\"nodeKey\": \"technical_review\", \"nodeStatus\": \"approved\"}]}', '2026-06-30 14:00:30');
INSERT INTO `business_operation_logs` VALUES (2643, 205, 8, 'initiation_review.restored', 'initiation_review', 1599, '1.1 返工清除后恢复 1.2 节点待审：项目立项审批表', '{\"comment\": null, \"nodeKey\": \"general_review\", \"nodeName\": \"总经理审批\", \"toStatus\": \"pending\", \"projectId\": 205, \"fromStatus\": \"returned_blocked_by_rework\", \"operatedAt\": \"2026-06-30T06:00:55.757Z\", \"actorUserId\": 8, \"documentCode\": \"1.2\", \"documentName\": \"项目立项审批表\", \"returnReason\": null, \"stageDocumentId\": 13122, \"reworkTargetDocumentId\": 13121, \"reworkTargetDocumentCode\": \"1.1\"}', '2026-06-30 14:00:55');
INSERT INTO `business_operation_logs` VALUES (2644, 205, 8, 'document.revision_completed', 'stage_document', 13121, '完成资料返工：项目需求表', '{\"completedAt\": \"2026-06-30T06:00:55.758Z\", \"revisionReason\": \"zdsxfcgvbhj\", \"sourceDocumentId\": 13122, \"targetDocumentId\": 13121, \"completedByUserId\": 8, \"targetDocumentCode\": \"1.1\", \"targetDocumentName\": \"项目需求表\"}', '2026-06-30 14:00:55');
INSERT INTO `business_operation_logs` VALUES (2645, 205, 25, 'initiation_review.general_approved', 'initiation_review', 1599, '1.2 总经理审批通过：项目立项审批表', '{\"comment\": null, \"nodeKey\": \"general_review\", \"nodeName\": \"总经理审批\", \"toStatus\": \"approved\", \"projectId\": 205, \"fromStatus\": \"pending\", \"operatedAt\": \"2026-06-30T06:01:28.099Z\", \"actorUserId\": 25, \"documentCode\": \"1.2\", \"documentName\": \"项目立项审批表\", \"returnReason\": null, \"stageDocumentId\": 13122}', '2026-06-30 14:01:28');
INSERT INTO `business_operation_logs` VALUES (2646, 205, 25, 'initiation_review.completed', 'initiation_review', 13122, '1.2 多节点审批最终完成：项目立项审批表', '{\"projectId\": 205, \"completedAt\": \"2026-06-30T06:01:28.103Z\", \"documentCode\": \"1.2\", \"documentName\": \"项目立项审批表\", \"nodeStatusByKey\": {\"general_review\": \"approved\", \"business_review\": \"approved\", \"technical_review\": \"approved\"}, \"stageDocumentId\": 13122, \"completedByUserId\": 25}', '2026-06-30 14:01:28');
INSERT INTO `business_operation_logs` VALUES (2647, 205, 25, 'document.responsible_changed', 'stage_document', 13123, '手工分配资料责任人：项目立项通知', '{\"documentId\": 13123, \"documentCode\": \"1.3\", \"documentName\": \"项目立项通知\", \"toResponsibleUserId\": 20, \"fromResponsibleUserId\": null}', '2026-06-30 14:03:13');
INSERT INTO `business_operation_logs` VALUES (2648, 205, 20, 'document.attachment_uploaded', 'stage_document', 13123, '上传资料附件：项目立项通知 / 屏幕截图 2026-06-30 112441.png', '{\"fileSize\": 78864, \"documentId\": 13123, \"attachmentId\": 94, \"documentCode\": \"1.3\", \"documentName\": \"项目立项通知\", \"originalFileName\": \"屏幕截图 2026-06-30 112441.png\"}', '2026-06-30 14:05:45');
INSERT INTO `business_operation_logs` VALUES (2649, 205, 25, 'stage.advanced', 'stage', 1633, '手工推进阶段：立项阶段 -> 方案设计阶段', '{\"toStageKey\": \"solution\", \"toStageName\": \"方案设计阶段\", \"fromStageKey\": \"initiation\", \"fromStageName\": \"立项阶段\", \"completenessSummary\": {\"requiredTotal\": 3, \"completionPercent\": 100, \"completedRequiredCount\": 3, \"confirmedRequiredCount\": 3, \"incompleteRequiredCount\": 0, \"incompleteRequiredDocuments\": []}}', '2026-06-30 14:06:57');
INSERT INTO `business_operation_logs` VALUES (2650, 205, 25, 'document.responsible_changed', 'stage_document', 13124, '手工分配资料责任人：方案设计工作计划', '{\"documentId\": 13124, \"documentCode\": \"2.1\", \"documentName\": \"方案设计工作计划\", \"toResponsibleUserId\": 2, \"fromResponsibleUserId\": null}', '2026-06-30 14:16:02');
INSERT INTO `business_operation_logs` VALUES (2651, 205, 25, 'document.responsible_changed', 'stage_document', 13125, '手工分配资料责任人：项目方案分析表', '{\"documentId\": 13125, \"documentCode\": \"2.2\", \"documentName\": \"项目方案分析表\", \"toResponsibleUserId\": 2, \"fromResponsibleUserId\": null}', '2026-06-30 14:16:10');
INSERT INTO `business_operation_logs` VALUES (2652, 205, 25, 'document.responsible_changed', 'stage_document', 13126, '手工分配资料责任人：产品功能框图', '{\"documentId\": 13126, \"documentCode\": \"2.3\", \"documentName\": \"产品功能框图\", \"toResponsibleUserId\": 3, \"fromResponsibleUserId\": null}', '2026-06-30 14:16:23');
INSERT INTO `business_operation_logs` VALUES (2653, 205, 25, 'document.responsible_changed', 'stage_document', 13127, '手工分配资料责任人：3D模型', '{\"documentId\": 13127, \"documentCode\": \"2.4\", \"documentName\": \"3D模型\", \"toResponsibleUserId\": 3, \"fromResponsibleUserId\": null}', '2026-06-30 14:16:37');
INSERT INTO `business_operation_logs` VALUES (2654, 205, 25, 'document.marked_not_applicable', 'stage_document', 13129, '手工标记资料不适用：工艺时序图', '{\"documentId\": 13129, \"documentCode\": \"2.6\", \"documentName\": \"工艺时序图\", \"toIsApplicable\": false, \"fromIsApplicable\": true, \"notApplicableReason\": \"efrrgf\"}', '2026-06-30 14:17:09');
INSERT INTO `business_operation_logs` VALUES (2655, 205, 25, 'document.marked_not_applicable', 'stage_document', 13131, '手工标记资料不适用：演示动画', '{\"documentId\": 13131, \"documentCode\": \"2.8\", \"documentName\": \"演示动画\", \"toIsApplicable\": false, \"fromIsApplicable\": true, \"notApplicableReason\": \"cssvc\"}', '2026-06-30 14:17:19');
INSERT INTO `business_operation_logs` VALUES (2656, 205, 25, 'document.responsible_changed', 'stage_document', 13130, '手工分配资料责任人：节拍表', '{\"documentId\": 13130, \"documentCode\": \"2.7\", \"documentName\": \"节拍表\", \"toResponsibleUserId\": 3, \"fromResponsibleUserId\": null}', '2026-06-30 14:17:33');
INSERT INTO `business_operation_logs` VALUES (2657, 205, 2, 'document.submitted', 'stage_document', 13125, '提交资料审核：项目方案分析表', '{\"toStatus\": \"submitted\", \"documentId\": 13125, \"fromStatus\": \"not_submitted\", \"documentCode\": \"2.2\", \"documentName\": \"项目方案分析表\", \"completionMode\": \"approval_required\"}', '2026-06-30 14:18:46');
INSERT INTO `business_operation_logs` VALUES (2658, 205, 2, 'document.submitted', 'stage_document', 13124, '提交资料：方案设计工作计划', '{\"toStatus\": \"submitted\", \"documentId\": 13124, \"fromStatus\": \"not_submitted\", \"documentCode\": \"2.1\", \"documentName\": \"方案设计工作计划\", \"completionMode\": \"submit_only\"}', '2026-06-30 14:19:17');
INSERT INTO `business_operation_logs` VALUES (2659, 205, 1, 'document.returned', 'stage_document', 13125, '退回资料审核：项目方案分析表', '{\"toStatus\": \"returned\", \"documentId\": 13125, \"fromStatus\": \"submitted\", \"documentCode\": \"2.2\", \"documentName\": \"项目方案分析表\", \"returnReason\": \"asadfghj\"}', '2026-06-30 14:21:19');
INSERT INTO `business_operation_logs` VALUES (2660, 205, 1, 'document.submitted', 'stage_document', 13125, '提交资料审核：项目方案分析表', '{\"toStatus\": \"submitted\", \"documentId\": 13125, \"fromStatus\": \"returned\", \"documentCode\": \"2.2\", \"documentName\": \"项目方案分析表\", \"completionMode\": \"approval_required\"}', '2026-06-30 14:21:30');
INSERT INTO `business_operation_logs` VALUES (2661, 205, 1, 'document.returned', 'stage_document', 13125, '退回资料审核：项目方案分析表', '{\"toStatus\": \"returned\", \"documentId\": 13125, \"fromStatus\": \"submitted\", \"documentCode\": \"2.2\", \"documentName\": \"项目方案分析表\", \"returnReason\": \"csdvfbg\"}', '2026-06-30 14:23:56');
INSERT INTO `business_operation_logs` VALUES (2662, 205, 2, 'document.submitted', 'stage_document', 13125, '提交资料审核：项目方案分析表', '{\"toStatus\": \"submitted\", \"documentId\": 13125, \"fromStatus\": \"returned\", \"documentCode\": \"2.2\", \"documentName\": \"项目方案分析表\", \"completionMode\": \"approval_required\"}', '2026-06-30 14:24:27');
INSERT INTO `business_operation_logs` VALUES (2663, 205, 1, 'document.confirmed', 'stage_document', 13125, '资料审核通过：项目方案分析表', '{\"toStatus\": \"confirmed\", \"documentId\": 13125, \"fromStatus\": \"submitted\", \"documentCode\": \"2.2\", \"documentName\": \"项目方案分析表\"}', '2026-06-30 14:24:52');
INSERT INTO `business_operation_logs` VALUES (2664, 205, 1, 'document.submitted', 'stage_document', 13126, '提交资料审核：产品功能框图', '{\"toStatus\": \"submitted\", \"documentId\": 13126, \"fromStatus\": \"not_submitted\", \"documentCode\": \"2.3\", \"documentName\": \"产品功能框图\", \"completionMode\": \"approval_required\"}', '2026-06-30 14:25:18');
INSERT INTO `business_operation_logs` VALUES (2665, 205, 1, 'document.confirmed', 'stage_document', 13126, '资料审核通过：产品功能框图', '{\"toStatus\": \"confirmed\", \"documentId\": 13126, \"fromStatus\": \"submitted\", \"documentCode\": \"2.3\", \"documentName\": \"产品功能框图\"}', '2026-06-30 14:25:20');
INSERT INTO `business_operation_logs` VALUES (2666, 205, 3, 'document.submitted', 'stage_document', 13127, '提交资料：3D模型', '{\"toStatus\": \"submitted\", \"documentId\": 13127, \"fromStatus\": \"not_submitted\", \"documentCode\": \"2.4\", \"documentName\": \"3D模型\", \"completionMode\": \"submit_only\"}', '2026-06-30 14:27:19');
INSERT INTO `business_operation_logs` VALUES (2667, 205, 3, 'document.submitted', 'stage_document', 13130, '提交资料：节拍表', '{\"toStatus\": \"submitted\", \"documentId\": 13130, \"fromStatus\": \"not_submitted\", \"documentCode\": \"2.7\", \"documentName\": \"节拍表\", \"completionMode\": \"conditional_submit\"}', '2026-06-30 14:28:12');
INSERT INTO `business_operation_logs` VALUES (2668, 205, 1, 'document.responsible_changed', 'stage_document', 13128, '手工分配资料责任人：布局图', '{\"documentId\": 13128, \"documentCode\": \"2.5\", \"documentName\": \"布局图\", \"toResponsibleUserId\": 2, \"fromResponsibleUserId\": null}', '2026-06-30 14:29:16');
INSERT INTO `business_operation_logs` VALUES (2669, 205, 1, 'document.responsible_changed', 'stage_document', 13129, '手工分配资料责任人：工艺时序图', '{\"documentId\": 13129, \"documentCode\": \"2.6\", \"documentName\": \"工艺时序图\", \"toResponsibleUserId\": 2, \"fromResponsibleUserId\": null}', '2026-06-30 14:29:21');
INSERT INTO `business_operation_logs` VALUES (2670, 205, 1, 'document.responsible_changed', 'stage_document', 13132, '手工分配资料责任人：电气功能框图', '{\"documentId\": 13132, \"documentCode\": \"2.9\", \"documentName\": \"电气功能框图\", \"toResponsibleUserId\": 11, \"fromResponsibleUserId\": null}', '2026-06-30 14:29:35');
INSERT INTO `business_operation_logs` VALUES (2671, 205, 1, 'document.responsible_changed', 'stage_document', 13133, '手工分配资料责任人：软件功能框图', '{\"documentId\": 13133, \"documentCode\": \"2.10\", \"documentName\": \"软件功能框图\", \"toResponsibleUserId\": 8, \"fromResponsibleUserId\": null}', '2026-06-30 14:29:41');
INSERT INTO `business_operation_logs` VALUES (2672, 205, 1, 'document.responsible_changed', 'stage_document', 13134, '手工分配资料责任人：项目方案PPT', '{\"documentId\": 13134, \"documentCode\": \"2.11\", \"documentName\": \"项目方案PPT\", \"toResponsibleUserId\": 2, \"fromResponsibleUserId\": null}', '2026-06-30 14:29:47');
INSERT INTO `business_operation_logs` VALUES (2673, 205, 2, 'document.submitted', 'stage_document', 13128, '提交资料：布局图', '{\"toStatus\": \"submitted\", \"documentId\": 13128, \"fromStatus\": \"not_submitted\", \"documentCode\": \"2.5\", \"documentName\": \"布局图\", \"completionMode\": \"submit_only\"}', '2026-06-30 14:30:19');
INSERT INTO `business_operation_logs` VALUES (2674, 205, 8, 'document.submitted', 'stage_document', 13133, '提交资料：软件功能框图', '{\"toStatus\": \"submitted\", \"documentId\": 13133, \"fromStatus\": \"not_submitted\", \"documentCode\": \"2.10\", \"documentName\": \"软件功能框图\", \"completionMode\": \"submit_only\"}', '2026-06-30 14:31:02');
INSERT INTO `business_operation_logs` VALUES (2675, 205, 11, 'document.submitted', 'stage_document', 13132, '提交资料：电气功能框图', '{\"toStatus\": \"submitted\", \"documentId\": 13132, \"fromStatus\": \"not_submitted\", \"documentCode\": \"2.9\", \"documentName\": \"电气功能框图\", \"completionMode\": \"submit_only\"}', '2026-06-30 14:31:22');
INSERT INTO `business_operation_logs` VALUES (2676, 205, 2, 'document.submitted', 'stage_document', 13134, '提交资料：项目方案PPT', '{\"toStatus\": \"submitted\", \"documentId\": 13134, \"fromStatus\": \"not_submitted\", \"documentCode\": \"2.11\", \"documentName\": \"项目方案PPT\", \"completionMode\": \"submit_only\"}', '2026-06-30 14:31:36');
INSERT INTO `business_operation_logs` VALUES (2677, 342, 1, 'project.created', 'project', 342, '创建项目：111', '{\"projectId\": 342, \"projectCode\": null, \"projectName\": \"111\"}', '2026-06-30 14:41:25');
INSERT INTO `business_operation_logs` VALUES (2678, 342, 9, 'document.responsible_changed', 'stage_document', 17665, '手工分配资料责任人：项目需求表', '{\"documentId\": 17665, \"documentCode\": \"1.1\", \"documentName\": \"项目需求表\", \"toResponsibleUserId\": 20, \"fromResponsibleUserId\": null}', '2026-06-30 14:56:19');
INSERT INTO `business_operation_logs` VALUES (2679, 342, 20, 'document.attachment_uploaded', 'stage_document', 17665, '上传资料附件：项目需求表 / 屏幕截图 2026-06-29 114128.png', '{\"fileSize\": 82872, \"documentId\": 17665, \"attachmentId\": 95, \"documentCode\": \"1.1\", \"documentName\": \"项目需求表\", \"originalFileName\": \"屏幕截图 2026-06-29 114128.png\"}', '2026-06-30 14:59:56');
INSERT INTO `business_operation_logs` VALUES (2680, 342, 20, 'document.submitted', 'stage_document', 17665, '提交资料：项目需求表', '{\"toStatus\": \"submitted\", \"documentId\": 17665, \"fromStatus\": \"not_submitted\", \"documentCode\": \"1.1\", \"documentName\": \"项目需求表\", \"completionMode\": \"submit_only\"}', '2026-06-30 14:59:58');
INSERT INTO `business_operation_logs` VALUES (2681, 342, 20, 'document.responsible_changed', 'stage_document', 17666, '手工分配资料责任人：项目立项审批表', '{\"documentId\": 17666, \"documentCode\": \"1.2\", \"documentName\": \"项目立项审批表\", \"toResponsibleUserId\": 20, \"fromResponsibleUserId\": null}', '2026-06-30 15:00:33');
INSERT INTO `business_operation_logs` VALUES (2682, 342, 20, 'document.attachment_uploaded', 'stage_document', 17666, '上传资料附件：项目立项审批表 / 屏幕截图 2026-06-30 112441.png', '{\"fileSize\": 78864, \"documentId\": 17666, \"attachmentId\": 96, \"documentCode\": \"1.2\", \"documentName\": \"项目立项审批表\", \"originalFileName\": \"屏幕截图 2026-06-30 112441.png\"}', '2026-06-30 15:00:51');
INSERT INTO `business_operation_logs` VALUES (2683, 342, 20, 'initiation_review.submitted', 'initiation_review', 17666, '提交资料并启动 1.2 多节点审批：项目立项审批表', '{\"projectId\": 342, \"operatedAt\": \"2026-06-30T07:00:54.799Z\", \"actorUserId\": 20, \"documentCode\": \"1.2\", \"documentName\": \"项目立项审批表\", \"toStatusByKey\": {\"general_review\": \"waiting_prerequisite\", \"business_review\": \"pending\", \"technical_review\": \"pending\"}, \"fromStatusByKey\": {\"general_review\": \"waiting_prerequisite\", \"business_review\": \"waiting_document_submission\", \"technical_review\": \"waiting_document_submission\"}, \"stageDocumentId\": 17666}', '2026-06-30 15:00:54');
INSERT INTO `business_operation_logs` VALUES (2684, 342, 20, 'document.submitted', 'stage_document', 17666, '提交资料审核：项目立项审批表', '{\"toStatus\": \"submitted\", \"documentId\": 17666, \"fromStatus\": \"not_submitted\", \"documentCode\": \"1.2\", \"documentName\": \"项目立项审批表\", \"completionMode\": \"approval_required\"}', '2026-06-30 15:00:54');
INSERT INTO `business_operation_logs` VALUES (2685, 342, 1, 'document.revision_requested', 'stage_document', 17665, '要求资料返工：项目立项审批表 -> 项目需求表', '{\"nodeKey\": \"technical_review\", \"requestedAt\": \"2026-06-30T07:02:21.696Z\", \"requestField\": \"initiationReviewNode\", \"revisionReason\": \"1\", \"sourceDocumentId\": 17666, \"targetDocumentId\": 17665, \"requestedByUserId\": 1, \"sourceDocumentCode\": \"1.2\", \"sourceDocumentName\": \"项目立项审批表\", \"targetDocumentCode\": \"1.1\", \"targetDocumentName\": \"项目需求表\"}', '2026-06-30 15:02:21');
INSERT INTO `business_operation_logs` VALUES (2686, 342, 1, 'initiation_review.technical_returned', 'initiation_review', 2820, '1.2 技术评价审批退回：项目立项审批表', '{\"comment\": null, \"nodeKey\": \"technical_review\", \"nodeName\": \"技术评价审批\", \"toStatus\": \"returned_blocked_by_rework\", \"projectId\": 342, \"fromStatus\": \"pending\", \"operatedAt\": \"2026-06-30T07:02:21.697Z\", \"actorUserId\": 1, \"documentCode\": \"1.2\", \"documentName\": \"项目立项审批表\", \"linkedRework\": {\"sourceDocumentId\": 17666, \"targetDocumentId\": 17665, \"sourceDocumentCode\": \"1.2\", \"targetDocumentCode\": \"1.1\"}, \"returnReason\": \"1\", \"invalidatedNode\": null, \"stageDocumentId\": 17666, \"retainedParallelNodes\": [{\"nodeKey\": \"business_review\", \"nodeStatus\": \"pending\"}]}', '2026-06-30 15:02:21');

-- ----------------------------
-- Table structure for center_daily_report_schedules
-- ----------------------------
DROP TABLE IF EXISTS `center_daily_report_schedules`;
CREATE TABLE `center_daily_report_schedules`  (
  `id` bigint UNSIGNED NOT NULL AUTO_INCREMENT,
  `department` varchar(128) CHARACTER SET utf8mb4 COLLATE utf8mb4_unicode_ci NOT NULL,
  `is_enabled` tinyint(1) NOT NULL DEFAULT 1,
  `generate_time` time NOT NULL DEFAULT '18:00:00',
  `timezone` varchar(64) CHARACTER SET utf8mb4 COLLATE utf8mb4_unicode_ci NOT NULL DEFAULT 'Asia/Shanghai',
  `updated_by_user_id` bigint UNSIGNED NULL DEFAULT NULL,
  `created_at` timestamp NOT NULL DEFAULT CURRENT_TIMESTAMP,
  `updated_at` timestamp NOT NULL DEFAULT CURRENT_TIMESTAMP ON UPDATE CURRENT_TIMESTAMP,
  PRIMARY KEY (`id`) USING BTREE,
  UNIQUE INDEX `uk_center_daily_report_schedules_department`(`department` ASC) USING BTREE,
  INDEX `fk_center_daily_report_schedules_updated_by`(`updated_by_user_id` ASC) USING BTREE,
  INDEX `idx_center_daily_report_schedules_enabled_time`(`is_enabled` ASC, `generate_time` ASC) USING BTREE,
  CONSTRAINT `fk_center_daily_report_schedules_updated_by` FOREIGN KEY (`updated_by_user_id`) REFERENCES `users` (`id`) ON DELETE SET NULL ON UPDATE RESTRICT
) ENGINE = InnoDB AUTO_INCREMENT = 35 CHARACTER SET = utf8mb4 COLLATE = utf8mb4_unicode_ci ROW_FORMAT = DYNAMIC;

-- ----------------------------
-- Records of center_daily_report_schedules
-- ----------------------------

-- ----------------------------
-- Table structure for daily_report_attachments
-- ----------------------------
DROP TABLE IF EXISTS `daily_report_attachments`;
CREATE TABLE `daily_report_attachments`  (
  `id` bigint UNSIGNED NOT NULL AUTO_INCREMENT,
  `daily_report_id` bigint UNSIGNED NOT NULL,
  `original_file_name` varchar(255) CHARACTER SET utf8mb4 COLLATE utf8mb4_unicode_ci NOT NULL,
  `storage_key` varchar(512) CHARACTER SET utf8mb4 COLLATE utf8mb4_unicode_ci NOT NULL,
  `mime_type` varchar(100) CHARACTER SET utf8mb4 COLLATE utf8mb4_unicode_ci NOT NULL,
  `file_size` bigint UNSIGNED NOT NULL,
  `uploaded_by_user_id` bigint UNSIGNED NOT NULL,
  `created_at` timestamp NOT NULL DEFAULT CURRENT_TIMESTAMP,
  PRIMARY KEY (`id`) USING BTREE,
  UNIQUE INDEX `uk_daily_report_attachments_storage_key`(`storage_key` ASC) USING BTREE,
  INDEX `fk_daily_report_attachments_uploader`(`uploaded_by_user_id` ASC) USING BTREE,
  INDEX `idx_daily_report_attachments_report`(`daily_report_id` ASC) USING BTREE,
  CONSTRAINT `fk_daily_report_attachments_report` FOREIGN KEY (`daily_report_id`) REFERENCES `daily_reports` (`id`) ON DELETE CASCADE ON UPDATE RESTRICT,
  CONSTRAINT `fk_daily_report_attachments_uploader` FOREIGN KEY (`uploaded_by_user_id`) REFERENCES `users` (`id`) ON DELETE RESTRICT ON UPDATE RESTRICT
) ENGINE = InnoDB AUTO_INCREMENT = 11 CHARACTER SET = utf8mb4 COLLATE = utf8mb4_unicode_ci ROW_FORMAT = DYNAMIC;

-- ----------------------------
-- Records of daily_report_attachments
-- ----------------------------

-- ----------------------------
-- Table structure for daily_report_items
-- ----------------------------
DROP TABLE IF EXISTS `daily_report_items`;
CREATE TABLE `daily_report_items`  (
  `id` bigint UNSIGNED NOT NULL AUTO_INCREMENT,
  `daily_report_id` bigint UNSIGNED NOT NULL,
  `sort_order` smallint UNSIGNED NOT NULL,
  `project_id` bigint UNSIGNED NULL DEFAULT NULL COMMENT '鍏宠仈椤圭洰ID',
  `work_content` text CHARACTER SET utf8mb4 COLLATE utf8mb4_unicode_ci NOT NULL,
  `completion_progress` varchar(100) CHARACTER SET utf8mb4 COLLATE utf8mb4_unicode_ci NOT NULL,
  `completed_at` time NOT NULL,
  `responsible_person` varchar(128) CHARACTER SET utf8mb4 COLLATE utf8mb4_unicode_ci NULL DEFAULT NULL,
  `deviation_and_corrective_action` text CHARACTER SET utf8mb4 COLLATE utf8mb4_unicode_ci NULL,
  `created_at` timestamp NOT NULL DEFAULT CURRENT_TIMESTAMP,
  `updated_at` timestamp NOT NULL DEFAULT CURRENT_TIMESTAMP ON UPDATE CURRENT_TIMESTAMP,
  PRIMARY KEY (`id`) USING BTREE,
  UNIQUE INDEX `uk_daily_report_items_order`(`daily_report_id` ASC, `sort_order` ASC) USING BTREE,
  INDEX `idx_daily_report_items_project`(`project_id` ASC) USING BTREE,
  CONSTRAINT `fk_daily_report_items_project` FOREIGN KEY (`project_id`) REFERENCES `projects` (`id`) ON DELETE SET NULL ON UPDATE RESTRICT,
  CONSTRAINT `fk_daily_report_items_report` FOREIGN KEY (`daily_report_id`) REFERENCES `daily_reports` (`id`) ON DELETE CASCADE ON UPDATE RESTRICT
) ENGINE = InnoDB AUTO_INCREMENT = 282 CHARACTER SET = utf8mb4 COLLATE = utf8mb4_unicode_ci ROW_FORMAT = DYNAMIC;

-- ----------------------------
-- Records of daily_report_items
-- ----------------------------
INSERT INTO `daily_report_items` VALUES (264, 132, 1, 205, '测试周报模块的bug（10%）', '100%', '17:30:00', '陈芋如', '无偏差', '2026-06-30 11:35:12', '2026-06-30 17:15:54');
INSERT INTO `daily_report_items` VALUES (268, 179, 1, 205, '测试周报（30%）', '100%', '17:30:00', '陈芋如', '无偏差', '2026-06-30 13:33:38', '2026-06-30 17:15:54');
INSERT INTO `daily_report_items` VALUES (269, 181, 1, 205, '测试周报模块（60%）', '100%', '17:30:00', '陈芋如', '无偏差', '2026-06-30 13:34:26', '2026-06-30 17:15:54');
INSERT INTO `daily_report_items` VALUES (270, 182, 1, 205, '测试周报模块（80%）', '100%', '17:30:00', '陈芋如', '无偏差', '2026-06-30 13:35:11', '2026-06-30 17:15:54');
INSERT INTO `daily_report_items` VALUES (271, 183, 1, 205, '测试周报模块（100%）', '100%', '17:30:00', '陈芋如', '无偏差', '2026-06-30 13:35:32', '2026-06-30 17:15:54');

-- ----------------------------
-- Table structure for daily_report_plans
-- ----------------------------
DROP TABLE IF EXISTS `daily_report_plans`;
CREATE TABLE `daily_report_plans`  (
  `id` bigint UNSIGNED NOT NULL AUTO_INCREMENT,
  `daily_report_id` bigint UNSIGNED NOT NULL,
  `sort_order` smallint UNSIGNED NOT NULL,
  `project_id` bigint UNSIGNED NULL DEFAULT NULL COMMENT '鍏宠仈椤圭洰ID',
  `planned_work_content` text CHARACTER SET utf8mb4 COLLATE utf8mb4_unicode_ci NULL,
  `responsible_person` varchar(128) CHARACTER SET utf8mb4 COLLATE utf8mb4_unicode_ci NULL DEFAULT NULL,
  `planned_complete_at` time NULL DEFAULT NULL,
  `collaborating_center` varchar(128) CHARACTER SET utf8mb4 COLLATE utf8mb4_unicode_ci NULL DEFAULT NULL,
  `collaboration_item` text CHARACTER SET utf8mb4 COLLATE utf8mb4_unicode_ci NULL,
  `created_at` timestamp NOT NULL DEFAULT CURRENT_TIMESTAMP,
  `updated_at` timestamp NOT NULL DEFAULT CURRENT_TIMESTAMP ON UPDATE CURRENT_TIMESTAMP,
  PRIMARY KEY (`id`) USING BTREE,
  UNIQUE INDEX `uk_daily_report_plans_order`(`daily_report_id` ASC, `sort_order` ASC) USING BTREE,
  INDEX `idx_daily_report_plans_project`(`project_id` ASC) USING BTREE,
  CONSTRAINT `fk_daily_report_plans_project` FOREIGN KEY (`project_id`) REFERENCES `projects` (`id`) ON DELETE SET NULL ON UPDATE RESTRICT,
  CONSTRAINT `fk_daily_report_plans_report` FOREIGN KEY (`daily_report_id`) REFERENCES `daily_reports` (`id`) ON DELETE CASCADE ON UPDATE RESTRICT
) ENGINE = InnoDB AUTO_INCREMENT = 212 CHARACTER SET = utf8mb4 COLLATE = utf8mb4_unicode_ci ROW_FORMAT = DYNAMIC;

-- ----------------------------
-- Records of daily_report_plans
-- ----------------------------
INSERT INTO `daily_report_plans` VALUES (194, 132, 1, 205, '测试周报模块的bug（30%）', '陈芋如', '17:30:00', NULL, NULL, '2026-06-30 11:35:12', '2026-06-30 17:15:54');
INSERT INTO `daily_report_plans` VALUES (198, 179, 1, 205, '测试周报（60%）', '陈芋如', '17:30:00', NULL, NULL, '2026-06-30 13:33:38', '2026-06-30 17:15:54');
INSERT INTO `daily_report_plans` VALUES (199, 181, 1, 205, '测试周报模块（80%）', '陈芋如', '17:30:00', NULL, NULL, '2026-06-30 13:34:26', '2026-06-30 17:15:54');
INSERT INTO `daily_report_plans` VALUES (200, 182, 1, 205, '测试周报模块（100%）', '陈芋如', '17:30:00', NULL, NULL, '2026-06-30 13:35:11', '2026-06-30 17:15:54');
INSERT INTO `daily_report_plans` VALUES (201, 183, 1, 205, NULL, '陈芋如', '17:30:00', NULL, NULL, '2026-06-30 13:35:32', '2026-06-30 17:15:54');

-- ----------------------------
-- Table structure for daily_reports
-- ----------------------------
DROP TABLE IF EXISTS `daily_reports`;
CREATE TABLE `daily_reports`  (
  `id` bigint UNSIGNED NOT NULL AUTO_INCREMENT,
  `user_id` bigint UNSIGNED NOT NULL,
  `report_date` date NOT NULL,
  `project_id` bigint UNSIGNED NOT NULL,
  `status` enum('draft','submitted') CHARACTER SET utf8mb4 COLLATE utf8mb4_unicode_ci NOT NULL DEFAULT 'draft',
  `created_at` timestamp NOT NULL DEFAULT CURRENT_TIMESTAMP,
  `updated_at` timestamp NOT NULL DEFAULT CURRENT_TIMESTAMP ON UPDATE CURRENT_TIMESTAMP,
  PRIMARY KEY (`id`) USING BTREE,
  UNIQUE INDEX `uk_daily_reports_user_date_project`(`user_id` ASC, `report_date` ASC, `project_id` ASC) USING BTREE,
  INDEX `idx_daily_reports_date_status_user`(`report_date` ASC, `status` ASC, `user_id` ASC) USING BTREE,
  INDEX `idx_daily_reports_project_date_status`(`project_id` ASC, `report_date` ASC, `status` ASC) USING BTREE,
  CONSTRAINT `fk_daily_reports_project` FOREIGN KEY (`project_id`) REFERENCES `projects` (`id`) ON DELETE RESTRICT ON UPDATE RESTRICT,
  CONSTRAINT `fk_daily_reports_user` FOREIGN KEY (`user_id`) REFERENCES `users` (`id`) ON DELETE RESTRICT ON UPDATE RESTRICT
) ENGINE = InnoDB AUTO_INCREMENT = 197 CHARACTER SET = utf8mb4 COLLATE = utf8mb4_unicode_ci ROW_FORMAT = DYNAMIC;

-- ----------------------------
-- Records of daily_reports
-- ----------------------------
INSERT INTO `daily_reports` VALUES (132, 8, '2026-06-22', 205, 'submitted', '2026-06-30 11:33:21', '2026-06-30 11:35:12');
INSERT INTO `daily_reports` VALUES (179, 8, '2026-06-23', 205, 'submitted', '2026-06-30 13:09:46', '2026-06-30 13:09:46');
INSERT INTO `daily_reports` VALUES (181, 8, '2026-06-24', 205, 'submitted', '2026-06-30 13:33:24', '2026-06-30 13:33:24');
INSERT INTO `daily_reports` VALUES (182, 8, '2026-06-25', 205, 'submitted', '2026-06-30 13:35:11', '2026-06-30 13:35:11');
INSERT INTO `daily_reports` VALUES (183, 8, '2026-06-26', 205, 'submitted', '2026-06-30 13:35:32', '2026-06-30 13:35:32');

-- ----------------------------
-- Table structure for project_initiation_review_nodes
-- ----------------------------
DROP TABLE IF EXISTS `project_initiation_review_nodes`;
CREATE TABLE `project_initiation_review_nodes`  (
  `id` bigint UNSIGNED NOT NULL AUTO_INCREMENT,
  `project_id` bigint UNSIGNED NOT NULL,
  `stage_document_id` bigint UNSIGNED NOT NULL,
  `node_key` enum('business_review','technical_review','general_review') CHARACTER SET utf8mb4 COLLATE utf8mb4_unicode_ci NOT NULL,
  `node_status` enum('waiting_document_submission','pending','approved','returned_blocked_by_rework','waiting_prerequisite','invalidated') CHARACTER SET utf8mb4 COLLATE utf8mb4_unicode_ci NOT NULL,
  `reviewer_user_id` bigint UNSIGNED NULL DEFAULT NULL,
  `reviewer_role` varchar(64) CHARACTER SET utf8mb4 COLLATE utf8mb4_unicode_ci NOT NULL,
  `reviewer_department` varchar(64) CHARACTER SET utf8mb4 COLLATE utf8mb4_unicode_ci NULL DEFAULT NULL,
  `comment` varchar(1000) CHARACTER SET utf8mb4 COLLATE utf8mb4_unicode_ci NULL DEFAULT NULL,
  `return_reason` varchar(1000) CHARACTER SET utf8mb4 COLLATE utf8mb4_unicode_ci NULL DEFAULT NULL,
  `submitted_by_user_id` bigint UNSIGNED NULL DEFAULT NULL,
  `submitted_at` datetime NULL DEFAULT NULL,
  `reviewed_by_user_id` bigint UNSIGNED NULL DEFAULT NULL,
  `reviewed_at` datetime NULL DEFAULT NULL,
  `invalidated_at` datetime NULL DEFAULT NULL,
  `invalidated_reason` varchar(255) CHARACTER SET utf8mb4 COLLATE utf8mb4_unicode_ci NULL DEFAULT NULL,
  `created_at` timestamp NOT NULL DEFAULT CURRENT_TIMESTAMP,
  `updated_at` timestamp NOT NULL DEFAULT CURRENT_TIMESTAMP ON UPDATE CURRENT_TIMESTAMP,
  PRIMARY KEY (`id`) USING BTREE,
  UNIQUE INDEX `uk_project_initiation_review_nodes_document_node`(`stage_document_id` ASC, `node_key` ASC) USING BTREE,
  INDEX `idx_project_initiation_review_nodes_project_status`(`project_id` ASC, `node_status` ASC) USING BTREE,
  INDEX `idx_project_initiation_review_nodes_reviewer`(`reviewer_role` ASC, `reviewer_department` ASC, `node_status` ASC) USING BTREE,
  INDEX `idx_project_initiation_review_nodes_reviewer_user`(`reviewer_user_id` ASC) USING BTREE,
  INDEX `idx_project_initiation_review_nodes_reviewed_by`(`reviewed_by_user_id` ASC) USING BTREE,
  CONSTRAINT `fk_project_initiation_review_nodes_project` FOREIGN KEY (`project_id`) REFERENCES `projects` (`id`) ON DELETE CASCADE ON UPDATE RESTRICT,
  CONSTRAINT `fk_project_initiation_review_nodes_reviewed_by` FOREIGN KEY (`reviewed_by_user_id`) REFERENCES `users` (`id`) ON DELETE SET NULL ON UPDATE RESTRICT,
  CONSTRAINT `fk_project_initiation_review_nodes_reviewer_user` FOREIGN KEY (`reviewer_user_id`) REFERENCES `users` (`id`) ON DELETE SET NULL ON UPDATE RESTRICT,
  CONSTRAINT `fk_project_initiation_review_nodes_stage_document` FOREIGN KEY (`stage_document_id`) REFERENCES `project_stage_documents` (`id`) ON DELETE CASCADE ON UPDATE RESTRICT
) ENGINE = InnoDB AUTO_INCREMENT = 2997 CHARACTER SET = utf8mb4 COLLATE = utf8mb4_unicode_ci ROW_FORMAT = DYNAMIC;

-- ----------------------------
-- Records of project_initiation_review_nodes
-- ----------------------------
INSERT INTO `project_initiation_review_nodes` VALUES (1, 1, 66, 'business_review', 'waiting_document_submission', NULL, 'center_manager', 'marketing_center', NULL, NULL, NULL, NULL, NULL, NULL, NULL, NULL, '2026-06-29 14:34:41', '2026-06-29 14:34:41');
INSERT INTO `project_initiation_review_nodes` VALUES (2, 1, 66, 'technical_review', 'waiting_document_submission', NULL, 'center_manager', 'rd_center', NULL, NULL, NULL, NULL, NULL, NULL, NULL, NULL, '2026-06-29 14:34:41', '2026-06-29 14:34:41');
INSERT INTO `project_initiation_review_nodes` VALUES (3, 1, 66, 'general_review', 'waiting_prerequisite', NULL, 'general_manager', NULL, NULL, NULL, NULL, NULL, NULL, NULL, NULL, NULL, '2026-06-29 14:34:41', '2026-06-29 14:34:41');
INSERT INTO `project_initiation_review_nodes` VALUES (4, 14, 898, 'business_review', 'waiting_document_submission', NULL, 'center_manager', 'marketing_center', NULL, NULL, NULL, NULL, NULL, NULL, NULL, NULL, '2026-06-29 14:34:41', '2026-06-29 14:34:41');
INSERT INTO `project_initiation_review_nodes` VALUES (5, 14, 898, 'technical_review', 'waiting_document_submission', NULL, 'center_manager', 'rd_center', NULL, NULL, NULL, NULL, NULL, NULL, NULL, NULL, '2026-06-29 14:34:41', '2026-06-29 14:34:41');
INSERT INTO `project_initiation_review_nodes` VALUES (6, 14, 898, 'general_review', 'waiting_prerequisite', NULL, 'general_manager', NULL, NULL, NULL, NULL, NULL, NULL, NULL, NULL, NULL, '2026-06-29 14:34:41', '2026-06-29 14:34:41');
INSERT INTO `project_initiation_review_nodes` VALUES (7, 15, 962, 'business_review', 'pending', NULL, 'center_manager', 'marketing_center', NULL, NULL, NULL, '2026-06-29 14:34:42', NULL, NULL, NULL, NULL, '2026-06-29 14:34:41', '2026-06-29 14:34:41');
INSERT INTO `project_initiation_review_nodes` VALUES (8, 15, 962, 'technical_review', 'pending', NULL, 'center_manager', 'rd_center', NULL, NULL, NULL, '2026-06-29 14:34:42', NULL, NULL, NULL, NULL, '2026-06-29 14:34:41', '2026-06-29 14:34:41');
INSERT INTO `project_initiation_review_nodes` VALUES (9, 15, 962, 'general_review', 'waiting_prerequisite', NULL, 'general_manager', NULL, NULL, NULL, NULL, '2026-06-29 14:34:42', NULL, NULL, NULL, NULL, '2026-06-29 14:34:41', '2026-06-29 14:34:41');
INSERT INTO `project_initiation_review_nodes` VALUES (1390, 190, 12162, 'business_review', 'approved', NULL, 'center_manager', 'marketing_center', '无异议', NULL, 20, '2026-06-29 15:44:17', 20, '2026-06-29 15:45:39', NULL, NULL, '2026-06-29 15:35:54', '2026-06-29 15:45:39');
INSERT INTO `project_initiation_review_nodes` VALUES (1391, 190, 12162, 'technical_review', 'approved', NULL, 'center_manager', 'rd_center', '无异议', NULL, 20, '2026-06-29 15:44:17', 1, '2026-06-29 15:46:26', NULL, NULL, '2026-06-29 15:35:54', '2026-06-29 15:46:26');
INSERT INTO `project_initiation_review_nodes` VALUES (1392, 190, 12162, 'general_review', 'approved', NULL, 'general_manager', NULL, '无异议', NULL, 20, '2026-06-29 15:44:17', 25, '2026-06-29 15:47:51', NULL, NULL, '2026-06-29 15:35:54', '2026-06-29 15:47:51');
INSERT INTO `project_initiation_review_nodes` VALUES (1597, 205, 13122, 'business_review', 'approved', NULL, 'center_manager', 'marketing_center', NULL, NULL, 8, '2026-06-30 11:07:58', 20, '2026-06-30 14:00:00', NULL, NULL, '2026-06-30 10:22:44', '2026-06-30 14:00:00');
INSERT INTO `project_initiation_review_nodes` VALUES (1598, 205, 13122, 'technical_review', 'approved', NULL, 'center_manager', 'rd_center', NULL, NULL, 8, '2026-06-30 11:07:58', 1, '2026-06-30 13:43:53', NULL, NULL, '2026-06-30 10:22:44', '2026-06-30 13:43:53');
INSERT INTO `project_initiation_review_nodes` VALUES (1599, 205, 13122, 'general_review', 'approved', NULL, 'general_manager', NULL, NULL, NULL, 8, '2026-06-30 11:07:58', 25, '2026-06-30 14:01:28', NULL, NULL, '2026-06-30 10:22:44', '2026-06-30 14:01:28');
INSERT INTO `project_initiation_review_nodes` VALUES (2819, 342, 17666, 'business_review', 'pending', NULL, 'center_manager', 'marketing_center', NULL, NULL, 20, '2026-06-30 15:00:54', NULL, NULL, NULL, NULL, '2026-06-30 14:41:25', '2026-06-30 15:00:54');
INSERT INTO `project_initiation_review_nodes` VALUES (2820, 342, 17666, 'technical_review', 'returned_blocked_by_rework', NULL, 'center_manager', 'rd_center', NULL, '1', 20, '2026-06-30 15:00:54', 1, '2026-06-30 15:02:21', NULL, NULL, '2026-06-30 14:41:25', '2026-06-30 15:02:21');
INSERT INTO `project_initiation_review_nodes` VALUES (2821, 342, 17666, 'general_review', 'waiting_prerequisite', NULL, 'general_manager', NULL, NULL, NULL, 20, '2026-06-30 15:00:54', NULL, NULL, NULL, NULL, '2026-06-30 14:41:25', '2026-06-30 15:00:54');

-- ----------------------------
-- Table structure for project_stage_approval_history
-- ----------------------------
DROP TABLE IF EXISTS `project_stage_approval_history`;
CREATE TABLE `project_stage_approval_history`  (
  `id` bigint UNSIGNED NOT NULL AUTO_INCREMENT,
  `project_id` bigint UNSIGNED NOT NULL,
  `stage_id` bigint UNSIGNED NOT NULL,
  `approval_node` varchar(128) CHARACTER SET utf8mb4 COLLATE utf8mb4_unicode_ci NOT NULL,
  `action_type` varchar(64) CHARACTER SET utf8mb4 COLLATE utf8mb4_unicode_ci NOT NULL,
  `actor_user_id` bigint UNSIGNED NOT NULL,
  `actor_approval_role` varchar(64) CHARACTER SET utf8mb4 COLLATE utf8mb4_unicode_ci NOT NULL,
  `comment` varchar(1000) CHARACTER SET utf8mb4 COLLATE utf8mb4_unicode_ci NULL DEFAULT NULL,
  `from_approval_status` varchar(64) CHARACTER SET utf8mb4 COLLATE utf8mb4_unicode_ci NOT NULL,
  `to_approval_status` varchar(64) CHARACTER SET utf8mb4 COLLATE utf8mb4_unicode_ci NOT NULL,
  `created_at` timestamp NOT NULL DEFAULT CURRENT_TIMESTAMP,
  PRIMARY KEY (`id`) USING BTREE,
  INDEX `idx_project_stage_approval_history_project`(`project_id` ASC) USING BTREE,
  INDEX `idx_project_stage_approval_history_stage`(`stage_id` ASC) USING BTREE,
  INDEX `idx_project_stage_approval_history_project_stage_sort`(`project_id` ASC, `stage_id` ASC, `created_at` ASC, `id` ASC) USING BTREE,
  INDEX `fk_project_stage_approval_history_actor`(`actor_user_id` ASC) USING BTREE,
  CONSTRAINT `fk_project_stage_approval_history_actor` FOREIGN KEY (`actor_user_id`) REFERENCES `users` (`id`) ON DELETE RESTRICT ON UPDATE RESTRICT,
  CONSTRAINT `fk_project_stage_approval_history_project` FOREIGN KEY (`project_id`) REFERENCES `projects` (`id`) ON DELETE CASCADE ON UPDATE RESTRICT,
  CONSTRAINT `fk_project_stage_approval_history_stage` FOREIGN KEY (`stage_id`) REFERENCES `project_stages` (`id`) ON DELETE CASCADE ON UPDATE RESTRICT
) ENGINE = InnoDB CHARACTER SET = utf8mb4 COLLATE = utf8mb4_unicode_ci ROW_FORMAT = DYNAMIC;

-- ----------------------------
-- Records of project_stage_approval_history
-- ----------------------------

-- ----------------------------
-- Table structure for project_stage_document_attachments
-- ----------------------------
DROP TABLE IF EXISTS `project_stage_document_attachments`;
CREATE TABLE `project_stage_document_attachments`  (
  `id` bigint UNSIGNED NOT NULL AUTO_INCREMENT,
  `project_id` bigint UNSIGNED NOT NULL,
  `stage_document_id` bigint UNSIGNED NOT NULL,
  `original_file_name` varchar(255) CHARACTER SET utf8mb4 COLLATE utf8mb4_unicode_ci NOT NULL,
  `storage_key` varchar(255) CHARACTER SET utf8mb4 COLLATE utf8mb4_unicode_ci NOT NULL,
  `mime_type` varchar(255) CHARACTER SET utf8mb4 COLLATE utf8mb4_unicode_ci NULL DEFAULT NULL,
  `file_size` bigint UNSIGNED NOT NULL,
  `uploaded_by_user_id` bigint UNSIGNED NOT NULL,
  `uploaded_at` datetime NOT NULL DEFAULT CURRENT_TIMESTAMP,
  `deleted_by_user_id` bigint UNSIGNED NULL DEFAULT NULL,
  `deleted_at` datetime NULL DEFAULT NULL,
  `created_at` timestamp NOT NULL DEFAULT CURRENT_TIMESTAMP,
  `updated_at` timestamp NOT NULL DEFAULT CURRENT_TIMESTAMP ON UPDATE CURRENT_TIMESTAMP,
  PRIMARY KEY (`id`) USING BTREE,
  UNIQUE INDEX `uk_stage_document_attachments_storage_key`(`storage_key` ASC) USING BTREE,
  INDEX `idx_stage_document_attachments_project`(`project_id` ASC) USING BTREE,
  INDEX `idx_stage_document_attachments_document_deleted_sort`(`stage_document_id` ASC, `deleted_at` ASC, `uploaded_at` DESC, `id` DESC) USING BTREE,
  INDEX `idx_stage_document_attachments_uploaded_by`(`uploaded_by_user_id` ASC) USING BTREE,
  INDEX `idx_stage_document_attachments_deleted_by`(`deleted_by_user_id` ASC) USING BTREE,
  CONSTRAINT `fk_stage_document_attachments_deleted_by` FOREIGN KEY (`deleted_by_user_id`) REFERENCES `users` (`id`) ON DELETE SET NULL ON UPDATE RESTRICT,
  CONSTRAINT `fk_stage_document_attachments_project` FOREIGN KEY (`project_id`) REFERENCES `projects` (`id`) ON DELETE CASCADE ON UPDATE RESTRICT,
  CONSTRAINT `fk_stage_document_attachments_stage_document` FOREIGN KEY (`stage_document_id`) REFERENCES `project_stage_documents` (`id`) ON DELETE CASCADE ON UPDATE RESTRICT,
  CONSTRAINT `fk_stage_document_attachments_uploaded_by` FOREIGN KEY (`uploaded_by_user_id`) REFERENCES `users` (`id`) ON DELETE RESTRICT ON UPDATE RESTRICT
) ENGINE = InnoDB AUTO_INCREMENT = 99 CHARACTER SET = utf8mb4 COLLATE = utf8mb4_unicode_ci ROW_FORMAT = DYNAMIC;

-- ----------------------------
-- Records of project_stage_document_attachments
-- ----------------------------
INSERT INTO `project_stage_document_attachments` VALUES (6, 15, 961, '新旧扳手协议转换模块资料摘要.md', '15\\961\\1782446006436-398c3201-aeda-47ed-8f13-6e73eb325d50', 'text/markdown', 11989, 20, '2026-06-26 11:53:26', NULL, NULL, '2026-06-26 11:53:26', '2026-06-26 11:53:26');
INSERT INTO `project_stage_document_attachments` VALUES (7, 15, 962, '项目参数台账.md', '15\\962\\1782446269657-0db6a76d-99d7-42f7-b0e1-253b10681667', 'text/markdown', 13434, 20, '2026-06-26 11:57:49', NULL, NULL, '2026-06-26 11:57:49', '2026-06-26 11:57:49');
INSERT INTO `project_stage_document_attachments` VALUES (8, 15, 963, '旧扳手BLE模拟测试记录.md', '15\\963\\1782452428450-659d3f38-31fd-49a8-898e-f888d8c7420b', 'text/markdown', 8130, 20, '2026-06-26 13:40:28', NULL, NULL, '2026-06-26 13:40:28', '2026-06-26 13:40:28');
INSERT INTO `project_stage_document_attachments` VALUES (9, 15, 965, '测试日志与修改记录.md', '15\\965\\1782453459588-4f613a5e-1b05-421d-b4bb-0d913d438cb9', 'text/markdown', 17409, 8, '2026-06-26 13:57:39', 8, '2026-06-26 13:59:03', '2026-06-26 13:57:39', '2026-06-26 13:59:03');
INSERT INTO `project_stage_document_attachments` VALUES (10, 15, 965, '旧扳手BLE模拟测试记录.md', '15\\965\\1782453548465-ce2e5fc3-5fc7-4bc9-995b-923ceb7c0044', 'text/markdown', 8130, 8, '2026-06-26 13:59:08', NULL, NULL, '2026-06-26 13:59:08', '2026-06-26 13:59:08');
INSERT INTO `project_stage_document_attachments` VALUES (74, 190, 12161, '新旧扳手协议转换模块资料摘要.md', '190\\12161\\1782718764105-339acefd-ecdb-46ed-867b-18db06dc34cd', 'text/markdown', 11989, 10, '2026-06-29 15:39:24', NULL, NULL, '2026-06-29 15:39:24', '2026-06-29 15:39:24');
INSERT INTO `project_stage_document_attachments` VALUES (75, 190, 12162, '项目参数台账.md', '190\\12162\\1782719051427-07c57f43-7a04-4432-8464-a4602b6cd5f9', 'text/markdown', 13434, 20, '2026-06-29 15:44:11', NULL, NULL, '2026-06-29 15:44:11', '2026-06-29 15:44:11');
INSERT INTO `project_stage_document_attachments` VALUES (76, 190, 12163, '旧扳手BLE模拟测试记录.md', '190\\12163\\1782719488527-0a696e9a-c8d1-4b99-af53-facc87039fa5', 'text/markdown', 8130, 20, '2026-06-29 15:51:28', NULL, NULL, '2026-06-29 15:51:28', '2026-06-29 15:51:28');
INSERT INTO `project_stage_document_attachments` VALUES (94, 205, 13123, '屏幕截图 2026-06-30 112441.png', '205\\13123\\1782799545852-766fbbfa-ba78-412f-b46b-91127384ad57', 'image/png', 78864, 20, '2026-06-30 14:05:45', NULL, NULL, '2026-06-30 14:05:45', '2026-06-30 14:05:45');
INSERT INTO `project_stage_document_attachments` VALUES (95, 342, 17665, '屏幕截图 2026-06-29 114128.png', '342\\17665\\1782802796856-1bd0b838-9a31-4f62-88f6-8812e32eb6ce', 'image/png', 82872, 20, '2026-06-30 14:59:56', NULL, NULL, '2026-06-30 14:59:56', '2026-06-30 14:59:56');
INSERT INTO `project_stage_document_attachments` VALUES (96, 342, 17666, '屏幕截图 2026-06-30 112441.png', '342\\17666\\1782802851691-c86d8320-eb17-43c8-99d9-67b0898746d1', 'image/png', 78864, 20, '2026-06-30 15:00:51', NULL, NULL, '2026-06-30 15:00:51', '2026-06-30 15:00:51');

-- ----------------------------
-- Table structure for project_stage_documents
-- ----------------------------
DROP TABLE IF EXISTS `project_stage_documents`;
CREATE TABLE `project_stage_documents`  (
  `id` bigint UNSIGNED NOT NULL AUTO_INCREMENT,
  `project_id` bigint UNSIGNED NOT NULL,
  `template_id` bigint UNSIGNED NULL DEFAULT NULL,
  `template_version` varchar(32) CHARACTER SET utf8mb4 COLLATE utf8mb4_unicode_ci NOT NULL,
  `stage_order` tinyint UNSIGNED NOT NULL,
  `stage_key` varchar(64) CHARACTER SET utf8mb4 COLLATE utf8mb4_unicode_ci NOT NULL,
  `stage_name` varchar(64) CHARACTER SET utf8mb4 COLLATE utf8mb4_unicode_ci NOT NULL,
  `document_code` varchar(32) CHARACTER SET utf8mb4 COLLATE utf8mb4_unicode_ci NOT NULL,
  `document_order` smallint UNSIGNED NOT NULL,
  `document_name` varchar(255) CHARACTER SET utf8mb4 COLLATE utf8mb4_unicode_ci NOT NULL,
  `is_required` tinyint(1) NOT NULL DEFAULT 1,
  `default_responsibility_role` varchar(255) CHARACTER SET utf8mb4 COLLATE utf8mb4_unicode_ci NOT NULL,
  `confirm_role` varchar(255) CHARACTER SET utf8mb4 COLLATE utf8mb4_unicode_ci NOT NULL,
  `owner_department` varchar(64) CHARACTER SET utf8mb4 COLLATE utf8mb4_unicode_ci NULL DEFAULT NULL,
  `review_department` varchar(64) CHARACTER SET utf8mb4 COLLATE utf8mb4_unicode_ci NULL DEFAULT NULL,
  `completion_mode` enum('submit_only','approval_required','conditional_submit','conditional_approval') CHARACTER SET utf8mb4 COLLATE utf8mb4_unicode_ci NOT NULL DEFAULT 'approval_required',
  `submit_mode` enum('online_form','file_upload','mixed','tbd') CHARACTER SET utf8mb4 COLLATE utf8mb4_unicode_ci NOT NULL,
  `target_folder_path` varchar(512) CHARACTER SET utf8mb4 COLLATE utf8mb4_unicode_ci NOT NULL,
  `target_folder_id` varchar(128) CHARACTER SET utf8mb4 COLLATE utf8mb4_unicode_ci NULL DEFAULT NULL,
  `status` enum('not_submitted','submitted','confirmed','returned') CHARACTER SET utf8mb4 COLLATE utf8mb4_unicode_ci NOT NULL DEFAULT 'not_submitted',
  `is_applicable` tinyint(1) NOT NULL DEFAULT 1,
  `responsible_user_id` bigint UNSIGNED NULL DEFAULT NULL,
  `responsibility_updated_by_user_id` bigint UNSIGNED NULL DEFAULT NULL,
  `responsibility_updated_at` datetime NULL DEFAULT NULL,
  `form_record_id` varchar(128) CHARACTER SET utf8mb4 COLLATE utf8mb4_unicode_ci NULL DEFAULT NULL,
  `file_record_id` varchar(128) CHARACTER SET utf8mb4 COLLATE utf8mb4_unicode_ci NULL DEFAULT NULL,
  `submitted_by_user_id` bigint UNSIGNED NULL DEFAULT NULL,
  `confirmed_by_user_id` bigint UNSIGNED NULL DEFAULT NULL,
  `returned_by_user_id` bigint UNSIGNED NULL DEFAULT NULL,
  `submitted_at` datetime NULL DEFAULT NULL,
  `confirmed_at` datetime NULL DEFAULT NULL,
  `returned_at` datetime NULL DEFAULT NULL,
  `return_reason` varchar(1000) CHARACTER SET utf8mb4 COLLATE utf8mb4_unicode_ci NULL DEFAULT NULL,
  `revision_required` tinyint(1) NOT NULL DEFAULT 0,
  `revision_reason` varchar(1000) CHARACTER SET utf8mb4 COLLATE utf8mb4_unicode_ci NULL DEFAULT NULL,
  `revision_source_document_id` bigint UNSIGNED NULL DEFAULT NULL,
  `revision_requested_by_user_id` bigint UNSIGNED NULL DEFAULT NULL,
  `revision_requested_at` datetime NULL DEFAULT NULL,
  `revision_resubmitted_by_user_id` bigint UNSIGNED NULL DEFAULT NULL,
  `revision_resubmitted_at` datetime NULL DEFAULT NULL,
  `revision_completed_by_user_id` bigint UNSIGNED NULL DEFAULT NULL,
  `revision_completed_at` datetime NULL DEFAULT NULL,
  `not_applicable_by_user_id` bigint UNSIGNED NULL DEFAULT NULL,
  `not_applicable_at` datetime NULL DEFAULT NULL,
  `not_applicable_reason` varchar(1000) CHARACTER SET utf8mb4 COLLATE utf8mb4_unicode_ci NULL DEFAULT NULL,
  `restored_applicable_by_user_id` bigint UNSIGNED NULL DEFAULT NULL,
  `restored_applicable_at` datetime NULL DEFAULT NULL,
  `created_at` timestamp NOT NULL DEFAULT CURRENT_TIMESTAMP,
  `updated_at` timestamp NOT NULL DEFAULT CURRENT_TIMESTAMP ON UPDATE CURRENT_TIMESTAMP,
  PRIMARY KEY (`id`) USING BTREE,
  UNIQUE INDEX `uk_project_stage_documents_project_doc`(`project_id` ASC, `stage_key` ASC, `document_code` ASC) USING BTREE,
  INDEX `idx_project_stage_documents_project_stage`(`project_id` ASC, `stage_order` ASC, `document_order` ASC) USING BTREE,
  INDEX `idx_project_stage_documents_status`(`status` ASC) USING BTREE,
  INDEX `fk_project_stage_documents_template`(`template_id` ASC) USING BTREE,
  CONSTRAINT `fk_project_stage_documents_project` FOREIGN KEY (`project_id`) REFERENCES `projects` (`id`) ON DELETE CASCADE ON UPDATE RESTRICT,
  CONSTRAINT `fk_project_stage_documents_template` FOREIGN KEY (`template_id`) REFERENCES `stage_document_templates` (`id`) ON DELETE SET NULL ON UPDATE RESTRICT
) ENGINE = InnoDB AUTO_INCREMENT = 18369 CHARACTER SET = utf8mb4 COLLATE = utf8mb4_unicode_ci ROW_FORMAT = DYNAMIC;

-- ----------------------------
-- Records of project_stage_documents
-- ----------------------------
INSERT INTO `project_stage_documents` VALUES (65, 1, 818, 'v20260625', 1, 'initiation', '立项阶段', '1.1', 1, '项目需求表', 1, '研发中心填写，营销组织调研', '营销组织调研，研发填写生成', 'rd_center', 'marketing_center', 'submit_only', 'file_upload', '1-立项/1.1 项目需求表', NULL, 'not_submitted', 1, NULL, NULL, NULL, NULL, NULL, NULL, NULL, NULL, NULL, NULL, NULL, NULL, 0, NULL, NULL, NULL, NULL, NULL, NULL, NULL, NULL, NULL, NULL, NULL, NULL, NULL, '2026-06-26 10:15:32', '2026-06-26 10:15:32');
INSERT INTO `project_stage_documents` VALUES (66, 1, 819, 'v20260625', 1, 'initiation', '立项阶段', '1.2', 2, '项目立项审批表', 1, '营销人员', '商务评价、技术评价、总经理审批', 'marketing_center', NULL, 'approval_required', 'file_upload', '1-立项/1.2 项目立项审批表', NULL, 'not_submitted', 1, NULL, NULL, NULL, NULL, NULL, NULL, NULL, NULL, NULL, NULL, NULL, NULL, 0, NULL, NULL, NULL, NULL, NULL, NULL, NULL, NULL, NULL, NULL, NULL, NULL, NULL, '2026-06-26 10:15:32', '2026-06-26 10:15:32');
INSERT INTO `project_stage_documents` VALUES (67, 1, 820, 'v20260625', 1, 'initiation', '立项阶段', '1.3', 3, '项目立项通知', 1, '营销总监', '营销中心', 'marketing_center', 'marketing_center', 'submit_only', 'file_upload', '1-立项/1.3 项目立项通知', NULL, 'not_submitted', 1, NULL, NULL, NULL, NULL, NULL, NULL, NULL, NULL, NULL, NULL, NULL, NULL, 0, NULL, NULL, NULL, NULL, NULL, NULL, NULL, NULL, NULL, NULL, NULL, NULL, NULL, '2026-06-26 10:15:32', '2026-06-26 10:15:32');
INSERT INTO `project_stage_documents` VALUES (68, 1, 821, 'v20260625', 2, 'solution', '方案设计阶段', '2.1', 1, '方案设计工作计划', 1, '项目经理', '项目经理确认', 'rd_center', NULL, 'submit_only', 'file_upload', '2-方案设计/2.1 方案设计工作计划', NULL, 'not_submitted', 1, NULL, NULL, NULL, NULL, NULL, NULL, NULL, NULL, NULL, NULL, NULL, NULL, 0, NULL, NULL, NULL, NULL, NULL, NULL, NULL, NULL, NULL, NULL, NULL, NULL, NULL, '2026-06-26 10:15:32', '2026-06-26 10:15:32');
INSERT INTO `project_stage_documents` VALUES (69, 1, 822, 'v20260625', 2, 'solution', '方案设计阶段', '2.2', 2, '项目方案分析表', 1, '技术负责人', '项目经理确认', 'rd_center', NULL, 'approval_required', 'file_upload', '2-方案设计/2.2 项目方案分析表', NULL, 'not_submitted', 1, NULL, NULL, NULL, NULL, NULL, NULL, NULL, NULL, NULL, NULL, NULL, NULL, 0, NULL, NULL, NULL, NULL, NULL, NULL, NULL, NULL, NULL, NULL, NULL, NULL, NULL, '2026-06-26 10:15:32', '2026-06-26 10:15:32');
INSERT INTO `project_stage_documents` VALUES (70, 1, 823, 'v20260625', 2, 'solution', '方案设计阶段', '2.3', 3, '产品功能框图', 1, '技术负责人', '技术负责人确认', 'rd_center', 'rd_center', 'approval_required', 'file_upload', '2-方案设计/2.3 产品功能框图', NULL, 'not_submitted', 1, NULL, NULL, NULL, NULL, NULL, NULL, NULL, NULL, NULL, NULL, NULL, NULL, 0, NULL, NULL, NULL, NULL, NULL, NULL, NULL, NULL, NULL, NULL, NULL, NULL, NULL, '2026-06-26 10:15:32', '2026-06-26 10:15:32');
INSERT INTO `project_stage_documents` VALUES (71, 1, 824, 'v20260625', 2, 'solution', '方案设计阶段', '2.4', 4, '3D模型', 1, '机械/方案设计人员', '技术负责人确认', 'rd_center', 'rd_center', 'submit_only', 'file_upload', '2-方案设计/2.4 3D模型', NULL, 'not_submitted', 1, NULL, NULL, NULL, NULL, NULL, NULL, NULL, NULL, NULL, NULL, NULL, NULL, 0, NULL, NULL, NULL, NULL, NULL, NULL, NULL, NULL, NULL, NULL, NULL, NULL, NULL, '2026-06-26 10:15:32', '2026-06-26 10:15:32');
INSERT INTO `project_stage_documents` VALUES (72, 1, 825, 'v20260625', 2, 'solution', '方案设计阶段', '2.5', 5, '布局图', 1, '机械/方案设计人员', '技术负责人确认', 'rd_center', 'rd_center', 'submit_only', 'file_upload', '2-方案设计/2.5 布局图', NULL, 'not_submitted', 1, NULL, NULL, NULL, NULL, NULL, NULL, NULL, NULL, NULL, NULL, NULL, NULL, 0, NULL, NULL, NULL, NULL, NULL, NULL, NULL, NULL, NULL, NULL, NULL, NULL, NULL, '2026-06-26 10:15:32', '2026-06-26 10:15:32');
INSERT INTO `project_stage_documents` VALUES (73, 1, 826, 'v20260625', 2, 'solution', '方案设计阶段', '2.6', 6, '工艺时序图', 0, '技术负责人/工艺负责人', '技术负责人确认', 'rd_center', 'rd_center', 'conditional_submit', 'file_upload', '2-方案设计/2.6 工艺时序图', NULL, 'not_submitted', 1, NULL, NULL, NULL, NULL, NULL, NULL, NULL, NULL, NULL, NULL, NULL, NULL, 0, NULL, NULL, NULL, NULL, NULL, NULL, NULL, NULL, NULL, NULL, NULL, NULL, NULL, '2026-06-26 10:15:32', '2026-06-26 10:15:32');
INSERT INTO `project_stage_documents` VALUES (74, 1, 827, 'v20260625', 2, 'solution', '方案设计阶段', '2.7', 7, '节拍表', 0, '技术负责人/工艺负责人', '技术负责人确认', 'rd_center', 'rd_center', 'conditional_submit', 'file_upload', '2-方案设计/2.7 节拍表', NULL, 'not_submitted', 1, NULL, NULL, NULL, NULL, NULL, NULL, NULL, NULL, NULL, NULL, NULL, NULL, 0, NULL, NULL, NULL, NULL, NULL, NULL, NULL, NULL, NULL, NULL, NULL, NULL, NULL, '2026-06-26 10:15:32', '2026-06-26 10:15:32');
INSERT INTO `project_stage_documents` VALUES (75, 1, 828, 'v20260625', 2, 'solution', '方案设计阶段', '2.8', 8, '演示动画', 0, '机械/方案设计人员', '项目经理确认', 'rd_center', NULL, 'conditional_submit', 'file_upload', '2-方案设计/2.8 演示动画', NULL, 'not_submitted', 1, NULL, NULL, NULL, NULL, NULL, NULL, NULL, NULL, NULL, NULL, NULL, NULL, 0, NULL, NULL, NULL, NULL, NULL, NULL, NULL, NULL, NULL, NULL, NULL, NULL, NULL, '2026-06-26 10:15:32', '2026-06-26 10:15:32');
INSERT INTO `project_stage_documents` VALUES (76, 1, 829, 'v20260625', 2, 'solution', '方案设计阶段', '2.9', 9, '电气功能框图', 1, '电气工程师', '技术负责人确认', 'rd_center', 'rd_center', 'submit_only', 'file_upload', '2-方案设计/2.9 电气功能框图', NULL, 'not_submitted', 1, NULL, NULL, NULL, NULL, NULL, NULL, NULL, NULL, NULL, NULL, NULL, NULL, 0, NULL, NULL, NULL, NULL, NULL, NULL, NULL, NULL, NULL, NULL, NULL, NULL, NULL, '2026-06-26 10:15:32', '2026-06-26 10:15:32');
INSERT INTO `project_stage_documents` VALUES (77, 1, 830, 'v20260625', 2, 'solution', '方案设计阶段', '2.10', 10, '软件功能框图', 1, '软件工程师', '技术负责人确认', 'rd_center', 'rd_center', 'submit_only', 'file_upload', '2-方案设计/2.10 软件功能框图', NULL, 'not_submitted', 1, NULL, NULL, NULL, NULL, NULL, NULL, NULL, NULL, NULL, NULL, NULL, NULL, 0, NULL, NULL, NULL, NULL, NULL, NULL, NULL, NULL, NULL, NULL, NULL, NULL, NULL, '2026-06-26 10:15:32', '2026-06-26 10:15:32');
INSERT INTO `project_stage_documents` VALUES (78, 1, 831, 'v20260625', 2, 'solution', '方案设计阶段', '2.11', 11, '项目方案PPT', 1, '技术负责人', '项目经理确认', 'rd_center', NULL, 'submit_only', 'file_upload', '2-方案设计/2.11 项目方案PPT', NULL, 'not_submitted', 1, NULL, NULL, NULL, NULL, NULL, NULL, NULL, NULL, NULL, NULL, NULL, NULL, 0, NULL, NULL, NULL, NULL, NULL, NULL, NULL, NULL, NULL, NULL, NULL, NULL, NULL, '2026-06-26 10:15:32', '2026-06-26 10:15:32');
INSERT INTO `project_stage_documents` VALUES (79, 1, 832, 'v20260625', 2, 'solution', '方案设计阶段', '2.12', 12, '方案评审记录表（内部方案评审）', 1, '技术负责人', '项目经理组织并确认', 'rd_center', NULL, 'approval_required', 'file_upload', '2-方案设计/2.12 方案评审记录表（内部方案评审）', NULL, 'not_submitted', 1, NULL, NULL, NULL, NULL, NULL, NULL, NULL, NULL, NULL, NULL, NULL, NULL, 0, NULL, NULL, NULL, NULL, NULL, NULL, NULL, NULL, NULL, NULL, NULL, NULL, NULL, '2026-06-26 10:15:32', '2026-06-26 10:15:32');
INSERT INTO `project_stage_documents` VALUES (80, 1, 833, 'v20260625', 2, 'solution', '方案设计阶段', '2.13', 13, '方案评审记录表（客户方案评审）', 1, '技术负责人', '营销组织，客户和项目经理确认', 'rd_center', 'marketing_center', 'approval_required', 'file_upload', '2-方案设计/2.13 方案评审记录表（客户方案评审）', NULL, 'not_submitted', 1, NULL, NULL, NULL, NULL, NULL, NULL, NULL, NULL, NULL, NULL, NULL, NULL, 0, NULL, NULL, NULL, NULL, NULL, NULL, NULL, NULL, NULL, NULL, NULL, NULL, NULL, '2026-06-26 10:15:32', '2026-06-26 10:15:32');
INSERT INTO `project_stage_documents` VALUES (81, 1, 834, 'v20260625', 2, 'solution', '方案设计阶段', '2.14', 14, '成本估算表', 1, '研发、制造、运营协作', '研发、制造、运营协作，总经理批准', 'rd_center', 'operations_center', 'approval_required', 'mixed', '2-方案设计/2.14 成本估算表', NULL, 'not_submitted', 1, NULL, NULL, NULL, NULL, NULL, NULL, NULL, NULL, NULL, NULL, NULL, NULL, 0, NULL, NULL, NULL, NULL, NULL, NULL, NULL, NULL, NULL, NULL, NULL, NULL, NULL, '2026-06-26 10:15:32', '2026-06-26 10:15:32');
INSERT INTO `project_stage_documents` VALUES (82, 1, 835, 'v20260625', 2, 'solution', '方案设计阶段', '2.15', 15, '报价单', 1, '营销人员', '总经理批准，客户确认', 'marketing_center', NULL, 'approval_required', 'file_upload', '2-方案设计/2.15 报价单', NULL, 'not_submitted', 1, NULL, NULL, NULL, NULL, NULL, NULL, NULL, NULL, NULL, NULL, NULL, NULL, 0, NULL, NULL, NULL, NULL, NULL, NULL, NULL, NULL, NULL, NULL, NULL, NULL, NULL, '2026-06-26 10:15:32', '2026-06-26 10:15:32');
INSERT INTO `project_stage_documents` VALUES (83, 1, 836, 'v20260625', 3, 'contract', '合同签订阶段', '3.1', 1, '技术协议', 1, '技术负责人', '客户签字盖章，营销组织', 'rd_center', 'marketing_center', 'approval_required', 'file_upload', '3-合同签订/3.1 技术协议', NULL, 'not_submitted', 1, NULL, NULL, NULL, NULL, NULL, NULL, NULL, NULL, NULL, NULL, NULL, NULL, 0, NULL, NULL, NULL, NULL, NULL, NULL, NULL, NULL, NULL, NULL, NULL, NULL, NULL, '2026-06-26 10:15:32', '2026-06-26 10:15:32');
INSERT INTO `project_stage_documents` VALUES (84, 1, 837, 'v20260625', 3, 'contract', '合同签订阶段', '3.2', 2, '销售合同', 1, '营销人员', '客户签字盖章', 'marketing_center', NULL, 'approval_required', 'file_upload', '3-合同签订/3.2 销售合同', NULL, 'not_submitted', 1, NULL, NULL, NULL, NULL, NULL, NULL, NULL, NULL, NULL, NULL, NULL, NULL, 0, NULL, NULL, NULL, NULL, NULL, NULL, NULL, NULL, NULL, NULL, NULL, NULL, NULL, '2026-06-26 10:15:32', '2026-06-26 10:15:32');
INSERT INTO `project_stage_documents` VALUES (85, 1, 838, 'v20260625', 3, 'contract', '合同签订阶段', '3.3', 3, '合同审核记录表（销售合同）', 1, '合同审核人员', '总经理或运营审核对象待业务确认', 'operations_center', 'operations_center', 'approval_required', 'file_upload', '3-合同签订/3.3 合同审核记录表（销售合同）', NULL, 'not_submitted', 1, NULL, NULL, NULL, NULL, NULL, NULL, NULL, NULL, NULL, NULL, NULL, NULL, 0, NULL, NULL, NULL, NULL, NULL, NULL, NULL, NULL, NULL, NULL, NULL, NULL, NULL, '2026-06-26 10:15:32', '2026-06-26 10:15:32');
INSERT INTO `project_stage_documents` VALUES (86, 1, 839, 'v20260625', 3, 'contract', '合同签订阶段', '3.4', 4, '发票（预付款）', 0, '财务人员', '财务开票，营销协调客户付款', 'operations_center', 'marketing_center', 'submit_only', 'file_upload', '3-合同签订/3.4 发票（预付款）', NULL, 'not_submitted', 1, NULL, NULL, NULL, NULL, NULL, NULL, NULL, NULL, NULL, NULL, NULL, NULL, 0, NULL, NULL, NULL, NULL, NULL, NULL, NULL, NULL, NULL, NULL, NULL, NULL, NULL, '2026-06-26 10:15:32', '2026-06-26 10:15:32');
INSERT INTO `project_stage_documents` VALUES (87, 1, 840, 'v20260625', 4, 'detailedDesign', '详细设计阶段', '4.1', 1, '项目启动书', 1, '制造中心', '制造中心组织项目启动会', 'manufacturing_center', 'manufacturing_center', 'submit_only', 'file_upload', '4-详细设计/4.1 项目启动书', NULL, 'not_submitted', 1, NULL, NULL, NULL, NULL, NULL, NULL, NULL, NULL, NULL, NULL, NULL, NULL, 0, NULL, NULL, NULL, NULL, NULL, NULL, NULL, NULL, NULL, NULL, NULL, NULL, NULL, '2026-06-26 10:15:32', '2026-06-26 10:15:32');
INSERT INTO `project_stage_documents` VALUES (88, 1, 841, 'v20260625', 4, 'detailedDesign', '详细设计阶段', '4.2', 2, '详细设计工作计划', 1, '项目经理', '项目经理确认', 'rd_center', NULL, 'submit_only', 'file_upload', '4-详细设计/4.2 详细设计工作计划', NULL, 'not_submitted', 1, NULL, NULL, NULL, NULL, NULL, NULL, NULL, NULL, NULL, NULL, NULL, NULL, 0, NULL, NULL, NULL, NULL, NULL, NULL, NULL, NULL, NULL, NULL, NULL, NULL, NULL, '2026-06-26 10:15:32', '2026-06-26 10:15:32');
INSERT INTO `project_stage_documents` VALUES (89, 1, 842, 'v20260625', 4, 'detailedDesign', '详细设计阶段', '4.3', 3, '3D模型', 1, '机械工程师', '技术负责人确认', 'rd_center', 'rd_center', 'submit_only', 'file_upload', '4-详细设计/4.3 3D模型', NULL, 'not_submitted', 1, NULL, NULL, NULL, NULL, NULL, NULL, NULL, NULL, NULL, NULL, NULL, NULL, 0, NULL, NULL, NULL, NULL, NULL, NULL, NULL, NULL, NULL, NULL, NULL, NULL, NULL, '2026-06-26 10:15:32', '2026-06-26 10:15:32');
INSERT INTO `project_stage_documents` VALUES (90, 1, 843, 'v20260625', 4, 'detailedDesign', '详细设计阶段', '4.4', 4, '电气原理图', 1, '电气工程师', '技术负责人确认', 'rd_center', 'rd_center', 'submit_only', 'file_upload', '4-详细设计/4.4 电气原理图', NULL, 'not_submitted', 1, NULL, NULL, NULL, NULL, NULL, NULL, NULL, NULL, NULL, NULL, NULL, NULL, 0, NULL, NULL, NULL, NULL, NULL, NULL, NULL, NULL, NULL, NULL, NULL, NULL, NULL, '2026-06-26 10:15:32', '2026-06-26 10:15:32');
INSERT INTO `project_stage_documents` VALUES (91, 1, 844, 'v20260625', 4, 'detailedDesign', '详细设计阶段', '4.5', 5, '电气接线图', 1, '电气工程师', '技术负责人确认', 'rd_center', 'rd_center', 'submit_only', 'file_upload', '4-详细设计/4.5 电气接线图', NULL, 'not_submitted', 1, NULL, NULL, NULL, NULL, NULL, NULL, NULL, NULL, NULL, NULL, NULL, NULL, 0, NULL, NULL, NULL, NULL, NULL, NULL, NULL, NULL, NULL, NULL, NULL, NULL, NULL, '2026-06-26 10:15:32', '2026-06-26 10:15:32');
INSERT INTO `project_stage_documents` VALUES (92, 1, 845, 'v20260625', 4, 'detailedDesign', '详细设计阶段', '4.6', 6, '电气布置图', 1, '电气工程师', '技术负责人确认', 'rd_center', 'rd_center', 'submit_only', 'file_upload', '4-详细设计/4.6 电气布置图', NULL, 'not_submitted', 1, NULL, NULL, NULL, NULL, NULL, NULL, NULL, NULL, NULL, NULL, NULL, NULL, 0, NULL, NULL, NULL, NULL, NULL, NULL, NULL, NULL, NULL, NULL, NULL, NULL, NULL, '2026-06-26 10:15:32', '2026-06-26 10:15:32');
INSERT INTO `project_stage_documents` VALUES (93, 1, 846, 'v20260625', 4, 'detailedDesign', '详细设计阶段', '4.7', 7, '控制逻辑流程图', 1, '软件/自动化工程师', '技术负责人确认', 'rd_center', 'rd_center', 'submit_only', 'file_upload', '4-详细设计/4.7 控制逻辑流程图', NULL, 'not_submitted', 1, NULL, NULL, NULL, NULL, NULL, NULL, NULL, NULL, NULL, NULL, NULL, NULL, 0, NULL, NULL, NULL, NULL, NULL, NULL, NULL, NULL, NULL, NULL, NULL, NULL, NULL, '2026-06-26 10:15:32', '2026-06-26 10:15:32');
INSERT INTO `project_stage_documents` VALUES (94, 1, 847, 'v20260625', 4, 'detailedDesign', '详细设计阶段', '4.8', 8, '自动化程序', 1, '软件/自动化工程师', '技术负责人确认', 'rd_center', 'rd_center', 'submit_only', 'file_upload', '4-详细设计/4.8 自动化程序', NULL, 'not_submitted', 1, NULL, NULL, NULL, NULL, NULL, NULL, NULL, NULL, NULL, NULL, NULL, NULL, 0, NULL, NULL, NULL, NULL, NULL, NULL, NULL, NULL, NULL, NULL, NULL, NULL, NULL, '2026-06-26 10:15:32', '2026-06-26 10:15:32');
INSERT INTO `project_stage_documents` VALUES (95, 1, 848, 'v20260625', 4, 'detailedDesign', '详细设计阶段', '4.9', 9, '软件开发说明文档', 1, '软件工程师', '技术负责人确认', 'rd_center', 'rd_center', 'submit_only', 'file_upload', '4-详细设计/4.9 软件开发说明文档', NULL, 'not_submitted', 1, NULL, NULL, NULL, NULL, NULL, NULL, NULL, NULL, NULL, NULL, NULL, NULL, 0, NULL, NULL, NULL, NULL, NULL, NULL, NULL, NULL, NULL, NULL, NULL, NULL, NULL, '2026-06-26 10:15:32', '2026-06-26 10:15:32');
INSERT INTO `project_stage_documents` VALUES (96, 1, 849, 'v20260625', 4, 'detailedDesign', '详细设计阶段', '4.10', 10, 'UI界面设计PPT', 1, '软件/UI人员', '技术负责人确认', 'rd_center', 'rd_center', 'submit_only', 'file_upload', '4-详细设计/4.10 UI界面设计PPT', NULL, 'not_submitted', 1, NULL, NULL, NULL, NULL, NULL, NULL, NULL, NULL, NULL, NULL, NULL, NULL, 0, NULL, NULL, NULL, NULL, NULL, NULL, NULL, NULL, NULL, NULL, NULL, NULL, NULL, '2026-06-26 10:15:32', '2026-06-26 10:15:32');
INSERT INTO `project_stage_documents` VALUES (97, 1, 850, 'v20260625', 4, 'detailedDesign', '详细设计阶段', '4.11', 11, '软件代码', 1, '软件工程师', '技术负责人确认', 'rd_center', 'rd_center', 'submit_only', 'file_upload', '4-详细设计/4.11 软件代码', NULL, 'not_submitted', 1, NULL, NULL, NULL, NULL, NULL, NULL, NULL, NULL, NULL, NULL, NULL, NULL, 0, NULL, NULL, NULL, NULL, NULL, NULL, NULL, NULL, NULL, NULL, NULL, NULL, NULL, '2026-06-26 10:15:32', '2026-06-26 10:15:32');
INSERT INTO `project_stage_documents` VALUES (98, 1, 851, 'v20260625', 4, 'detailedDesign', '详细设计阶段', '4.12', 12, '设计评审记录表（内部设计评审）', 1, '技术负责人', '项目经理组织并确认', 'rd_center', NULL, 'approval_required', 'file_upload', '4-详细设计/4.12 设计评审记录表（内部设计评审）', NULL, 'not_submitted', 1, NULL, NULL, NULL, NULL, NULL, NULL, NULL, NULL, NULL, NULL, NULL, NULL, 0, NULL, NULL, NULL, NULL, NULL, NULL, NULL, NULL, NULL, NULL, NULL, NULL, NULL, '2026-06-26 10:15:32', '2026-06-26 10:15:32');
INSERT INTO `project_stage_documents` VALUES (99, 1, 852, 'v20260625', 4, 'detailedDesign', '详细设计阶段', '4.13', 13, '设计评审记录表（客户设计评审）', 1, '技术负责人', '营销组织，客户和项目经理确认', 'rd_center', 'marketing_center', 'approval_required', 'file_upload', '4-详细设计/4.13 设计评审记录表（客户设计评审）', NULL, 'not_submitted', 1, NULL, NULL, NULL, NULL, NULL, NULL, NULL, NULL, NULL, NULL, NULL, NULL, 0, NULL, NULL, NULL, NULL, NULL, NULL, NULL, NULL, NULL, NULL, NULL, NULL, NULL, '2026-06-26 10:15:32', '2026-06-26 10:15:32');
INSERT INTO `project_stage_documents` VALUES (100, 1, 853, 'v20260625', 4, 'detailedDesign', '详细设计阶段', '4.14', 14, '产品平面图', 1, '机械工程师', '技术负责人确认', 'rd_center', 'rd_center', 'submit_only', 'file_upload', '4-详细设计/4.14 产品平面图', NULL, 'not_submitted', 1, NULL, NULL, NULL, NULL, NULL, NULL, NULL, NULL, NULL, NULL, NULL, NULL, 0, NULL, NULL, NULL, NULL, NULL, NULL, NULL, NULL, NULL, NULL, NULL, NULL, NULL, '2026-06-26 10:15:32', '2026-06-26 10:15:32');
INSERT INTO `project_stage_documents` VALUES (101, 1, 854, 'v20260625', 4, 'detailedDesign', '详细设计阶段', '4.15', 15, '产品零部件清单', 1, '各专业组成员、技术负责人', '技术负责人确认', 'rd_center', 'rd_center', 'submit_only', 'file_upload', '4-详细设计/4.15 产品零部件清单', NULL, 'not_submitted', 1, NULL, NULL, NULL, NULL, NULL, NULL, NULL, NULL, NULL, NULL, NULL, NULL, 0, NULL, NULL, NULL, NULL, NULL, NULL, NULL, NULL, NULL, NULL, NULL, NULL, NULL, '2026-06-26 10:15:32', '2026-06-26 10:15:32');
INSERT INTO `project_stage_documents` VALUES (102, 1, 855, 'v20260625', 4, 'detailedDesign', '详细设计阶段', '4.16', 16, '图纸审查记录', 1, '图纸审查人员', '项目经理组织，研发负责人或图纸审查人员确认', 'rd_center', 'rd_center', 'approval_required', 'file_upload', '4-详细设计/4.16 图纸审查记录', NULL, 'not_submitted', 1, NULL, NULL, NULL, NULL, NULL, NULL, NULL, NULL, NULL, NULL, NULL, NULL, 0, NULL, NULL, NULL, NULL, NULL, NULL, NULL, NULL, NULL, NULL, NULL, NULL, NULL, '2026-06-26 10:15:32', '2026-06-26 10:15:32');
INSERT INTO `project_stage_documents` VALUES (103, 1, 856, 'v20260625', 4, 'detailedDesign', '详细设计阶段', '4.17', 17, '客户会签记录', 1, '营销人员/项目经理', '客户和项目经理确认', 'marketing_center', 'marketing_center', 'approval_required', 'file_upload', '4-详细设计/4.17 客户会签记录', NULL, 'not_submitted', 1, NULL, NULL, NULL, NULL, NULL, NULL, NULL, NULL, NULL, NULL, NULL, NULL, 0, NULL, NULL, NULL, NULL, NULL, NULL, NULL, NULL, NULL, NULL, NULL, NULL, NULL, '2026-06-26 10:15:32', '2026-06-26 10:15:32');
INSERT INTO `project_stage_documents` VALUES (104, 1, 857, 'v20260625', 5, 'manufacturing', '生产制作阶段', '5.1', 1, '采购申请表', 1, '技术负责人', '制造中心接收，采购审批流程另行建模', 'rd_center', 'manufacturing_center', 'approval_required', 'file_upload', '5-生产制作/5.1 采购申请表', NULL, 'not_submitted', 1, NULL, NULL, NULL, NULL, NULL, NULL, NULL, NULL, NULL, NULL, NULL, NULL, 0, NULL, NULL, NULL, NULL, NULL, NULL, NULL, NULL, NULL, NULL, NULL, NULL, NULL, '2026-06-26 10:15:32', '2026-06-26 10:15:32');
INSERT INTO `project_stage_documents` VALUES (105, 1, 858, 'v20260625', 5, 'manufacturing', '生产制作阶段', '5.2', 2, '比价表', 1, '采购人员', '制造中心确认', 'manufacturing_center', 'manufacturing_center', 'submit_only', 'file_upload', '5-生产制作/5.2 比价表', NULL, 'not_submitted', 1, NULL, NULL, NULL, NULL, NULL, NULL, NULL, NULL, NULL, NULL, NULL, NULL, 0, NULL, NULL, NULL, NULL, NULL, NULL, NULL, NULL, NULL, NULL, NULL, NULL, NULL, '2026-06-26 10:15:32', '2026-06-26 10:15:32');
INSERT INTO `project_stage_documents` VALUES (106, 1, 859, 'v20260625', 5, 'manufacturing', '生产制作阶段', '5.3', 3, '采购合同', 1, '采购人员', '供应商签署，合同状态流另行建模', 'manufacturing_center', 'manufacturing_center', 'approval_required', 'file_upload', '5-生产制作/5.3 采购合同', NULL, 'not_submitted', 1, NULL, NULL, NULL, NULL, NULL, NULL, NULL, NULL, NULL, NULL, NULL, NULL, 0, NULL, NULL, NULL, NULL, NULL, NULL, NULL, NULL, NULL, NULL, NULL, NULL, NULL, '2026-06-26 10:15:32', '2026-06-26 10:15:32');
INSERT INTO `project_stage_documents` VALUES (107, 1, 860, 'v20260625', 5, 'manufacturing', '生产制作阶段', '5.4', 4, '采购合同审核记录表', 1, '合同审核人员', '总经理或运营审核对象待业务确认', 'operations_center', 'operations_center', 'approval_required', 'file_upload', '5-生产制作/5.4 采购合同审核记录表', NULL, 'not_submitted', 1, NULL, NULL, NULL, NULL, NULL, NULL, NULL, NULL, NULL, NULL, NULL, NULL, 0, NULL, NULL, NULL, NULL, NULL, NULL, NULL, NULL, NULL, NULL, NULL, NULL, NULL, '2026-06-26 10:15:32', '2026-06-26 10:15:32');
INSERT INTO `project_stage_documents` VALUES (108, 1, 861, 'v20260625', 5, 'manufacturing', '生产制作阶段', '5.5', 5, '作业指导书', 1, '技术负责人', '技术负责人确认', 'rd_center', 'rd_center', 'submit_only', 'file_upload', '5-生产制作/5.5 作业指导书', NULL, 'not_submitted', 1, NULL, NULL, NULL, NULL, NULL, NULL, NULL, NULL, NULL, NULL, NULL, NULL, 0, NULL, NULL, NULL, NULL, NULL, NULL, NULL, NULL, NULL, NULL, NULL, NULL, NULL, '2026-06-26 10:15:32', '2026-06-26 10:15:32');
INSERT INTO `project_stage_documents` VALUES (109, 1, 862, 'v20260625', 5, 'manufacturing', '生产制作阶段', '5.6', 6, '产品使用说明书', 1, '技术负责人', '项目经理确认', 'rd_center', 'rd_center', 'submit_only', 'file_upload', '5-生产制作/5.6 产品使用说明书', NULL, 'not_submitted', 1, NULL, NULL, NULL, NULL, NULL, NULL, NULL, NULL, NULL, NULL, NULL, NULL, 0, NULL, NULL, NULL, NULL, NULL, NULL, NULL, NULL, NULL, NULL, NULL, NULL, NULL, '2026-06-26 10:15:32', '2026-06-26 10:15:32');
INSERT INTO `project_stage_documents` VALUES (110, 1, 863, 'v20260625', 5, 'manufacturing', '生产制作阶段', '5.7', 7, '产品维护保养手册', 1, '技术负责人', '项目经理确认', 'rd_center', 'rd_center', 'submit_only', 'file_upload', '5-生产制作/5.7 产品维护保养手册', NULL, 'not_submitted', 1, NULL, NULL, NULL, NULL, NULL, NULL, NULL, NULL, NULL, NULL, NULL, NULL, 0, NULL, NULL, NULL, NULL, NULL, NULL, NULL, NULL, NULL, NULL, NULL, NULL, NULL, '2026-06-26 10:15:32', '2026-06-26 10:15:32');
INSERT INTO `project_stage_documents` VALUES (111, 1, 864, 'v20260625', 5, 'manufacturing', '生产制作阶段', '5.8', 8, '产品培训PPT', 1, '技术负责人', '项目经理确认', 'rd_center', 'rd_center', 'submit_only', 'file_upload', '5-生产制作/5.8 产品培训PPT', NULL, 'not_submitted', 1, NULL, NULL, NULL, NULL, NULL, NULL, NULL, NULL, NULL, NULL, NULL, NULL, 0, NULL, NULL, NULL, NULL, NULL, NULL, NULL, NULL, NULL, NULL, NULL, NULL, NULL, '2026-06-26 10:15:32', '2026-06-26 10:15:32');
INSERT INTO `project_stage_documents` VALUES (112, 1, 865, 'v20260625', 5, 'manufacturing', '生产制作阶段', '5.9', 9, '检验单', 1, '质检人员/制造中心人员', '质检人员或制造中心确认，组织口径待业务确认', 'manufacturing_center', 'manufacturing_center', 'approval_required', 'file_upload', '5-生产制作/5.9 检验单', NULL, 'not_submitted', 1, NULL, NULL, NULL, NULL, NULL, NULL, NULL, NULL, NULL, NULL, NULL, NULL, 0, NULL, NULL, NULL, NULL, NULL, NULL, NULL, NULL, NULL, NULL, NULL, NULL, NULL, '2026-06-26 10:15:32', '2026-06-26 10:15:32');
INSERT INTO `project_stage_documents` VALUES (113, 1, 866, 'v20260625', 5, 'manufacturing', '生产制作阶段', '5.10', 10, '入库单', 1, '库管人员', '库管人员编写，制造中心确认', 'manufacturing_center', 'manufacturing_center', 'submit_only', 'file_upload', '5-生产制作/5.10 入库单', NULL, 'not_submitted', 1, NULL, NULL, NULL, NULL, NULL, NULL, NULL, NULL, NULL, NULL, NULL, NULL, 0, NULL, NULL, NULL, NULL, NULL, NULL, NULL, NULL, NULL, NULL, NULL, NULL, NULL, '2026-06-26 10:15:32', '2026-06-26 10:15:32');
INSERT INTO `project_stage_documents` VALUES (114, 1, 867, 'v20260625', 5, 'manufacturing', '生产制作阶段', '5.11', 11, '领料单', 1, '库管人员', '库管人员编写，制造中心确认', 'manufacturing_center', 'manufacturing_center', 'submit_only', 'file_upload', '5-生产制作/5.11 领料单', NULL, 'not_submitted', 1, NULL, NULL, NULL, NULL, NULL, NULL, NULL, NULL, NULL, NULL, NULL, NULL, 0, NULL, NULL, NULL, NULL, NULL, NULL, NULL, NULL, NULL, NULL, NULL, NULL, NULL, '2026-06-26 10:15:32', '2026-06-26 10:15:32');
INSERT INTO `project_stage_documents` VALUES (115, 1, 868, 'v20260625', 5, 'manufacturing', '生产制作阶段', '5.12', 12, '安装调试记录（厂内）', 1, '制造中心人员', '制造中心确认', 'manufacturing_center', 'manufacturing_center', 'approval_required', 'file_upload', '5-生产制作/5.12 安装调试记录（厂内）', NULL, 'not_submitted', 1, NULL, NULL, NULL, NULL, NULL, NULL, NULL, NULL, NULL, NULL, NULL, NULL, 0, NULL, NULL, NULL, NULL, NULL, NULL, NULL, NULL, NULL, NULL, NULL, NULL, NULL, '2026-06-26 10:15:32', '2026-06-26 10:15:32');
INSERT INTO `project_stage_documents` VALUES (116, 1, 869, 'v20260625', 5, 'manufacturing', '生产制作阶段', '5.13', 13, '3D模型（设计变更）', 0, '设计变更人员', '项目经理确认对象待业务确认', 'rd_center', 'rd_center', 'conditional_submit', 'file_upload', '5-生产制作/5.13 3D模型（设计变更）', NULL, 'not_submitted', 1, NULL, NULL, NULL, NULL, NULL, NULL, NULL, NULL, NULL, NULL, NULL, NULL, 0, NULL, NULL, NULL, NULL, NULL, NULL, NULL, NULL, NULL, NULL, NULL, NULL, NULL, '2026-06-26 10:15:32', '2026-06-26 10:15:32');
INSERT INTO `project_stage_documents` VALUES (117, 1, 870, 'v20260625', 5, 'manufacturing', '生产制作阶段', '5.14', 14, '产品平面图（设计变更）', 0, '设计变更人员', '项目经理确认对象待业务确认', 'rd_center', 'rd_center', 'conditional_submit', 'file_upload', '5-生产制作/5.14 产品平面图（设计变更）', NULL, 'not_submitted', 1, NULL, NULL, NULL, NULL, NULL, NULL, NULL, NULL, NULL, NULL, NULL, NULL, 0, NULL, NULL, NULL, NULL, NULL, NULL, NULL, NULL, NULL, NULL, NULL, NULL, NULL, '2026-06-26 10:15:32', '2026-06-26 10:15:32');
INSERT INTO `project_stage_documents` VALUES (118, 1, 871, 'v20260625', 5, 'manufacturing', '生产制作阶段', '5.15', 15, '零部件清单（设计变更）', 0, '设计变更人员', '制造中心接收变更资料', 'rd_center', 'manufacturing_center', 'conditional_submit', 'file_upload', '5-生产制作/5.15 零部件清单（设计变更）', NULL, 'not_submitted', 1, NULL, NULL, NULL, NULL, NULL, NULL, NULL, NULL, NULL, NULL, NULL, NULL, 0, NULL, NULL, NULL, NULL, NULL, NULL, NULL, NULL, NULL, NULL, NULL, NULL, NULL, '2026-06-26 10:15:32', '2026-06-26 10:15:32');
INSERT INTO `project_stage_documents` VALUES (119, 1, 872, 'v20260625', 5, 'manufacturing', '生产制作阶段', '5.16', 16, '技术通知单（设计变更）', 0, '设计变更人员', '制造中心接收技术通知', 'rd_center', 'manufacturing_center', 'conditional_submit', 'file_upload', '5-生产制作/5.16 技术通知单（设计变更）', NULL, 'not_submitted', 1, NULL, NULL, NULL, NULL, NULL, NULL, NULL, NULL, NULL, NULL, NULL, NULL, 0, NULL, NULL, NULL, NULL, NULL, NULL, NULL, NULL, NULL, NULL, NULL, NULL, NULL, '2026-06-26 10:15:32', '2026-06-26 10:15:32');
INSERT INTO `project_stage_documents` VALUES (120, 1, 873, 'v20260625', 5, 'manufacturing', '生产制作阶段', '5.17', 17, '自验收报告', 1, '制造中心人员', '制造中心确认', 'manufacturing_center', 'manufacturing_center', 'approval_required', 'file_upload', '5-生产制作/5.17 自验收报告', NULL, 'not_submitted', 1, NULL, NULL, NULL, NULL, NULL, NULL, NULL, NULL, NULL, NULL, NULL, NULL, 0, NULL, NULL, NULL, NULL, NULL, NULL, NULL, NULL, NULL, NULL, NULL, NULL, NULL, '2026-06-26 10:15:32', '2026-06-26 10:15:32');
INSERT INTO `project_stage_documents` VALUES (121, 1, 874, 'v20260625', 6, 'preAcceptance', '预验收阶段', '6.1', 1, '预验收单', 1, '制造中心人员', '营销组织客户预验收，客户和项目经理确认', 'manufacturing_center', 'marketing_center', 'approval_required', 'file_upload', '6-预验收/6.1 预验收单', NULL, 'not_submitted', 1, NULL, NULL, NULL, NULL, NULL, NULL, NULL, NULL, NULL, NULL, NULL, NULL, 0, NULL, NULL, NULL, NULL, NULL, NULL, NULL, NULL, NULL, NULL, NULL, NULL, NULL, '2026-06-26 10:15:32', '2026-06-26 10:15:32');
INSERT INTO `project_stage_documents` VALUES (122, 1, 875, 'v20260625', 6, 'preAcceptance', '预验收阶段', '6.2', 2, '发票（发货款）', 0, '财务人员', '财务开票，营销协调客户付款', 'operations_center', 'marketing_center', 'submit_only', 'file_upload', '6-预验收/6.2 发票（发货款）', NULL, 'not_submitted', 1, NULL, NULL, NULL, NULL, NULL, NULL, NULL, NULL, NULL, NULL, NULL, NULL, 0, NULL, NULL, NULL, NULL, NULL, NULL, NULL, NULL, NULL, NULL, NULL, NULL, NULL, '2026-06-26 10:15:32', '2026-06-26 10:15:32');
INSERT INTO `project_stage_documents` VALUES (123, 1, 876, 'v20260625', 7, 'finalAcceptance', '终验收阶段', '7.1', 1, '发货单', 1, '制造中心人员', '制造中心确认', 'manufacturing_center', 'manufacturing_center', 'submit_only', 'file_upload', '7-终验收/7.1 发货单', NULL, 'not_submitted', 1, NULL, NULL, NULL, NULL, NULL, NULL, NULL, NULL, NULL, NULL, NULL, NULL, 0, NULL, NULL, NULL, NULL, NULL, NULL, NULL, NULL, NULL, NULL, NULL, NULL, NULL, '2026-06-26 10:15:32', '2026-06-26 10:15:32');
INSERT INTO `project_stage_documents` VALUES (124, 1, 877, 'v20260625', 7, 'finalAcceptance', '终验收阶段', '7.2', 2, '安装调试记录（现场）', 1, '制造中心人员', '客户确认对象待业务确认', 'manufacturing_center', 'manufacturing_center', 'approval_required', 'file_upload', '7-终验收/7.2 安装调试记录（现场）', NULL, 'not_submitted', 1, NULL, NULL, NULL, NULL, NULL, NULL, NULL, NULL, NULL, NULL, NULL, NULL, 0, NULL, NULL, NULL, NULL, NULL, NULL, NULL, NULL, NULL, NULL, NULL, NULL, NULL, '2026-06-26 10:15:32', '2026-06-26 10:15:32');
INSERT INTO `project_stage_documents` VALUES (125, 1, 878, 'v20260625', 7, 'finalAcceptance', '终验收阶段', '7.3', 3, '终验收单', 1, '制造中心人员', '营销组织客户终验收，客户和项目经理确认', 'manufacturing_center', 'marketing_center', 'approval_required', 'file_upload', '7-终验收/7.3 终验收单', NULL, 'not_submitted', 1, NULL, NULL, NULL, NULL, NULL, NULL, NULL, NULL, NULL, NULL, NULL, NULL, 0, NULL, NULL, NULL, NULL, NULL, NULL, NULL, NULL, NULL, NULL, NULL, NULL, NULL, '2026-06-26 10:15:32', '2026-06-26 10:15:32');
INSERT INTO `project_stage_documents` VALUES (126, 1, 879, 'v20260625', 7, 'finalAcceptance', '终验收阶段', '7.4', 4, '培训记录表', 1, '培训主讲人员', '客户和项目经理确认', 'marketing_center', 'marketing_center', 'approval_required', 'file_upload', '7-终验收/7.4 培训记录表', NULL, 'not_submitted', 1, NULL, NULL, NULL, NULL, NULL, NULL, NULL, NULL, NULL, NULL, NULL, NULL, 0, NULL, NULL, NULL, NULL, NULL, NULL, NULL, NULL, NULL, NULL, NULL, NULL, NULL, '2026-06-26 10:15:32', '2026-06-26 10:15:32');
INSERT INTO `project_stage_documents` VALUES (127, 1, 880, 'v20260625', 8, 'closeout', '结题阶段', '8.1', 1, '发票（尾款）', 0, '财务人员', '财务开票，营销协调客户付款', 'operations_center', 'marketing_center', 'submit_only', 'file_upload', '8-结题/8.1 发票（尾款）', NULL, 'not_submitted', 1, NULL, NULL, NULL, NULL, NULL, NULL, NULL, NULL, NULL, NULL, NULL, NULL, 0, NULL, NULL, NULL, NULL, NULL, NULL, NULL, NULL, NULL, NULL, NULL, NULL, NULL, '2026-06-26 10:15:32', '2026-06-26 10:15:32');
INSERT INTO `project_stage_documents` VALUES (128, 1, 881, 'v20260625', 8, 'closeout', '结题阶段', '8.2', 2, '项目结题报告', 1, '项目经理', '项目经理编写，总经理或相关负责人确认', NULL, NULL, 'submit_only', 'file_upload', '8-结题/8.2 项目结题报告', NULL, 'not_submitted', 1, NULL, NULL, NULL, NULL, NULL, NULL, NULL, NULL, NULL, NULL, NULL, NULL, 0, NULL, NULL, NULL, NULL, NULL, NULL, NULL, NULL, NULL, NULL, NULL, NULL, NULL, '2026-06-26 10:15:32', '2026-06-26 10:15:32');
INSERT INTO `project_stage_documents` VALUES (897, 14, 818, 'v20260625', 1, 'initiation', '立项阶段', '1.1', 1, '项目需求表', 1, '研发中心填写，营销组织调研', '营销组织调研，研发填写生成', 'rd_center', 'marketing_center', 'submit_only', 'file_upload', '1-立项/1.1 项目需求表', NULL, 'not_submitted', 1, NULL, NULL, NULL, NULL, NULL, NULL, NULL, NULL, NULL, NULL, NULL, NULL, 0, NULL, NULL, NULL, NULL, NULL, NULL, NULL, NULL, NULL, NULL, NULL, NULL, NULL, '2026-06-26 11:25:23', '2026-06-26 11:25:23');
INSERT INTO `project_stage_documents` VALUES (898, 14, 819, 'v20260625', 1, 'initiation', '立项阶段', '1.2', 2, '项目立项审批表', 1, '营销人员', '商务评价、技术评价、总经理审批', 'marketing_center', NULL, 'approval_required', 'file_upload', '1-立项/1.2 项目立项审批表', NULL, 'not_submitted', 1, NULL, NULL, NULL, NULL, NULL, NULL, NULL, NULL, NULL, NULL, NULL, NULL, 0, NULL, NULL, NULL, NULL, NULL, NULL, NULL, NULL, NULL, NULL, NULL, NULL, NULL, '2026-06-26 11:25:23', '2026-06-26 11:25:23');
INSERT INTO `project_stage_documents` VALUES (899, 14, 820, 'v20260625', 1, 'initiation', '立项阶段', '1.3', 3, '项目立项通知', 1, '营销总监', '营销中心', 'marketing_center', 'marketing_center', 'submit_only', 'file_upload', '1-立项/1.3 项目立项通知', NULL, 'not_submitted', 1, NULL, NULL, NULL, NULL, NULL, NULL, NULL, NULL, NULL, NULL, NULL, NULL, 0, NULL, NULL, NULL, NULL, NULL, NULL, NULL, NULL, NULL, NULL, NULL, NULL, NULL, '2026-06-26 11:25:23', '2026-06-26 11:25:23');
INSERT INTO `project_stage_documents` VALUES (900, 14, 821, 'v20260625', 2, 'solution', '方案设计阶段', '2.1', 1, '方案设计工作计划', 1, '项目经理', '项目经理确认', 'rd_center', NULL, 'submit_only', 'file_upload', '2-方案设计/2.1 方案设计工作计划', NULL, 'not_submitted', 1, NULL, NULL, NULL, NULL, NULL, NULL, NULL, NULL, NULL, NULL, NULL, NULL, 0, NULL, NULL, NULL, NULL, NULL, NULL, NULL, NULL, NULL, NULL, NULL, NULL, NULL, '2026-06-26 11:25:23', '2026-06-26 11:25:23');
INSERT INTO `project_stage_documents` VALUES (901, 14, 822, 'v20260625', 2, 'solution', '方案设计阶段', '2.2', 2, '项目方案分析表', 1, '技术负责人', '项目经理确认', 'rd_center', NULL, 'approval_required', 'file_upload', '2-方案设计/2.2 项目方案分析表', NULL, 'not_submitted', 1, NULL, NULL, NULL, NULL, NULL, NULL, NULL, NULL, NULL, NULL, NULL, NULL, 0, NULL, NULL, NULL, NULL, NULL, NULL, NULL, NULL, NULL, NULL, NULL, NULL, NULL, '2026-06-26 11:25:23', '2026-06-26 11:25:23');
INSERT INTO `project_stage_documents` VALUES (902, 14, 823, 'v20260625', 2, 'solution', '方案设计阶段', '2.3', 3, '产品功能框图', 1, '技术负责人', '技术负责人确认', 'rd_center', 'rd_center', 'approval_required', 'file_upload', '2-方案设计/2.3 产品功能框图', NULL, 'not_submitted', 1, NULL, NULL, NULL, NULL, NULL, NULL, NULL, NULL, NULL, NULL, NULL, NULL, 0, NULL, NULL, NULL, NULL, NULL, NULL, NULL, NULL, NULL, NULL, NULL, NULL, NULL, '2026-06-26 11:25:23', '2026-06-26 11:25:23');
INSERT INTO `project_stage_documents` VALUES (903, 14, 824, 'v20260625', 2, 'solution', '方案设计阶段', '2.4', 4, '3D模型', 1, '机械/方案设计人员', '技术负责人确认', 'rd_center', 'rd_center', 'submit_only', 'file_upload', '2-方案设计/2.4 3D模型', NULL, 'not_submitted', 1, NULL, NULL, NULL, NULL, NULL, NULL, NULL, NULL, NULL, NULL, NULL, NULL, 0, NULL, NULL, NULL, NULL, NULL, NULL, NULL, NULL, NULL, NULL, NULL, NULL, NULL, '2026-06-26 11:25:23', '2026-06-26 11:25:23');
INSERT INTO `project_stage_documents` VALUES (904, 14, 825, 'v20260625', 2, 'solution', '方案设计阶段', '2.5', 5, '布局图', 1, '机械/方案设计人员', '技术负责人确认', 'rd_center', 'rd_center', 'submit_only', 'file_upload', '2-方案设计/2.5 布局图', NULL, 'not_submitted', 1, NULL, NULL, NULL, NULL, NULL, NULL, NULL, NULL, NULL, NULL, NULL, NULL, 0, NULL, NULL, NULL, NULL, NULL, NULL, NULL, NULL, NULL, NULL, NULL, NULL, NULL, '2026-06-26 11:25:23', '2026-06-26 11:25:23');
INSERT INTO `project_stage_documents` VALUES (905, 14, 826, 'v20260625', 2, 'solution', '方案设计阶段', '2.6', 6, '工艺时序图', 0, '技术负责人/工艺负责人', '技术负责人确认', 'rd_center', 'rd_center', 'conditional_submit', 'file_upload', '2-方案设计/2.6 工艺时序图', NULL, 'not_submitted', 1, NULL, NULL, NULL, NULL, NULL, NULL, NULL, NULL, NULL, NULL, NULL, NULL, 0, NULL, NULL, NULL, NULL, NULL, NULL, NULL, NULL, NULL, NULL, NULL, NULL, NULL, '2026-06-26 11:25:23', '2026-06-26 11:25:23');
INSERT INTO `project_stage_documents` VALUES (906, 14, 827, 'v20260625', 2, 'solution', '方案设计阶段', '2.7', 7, '节拍表', 0, '技术负责人/工艺负责人', '技术负责人确认', 'rd_center', 'rd_center', 'conditional_submit', 'file_upload', '2-方案设计/2.7 节拍表', NULL, 'not_submitted', 1, NULL, NULL, NULL, NULL, NULL, NULL, NULL, NULL, NULL, NULL, NULL, NULL, 0, NULL, NULL, NULL, NULL, NULL, NULL, NULL, NULL, NULL, NULL, NULL, NULL, NULL, '2026-06-26 11:25:23', '2026-06-26 11:25:23');
INSERT INTO `project_stage_documents` VALUES (907, 14, 828, 'v20260625', 2, 'solution', '方案设计阶段', '2.8', 8, '演示动画', 0, '机械/方案设计人员', '项目经理确认', 'rd_center', NULL, 'conditional_submit', 'file_upload', '2-方案设计/2.8 演示动画', NULL, 'not_submitted', 1, NULL, NULL, NULL, NULL, NULL, NULL, NULL, NULL, NULL, NULL, NULL, NULL, 0, NULL, NULL, NULL, NULL, NULL, NULL, NULL, NULL, NULL, NULL, NULL, NULL, NULL, '2026-06-26 11:25:23', '2026-06-26 11:25:23');
INSERT INTO `project_stage_documents` VALUES (908, 14, 829, 'v20260625', 2, 'solution', '方案设计阶段', '2.9', 9, '电气功能框图', 1, '电气工程师', '技术负责人确认', 'rd_center', 'rd_center', 'submit_only', 'file_upload', '2-方案设计/2.9 电气功能框图', NULL, 'not_submitted', 1, NULL, NULL, NULL, NULL, NULL, NULL, NULL, NULL, NULL, NULL, NULL, NULL, 0, NULL, NULL, NULL, NULL, NULL, NULL, NULL, NULL, NULL, NULL, NULL, NULL, NULL, '2026-06-26 11:25:23', '2026-06-26 11:25:23');
INSERT INTO `project_stage_documents` VALUES (909, 14, 830, 'v20260625', 2, 'solution', '方案设计阶段', '2.10', 10, '软件功能框图', 1, '软件工程师', '技术负责人确认', 'rd_center', 'rd_center', 'submit_only', 'file_upload', '2-方案设计/2.10 软件功能框图', NULL, 'not_submitted', 1, NULL, NULL, NULL, NULL, NULL, NULL, NULL, NULL, NULL, NULL, NULL, NULL, 0, NULL, NULL, NULL, NULL, NULL, NULL, NULL, NULL, NULL, NULL, NULL, NULL, NULL, '2026-06-26 11:25:23', '2026-06-26 11:25:23');
INSERT INTO `project_stage_documents` VALUES (910, 14, 831, 'v20260625', 2, 'solution', '方案设计阶段', '2.11', 11, '项目方案PPT', 1, '技术负责人', '项目经理确认', 'rd_center', NULL, 'submit_only', 'file_upload', '2-方案设计/2.11 项目方案PPT', NULL, 'not_submitted', 1, NULL, NULL, NULL, NULL, NULL, NULL, NULL, NULL, NULL, NULL, NULL, NULL, 0, NULL, NULL, NULL, NULL, NULL, NULL, NULL, NULL, NULL, NULL, NULL, NULL, NULL, '2026-06-26 11:25:23', '2026-06-26 11:25:23');
INSERT INTO `project_stage_documents` VALUES (911, 14, 832, 'v20260625', 2, 'solution', '方案设计阶段', '2.12', 12, '方案评审记录表（内部方案评审）', 1, '技术负责人', '项目经理组织并确认', 'rd_center', NULL, 'approval_required', 'file_upload', '2-方案设计/2.12 方案评审记录表（内部方案评审）', NULL, 'not_submitted', 1, NULL, NULL, NULL, NULL, NULL, NULL, NULL, NULL, NULL, NULL, NULL, NULL, 0, NULL, NULL, NULL, NULL, NULL, NULL, NULL, NULL, NULL, NULL, NULL, NULL, NULL, '2026-06-26 11:25:23', '2026-06-26 11:25:23');
INSERT INTO `project_stage_documents` VALUES (912, 14, 833, 'v20260625', 2, 'solution', '方案设计阶段', '2.13', 13, '方案评审记录表（客户方案评审）', 1, '技术负责人', '营销组织，客户和项目经理确认', 'rd_center', 'marketing_center', 'approval_required', 'file_upload', '2-方案设计/2.13 方案评审记录表（客户方案评审）', NULL, 'not_submitted', 1, NULL, NULL, NULL, NULL, NULL, NULL, NULL, NULL, NULL, NULL, NULL, NULL, 0, NULL, NULL, NULL, NULL, NULL, NULL, NULL, NULL, NULL, NULL, NULL, NULL, NULL, '2026-06-26 11:25:23', '2026-06-26 11:25:23');
INSERT INTO `project_stage_documents` VALUES (913, 14, 834, 'v20260625', 2, 'solution', '方案设计阶段', '2.14', 14, '成本估算表', 1, '研发、制造、运营协作', '研发、制造、运营协作，总经理批准', 'rd_center', 'operations_center', 'approval_required', 'mixed', '2-方案设计/2.14 成本估算表', NULL, 'not_submitted', 1, NULL, NULL, NULL, NULL, NULL, NULL, NULL, NULL, NULL, NULL, NULL, NULL, 0, NULL, NULL, NULL, NULL, NULL, NULL, NULL, NULL, NULL, NULL, NULL, NULL, NULL, '2026-06-26 11:25:23', '2026-06-26 11:25:23');
INSERT INTO `project_stage_documents` VALUES (914, 14, 835, 'v20260625', 2, 'solution', '方案设计阶段', '2.15', 15, '报价单', 1, '营销人员', '总经理批准，客户确认', 'marketing_center', NULL, 'approval_required', 'file_upload', '2-方案设计/2.15 报价单', NULL, 'not_submitted', 1, NULL, NULL, NULL, NULL, NULL, NULL, NULL, NULL, NULL, NULL, NULL, NULL, 0, NULL, NULL, NULL, NULL, NULL, NULL, NULL, NULL, NULL, NULL, NULL, NULL, NULL, '2026-06-26 11:25:23', '2026-06-26 11:25:23');
INSERT INTO `project_stage_documents` VALUES (915, 14, 836, 'v20260625', 3, 'contract', '合同签订阶段', '3.1', 1, '技术协议', 1, '技术负责人', '客户签字盖章，营销组织', 'rd_center', 'marketing_center', 'approval_required', 'file_upload', '3-合同签订/3.1 技术协议', NULL, 'not_submitted', 1, NULL, NULL, NULL, NULL, NULL, NULL, NULL, NULL, NULL, NULL, NULL, NULL, 0, NULL, NULL, NULL, NULL, NULL, NULL, NULL, NULL, NULL, NULL, NULL, NULL, NULL, '2026-06-26 11:25:23', '2026-06-26 11:25:23');
INSERT INTO `project_stage_documents` VALUES (916, 14, 837, 'v20260625', 3, 'contract', '合同签订阶段', '3.2', 2, '销售合同', 1, '营销人员', '客户签字盖章', 'marketing_center', NULL, 'approval_required', 'file_upload', '3-合同签订/3.2 销售合同', NULL, 'not_submitted', 1, NULL, NULL, NULL, NULL, NULL, NULL, NULL, NULL, NULL, NULL, NULL, NULL, 0, NULL, NULL, NULL, NULL, NULL, NULL, NULL, NULL, NULL, NULL, NULL, NULL, NULL, '2026-06-26 11:25:23', '2026-06-26 11:25:23');
INSERT INTO `project_stage_documents` VALUES (917, 14, 838, 'v20260625', 3, 'contract', '合同签订阶段', '3.3', 3, '合同审核记录表（销售合同）', 1, '合同审核人员', '总经理或运营审核对象待业务确认', 'operations_center', 'operations_center', 'approval_required', 'file_upload', '3-合同签订/3.3 合同审核记录表（销售合同）', NULL, 'not_submitted', 1, NULL, NULL, NULL, NULL, NULL, NULL, NULL, NULL, NULL, NULL, NULL, NULL, 0, NULL, NULL, NULL, NULL, NULL, NULL, NULL, NULL, NULL, NULL, NULL, NULL, NULL, '2026-06-26 11:25:23', '2026-06-26 11:25:23');
INSERT INTO `project_stage_documents` VALUES (918, 14, 839, 'v20260625', 3, 'contract', '合同签订阶段', '3.4', 4, '发票（预付款）', 0, '财务人员', '财务开票，营销协调客户付款', 'operations_center', 'marketing_center', 'submit_only', 'file_upload', '3-合同签订/3.4 发票（预付款）', NULL, 'not_submitted', 1, NULL, NULL, NULL, NULL, NULL, NULL, NULL, NULL, NULL, NULL, NULL, NULL, 0, NULL, NULL, NULL, NULL, NULL, NULL, NULL, NULL, NULL, NULL, NULL, NULL, NULL, '2026-06-26 11:25:23', '2026-06-26 11:25:23');
INSERT INTO `project_stage_documents` VALUES (919, 14, 840, 'v20260625', 4, 'detailedDesign', '详细设计阶段', '4.1', 1, '项目启动书', 1, '制造中心', '制造中心组织项目启动会', 'manufacturing_center', 'manufacturing_center', 'submit_only', 'file_upload', '4-详细设计/4.1 项目启动书', NULL, 'not_submitted', 1, NULL, NULL, NULL, NULL, NULL, NULL, NULL, NULL, NULL, NULL, NULL, NULL, 0, NULL, NULL, NULL, NULL, NULL, NULL, NULL, NULL, NULL, NULL, NULL, NULL, NULL, '2026-06-26 11:25:23', '2026-06-26 11:25:23');
INSERT INTO `project_stage_documents` VALUES (920, 14, 841, 'v20260625', 4, 'detailedDesign', '详细设计阶段', '4.2', 2, '详细设计工作计划', 1, '项目经理', '项目经理确认', 'rd_center', NULL, 'submit_only', 'file_upload', '4-详细设计/4.2 详细设计工作计划', NULL, 'not_submitted', 1, NULL, NULL, NULL, NULL, NULL, NULL, NULL, NULL, NULL, NULL, NULL, NULL, 0, NULL, NULL, NULL, NULL, NULL, NULL, NULL, NULL, NULL, NULL, NULL, NULL, NULL, '2026-06-26 11:25:23', '2026-06-26 11:25:23');
INSERT INTO `project_stage_documents` VALUES (921, 14, 842, 'v20260625', 4, 'detailedDesign', '详细设计阶段', '4.3', 3, '3D模型', 1, '机械工程师', '技术负责人确认', 'rd_center', 'rd_center', 'submit_only', 'file_upload', '4-详细设计/4.3 3D模型', NULL, 'not_submitted', 1, NULL, NULL, NULL, NULL, NULL, NULL, NULL, NULL, NULL, NULL, NULL, NULL, 0, NULL, NULL, NULL, NULL, NULL, NULL, NULL, NULL, NULL, NULL, NULL, NULL, NULL, '2026-06-26 11:25:23', '2026-06-26 11:25:23');
INSERT INTO `project_stage_documents` VALUES (922, 14, 843, 'v20260625', 4, 'detailedDesign', '详细设计阶段', '4.4', 4, '电气原理图', 1, '电气工程师', '技术负责人确认', 'rd_center', 'rd_center', 'submit_only', 'file_upload', '4-详细设计/4.4 电气原理图', NULL, 'not_submitted', 1, NULL, NULL, NULL, NULL, NULL, NULL, NULL, NULL, NULL, NULL, NULL, NULL, 0, NULL, NULL, NULL, NULL, NULL, NULL, NULL, NULL, NULL, NULL, NULL, NULL, NULL, '2026-06-26 11:25:23', '2026-06-26 11:25:23');
INSERT INTO `project_stage_documents` VALUES (923, 14, 844, 'v20260625', 4, 'detailedDesign', '详细设计阶段', '4.5', 5, '电气接线图', 1, '电气工程师', '技术负责人确认', 'rd_center', 'rd_center', 'submit_only', 'file_upload', '4-详细设计/4.5 电气接线图', NULL, 'not_submitted', 1, NULL, NULL, NULL, NULL, NULL, NULL, NULL, NULL, NULL, NULL, NULL, NULL, 0, NULL, NULL, NULL, NULL, NULL, NULL, NULL, NULL, NULL, NULL, NULL, NULL, NULL, '2026-06-26 11:25:23', '2026-06-26 11:25:23');
INSERT INTO `project_stage_documents` VALUES (924, 14, 845, 'v20260625', 4, 'detailedDesign', '详细设计阶段', '4.6', 6, '电气布置图', 1, '电气工程师', '技术负责人确认', 'rd_center', 'rd_center', 'submit_only', 'file_upload', '4-详细设计/4.6 电气布置图', NULL, 'not_submitted', 1, NULL, NULL, NULL, NULL, NULL, NULL, NULL, NULL, NULL, NULL, NULL, NULL, 0, NULL, NULL, NULL, NULL, NULL, NULL, NULL, NULL, NULL, NULL, NULL, NULL, NULL, '2026-06-26 11:25:23', '2026-06-26 11:25:23');
INSERT INTO `project_stage_documents` VALUES (925, 14, 846, 'v20260625', 4, 'detailedDesign', '详细设计阶段', '4.7', 7, '控制逻辑流程图', 1, '软件/自动化工程师', '技术负责人确认', 'rd_center', 'rd_center', 'submit_only', 'file_upload', '4-详细设计/4.7 控制逻辑流程图', NULL, 'not_submitted', 1, NULL, NULL, NULL, NULL, NULL, NULL, NULL, NULL, NULL, NULL, NULL, NULL, 0, NULL, NULL, NULL, NULL, NULL, NULL, NULL, NULL, NULL, NULL, NULL, NULL, NULL, '2026-06-26 11:25:23', '2026-06-26 11:25:23');
INSERT INTO `project_stage_documents` VALUES (926, 14, 847, 'v20260625', 4, 'detailedDesign', '详细设计阶段', '4.8', 8, '自动化程序', 1, '软件/自动化工程师', '技术负责人确认', 'rd_center', 'rd_center', 'submit_only', 'file_upload', '4-详细设计/4.8 自动化程序', NULL, 'not_submitted', 1, NULL, NULL, NULL, NULL, NULL, NULL, NULL, NULL, NULL, NULL, NULL, NULL, 0, NULL, NULL, NULL, NULL, NULL, NULL, NULL, NULL, NULL, NULL, NULL, NULL, NULL, '2026-06-26 11:25:23', '2026-06-26 11:25:23');
INSERT INTO `project_stage_documents` VALUES (927, 14, 848, 'v20260625', 4, 'detailedDesign', '详细设计阶段', '4.9', 9, '软件开发说明文档', 1, '软件工程师', '技术负责人确认', 'rd_center', 'rd_center', 'submit_only', 'file_upload', '4-详细设计/4.9 软件开发说明文档', NULL, 'not_submitted', 1, NULL, NULL, NULL, NULL, NULL, NULL, NULL, NULL, NULL, NULL, NULL, NULL, 0, NULL, NULL, NULL, NULL, NULL, NULL, NULL, NULL, NULL, NULL, NULL, NULL, NULL, '2026-06-26 11:25:23', '2026-06-26 11:25:23');
INSERT INTO `project_stage_documents` VALUES (928, 14, 849, 'v20260625', 4, 'detailedDesign', '详细设计阶段', '4.10', 10, 'UI界面设计PPT', 1, '软件/UI人员', '技术负责人确认', 'rd_center', 'rd_center', 'submit_only', 'file_upload', '4-详细设计/4.10 UI界面设计PPT', NULL, 'not_submitted', 1, NULL, NULL, NULL, NULL, NULL, NULL, NULL, NULL, NULL, NULL, NULL, NULL, 0, NULL, NULL, NULL, NULL, NULL, NULL, NULL, NULL, NULL, NULL, NULL, NULL, NULL, '2026-06-26 11:25:23', '2026-06-26 11:25:23');
INSERT INTO `project_stage_documents` VALUES (929, 14, 850, 'v20260625', 4, 'detailedDesign', '详细设计阶段', '4.11', 11, '软件代码', 1, '软件工程师', '技术负责人确认', 'rd_center', 'rd_center', 'submit_only', 'file_upload', '4-详细设计/4.11 软件代码', NULL, 'not_submitted', 1, NULL, NULL, NULL, NULL, NULL, NULL, NULL, NULL, NULL, NULL, NULL, NULL, 0, NULL, NULL, NULL, NULL, NULL, NULL, NULL, NULL, NULL, NULL, NULL, NULL, NULL, '2026-06-26 11:25:23', '2026-06-26 11:25:23');
INSERT INTO `project_stage_documents` VALUES (930, 14, 851, 'v20260625', 4, 'detailedDesign', '详细设计阶段', '4.12', 12, '设计评审记录表（内部设计评审）', 1, '技术负责人', '项目经理组织并确认', 'rd_center', NULL, 'approval_required', 'file_upload', '4-详细设计/4.12 设计评审记录表（内部设计评审）', NULL, 'not_submitted', 1, NULL, NULL, NULL, NULL, NULL, NULL, NULL, NULL, NULL, NULL, NULL, NULL, 0, NULL, NULL, NULL, NULL, NULL, NULL, NULL, NULL, NULL, NULL, NULL, NULL, NULL, '2026-06-26 11:25:23', '2026-06-26 11:25:23');
INSERT INTO `project_stage_documents` VALUES (931, 14, 852, 'v20260625', 4, 'detailedDesign', '详细设计阶段', '4.13', 13, '设计评审记录表（客户设计评审）', 1, '技术负责人', '营销组织，客户和项目经理确认', 'rd_center', 'marketing_center', 'approval_required', 'file_upload', '4-详细设计/4.13 设计评审记录表（客户设计评审）', NULL, 'not_submitted', 1, NULL, NULL, NULL, NULL, NULL, NULL, NULL, NULL, NULL, NULL, NULL, NULL, 0, NULL, NULL, NULL, NULL, NULL, NULL, NULL, NULL, NULL, NULL, NULL, NULL, NULL, '2026-06-26 11:25:23', '2026-06-26 11:25:23');
INSERT INTO `project_stage_documents` VALUES (932, 14, 853, 'v20260625', 4, 'detailedDesign', '详细设计阶段', '4.14', 14, '产品平面图', 1, '机械工程师', '技术负责人确认', 'rd_center', 'rd_center', 'submit_only', 'file_upload', '4-详细设计/4.14 产品平面图', NULL, 'not_submitted', 1, NULL, NULL, NULL, NULL, NULL, NULL, NULL, NULL, NULL, NULL, NULL, NULL, 0, NULL, NULL, NULL, NULL, NULL, NULL, NULL, NULL, NULL, NULL, NULL, NULL, NULL, '2026-06-26 11:25:23', '2026-06-26 11:25:23');
INSERT INTO `project_stage_documents` VALUES (933, 14, 854, 'v20260625', 4, 'detailedDesign', '详细设计阶段', '4.15', 15, '产品零部件清单', 1, '各专业组成员、技术负责人', '技术负责人确认', 'rd_center', 'rd_center', 'submit_only', 'file_upload', '4-详细设计/4.15 产品零部件清单', NULL, 'not_submitted', 1, NULL, NULL, NULL, NULL, NULL, NULL, NULL, NULL, NULL, NULL, NULL, NULL, 0, NULL, NULL, NULL, NULL, NULL, NULL, NULL, NULL, NULL, NULL, NULL, NULL, NULL, '2026-06-26 11:25:23', '2026-06-26 11:25:23');
INSERT INTO `project_stage_documents` VALUES (934, 14, 855, 'v20260625', 4, 'detailedDesign', '详细设计阶段', '4.16', 16, '图纸审查记录', 1, '图纸审查人员', '项目经理组织，研发负责人或图纸审查人员确认', 'rd_center', 'rd_center', 'approval_required', 'file_upload', '4-详细设计/4.16 图纸审查记录', NULL, 'not_submitted', 1, NULL, NULL, NULL, NULL, NULL, NULL, NULL, NULL, NULL, NULL, NULL, NULL, 0, NULL, NULL, NULL, NULL, NULL, NULL, NULL, NULL, NULL, NULL, NULL, NULL, NULL, '2026-06-26 11:25:23', '2026-06-26 11:25:23');
INSERT INTO `project_stage_documents` VALUES (935, 14, 856, 'v20260625', 4, 'detailedDesign', '详细设计阶段', '4.17', 17, '客户会签记录', 1, '营销人员/项目经理', '客户和项目经理确认', 'marketing_center', 'marketing_center', 'approval_required', 'file_upload', '4-详细设计/4.17 客户会签记录', NULL, 'not_submitted', 1, NULL, NULL, NULL, NULL, NULL, NULL, NULL, NULL, NULL, NULL, NULL, NULL, 0, NULL, NULL, NULL, NULL, NULL, NULL, NULL, NULL, NULL, NULL, NULL, NULL, NULL, '2026-06-26 11:25:23', '2026-06-26 11:25:23');
INSERT INTO `project_stage_documents` VALUES (936, 14, 857, 'v20260625', 5, 'manufacturing', '生产制作阶段', '5.1', 1, '采购申请表', 1, '技术负责人', '制造中心接收，采购审批流程另行建模', 'rd_center', 'manufacturing_center', 'approval_required', 'file_upload', '5-生产制作/5.1 采购申请表', NULL, 'not_submitted', 1, NULL, NULL, NULL, NULL, NULL, NULL, NULL, NULL, NULL, NULL, NULL, NULL, 0, NULL, NULL, NULL, NULL, NULL, NULL, NULL, NULL, NULL, NULL, NULL, NULL, NULL, '2026-06-26 11:25:23', '2026-06-26 11:25:23');
INSERT INTO `project_stage_documents` VALUES (937, 14, 858, 'v20260625', 5, 'manufacturing', '生产制作阶段', '5.2', 2, '比价表', 1, '采购人员', '制造中心确认', 'manufacturing_center', 'manufacturing_center', 'submit_only', 'file_upload', '5-生产制作/5.2 比价表', NULL, 'not_submitted', 1, NULL, NULL, NULL, NULL, NULL, NULL, NULL, NULL, NULL, NULL, NULL, NULL, 0, NULL, NULL, NULL, NULL, NULL, NULL, NULL, NULL, NULL, NULL, NULL, NULL, NULL, '2026-06-26 11:25:23', '2026-06-26 11:25:23');
INSERT INTO `project_stage_documents` VALUES (938, 14, 859, 'v20260625', 5, 'manufacturing', '生产制作阶段', '5.3', 3, '采购合同', 1, '采购人员', '供应商签署，合同状态流另行建模', 'manufacturing_center', 'manufacturing_center', 'approval_required', 'file_upload', '5-生产制作/5.3 采购合同', NULL, 'not_submitted', 1, NULL, NULL, NULL, NULL, NULL, NULL, NULL, NULL, NULL, NULL, NULL, NULL, 0, NULL, NULL, NULL, NULL, NULL, NULL, NULL, NULL, NULL, NULL, NULL, NULL, NULL, '2026-06-26 11:25:23', '2026-06-26 11:25:23');
INSERT INTO `project_stage_documents` VALUES (939, 14, 860, 'v20260625', 5, 'manufacturing', '生产制作阶段', '5.4', 4, '采购合同审核记录表', 1, '合同审核人员', '总经理或运营审核对象待业务确认', 'operations_center', 'operations_center', 'approval_required', 'file_upload', '5-生产制作/5.4 采购合同审核记录表', NULL, 'not_submitted', 1, NULL, NULL, NULL, NULL, NULL, NULL, NULL, NULL, NULL, NULL, NULL, NULL, 0, NULL, NULL, NULL, NULL, NULL, NULL, NULL, NULL, NULL, NULL, NULL, NULL, NULL, '2026-06-26 11:25:23', '2026-06-26 11:25:23');
INSERT INTO `project_stage_documents` VALUES (940, 14, 861, 'v20260625', 5, 'manufacturing', '生产制作阶段', '5.5', 5, '作业指导书', 1, '技术负责人', '技术负责人确认', 'rd_center', 'rd_center', 'submit_only', 'file_upload', '5-生产制作/5.5 作业指导书', NULL, 'not_submitted', 1, NULL, NULL, NULL, NULL, NULL, NULL, NULL, NULL, NULL, NULL, NULL, NULL, 0, NULL, NULL, NULL, NULL, NULL, NULL, NULL, NULL, NULL, NULL, NULL, NULL, NULL, '2026-06-26 11:25:23', '2026-06-26 11:25:23');
INSERT INTO `project_stage_documents` VALUES (941, 14, 862, 'v20260625', 5, 'manufacturing', '生产制作阶段', '5.6', 6, '产品使用说明书', 1, '技术负责人', '项目经理确认', 'rd_center', 'rd_center', 'submit_only', 'file_upload', '5-生产制作/5.6 产品使用说明书', NULL, 'not_submitted', 1, NULL, NULL, NULL, NULL, NULL, NULL, NULL, NULL, NULL, NULL, NULL, NULL, 0, NULL, NULL, NULL, NULL, NULL, NULL, NULL, NULL, NULL, NULL, NULL, NULL, NULL, '2026-06-26 11:25:23', '2026-06-26 11:25:23');
INSERT INTO `project_stage_documents` VALUES (942, 14, 863, 'v20260625', 5, 'manufacturing', '生产制作阶段', '5.7', 7, '产品维护保养手册', 1, '技术负责人', '项目经理确认', 'rd_center', 'rd_center', 'submit_only', 'file_upload', '5-生产制作/5.7 产品维护保养手册', NULL, 'not_submitted', 1, NULL, NULL, NULL, NULL, NULL, NULL, NULL, NULL, NULL, NULL, NULL, NULL, 0, NULL, NULL, NULL, NULL, NULL, NULL, NULL, NULL, NULL, NULL, NULL, NULL, NULL, '2026-06-26 11:25:23', '2026-06-26 11:25:23');
INSERT INTO `project_stage_documents` VALUES (943, 14, 864, 'v20260625', 5, 'manufacturing', '生产制作阶段', '5.8', 8, '产品培训PPT', 1, '技术负责人', '项目经理确认', 'rd_center', 'rd_center', 'submit_only', 'file_upload', '5-生产制作/5.8 产品培训PPT', NULL, 'not_submitted', 1, NULL, NULL, NULL, NULL, NULL, NULL, NULL, NULL, NULL, NULL, NULL, NULL, 0, NULL, NULL, NULL, NULL, NULL, NULL, NULL, NULL, NULL, NULL, NULL, NULL, NULL, '2026-06-26 11:25:23', '2026-06-26 11:25:23');
INSERT INTO `project_stage_documents` VALUES (944, 14, 865, 'v20260625', 5, 'manufacturing', '生产制作阶段', '5.9', 9, '检验单', 1, '质检人员/制造中心人员', '质检人员或制造中心确认，组织口径待业务确认', 'manufacturing_center', 'manufacturing_center', 'approval_required', 'file_upload', '5-生产制作/5.9 检验单', NULL, 'not_submitted', 1, NULL, NULL, NULL, NULL, NULL, NULL, NULL, NULL, NULL, NULL, NULL, NULL, 0, NULL, NULL, NULL, NULL, NULL, NULL, NULL, NULL, NULL, NULL, NULL, NULL, NULL, '2026-06-26 11:25:23', '2026-06-26 11:25:23');
INSERT INTO `project_stage_documents` VALUES (945, 14, 866, 'v20260625', 5, 'manufacturing', '生产制作阶段', '5.10', 10, '入库单', 1, '库管人员', '库管人员编写，制造中心确认', 'manufacturing_center', 'manufacturing_center', 'submit_only', 'file_upload', '5-生产制作/5.10 入库单', NULL, 'not_submitted', 1, NULL, NULL, NULL, NULL, NULL, NULL, NULL, NULL, NULL, NULL, NULL, NULL, 0, NULL, NULL, NULL, NULL, NULL, NULL, NULL, NULL, NULL, NULL, NULL, NULL, NULL, '2026-06-26 11:25:23', '2026-06-26 11:25:23');
INSERT INTO `project_stage_documents` VALUES (946, 14, 867, 'v20260625', 5, 'manufacturing', '生产制作阶段', '5.11', 11, '领料单', 1, '库管人员', '库管人员编写，制造中心确认', 'manufacturing_center', 'manufacturing_center', 'submit_only', 'file_upload', '5-生产制作/5.11 领料单', NULL, 'not_submitted', 1, NULL, NULL, NULL, NULL, NULL, NULL, NULL, NULL, NULL, NULL, NULL, NULL, 0, NULL, NULL, NULL, NULL, NULL, NULL, NULL, NULL, NULL, NULL, NULL, NULL, NULL, '2026-06-26 11:25:23', '2026-06-26 11:25:23');
INSERT INTO `project_stage_documents` VALUES (947, 14, 868, 'v20260625', 5, 'manufacturing', '生产制作阶段', '5.12', 12, '安装调试记录（厂内）', 1, '制造中心人员', '制造中心确认', 'manufacturing_center', 'manufacturing_center', 'approval_required', 'file_upload', '5-生产制作/5.12 安装调试记录（厂内）', NULL, 'not_submitted', 1, NULL, NULL, NULL, NULL, NULL, NULL, NULL, NULL, NULL, NULL, NULL, NULL, 0, NULL, NULL, NULL, NULL, NULL, NULL, NULL, NULL, NULL, NULL, NULL, NULL, NULL, '2026-06-26 11:25:23', '2026-06-26 11:25:23');
INSERT INTO `project_stage_documents` VALUES (948, 14, 869, 'v20260625', 5, 'manufacturing', '生产制作阶段', '5.13', 13, '3D模型（设计变更）', 0, '设计变更人员', '项目经理确认对象待业务确认', 'rd_center', 'rd_center', 'conditional_submit', 'file_upload', '5-生产制作/5.13 3D模型（设计变更）', NULL, 'not_submitted', 1, NULL, NULL, NULL, NULL, NULL, NULL, NULL, NULL, NULL, NULL, NULL, NULL, 0, NULL, NULL, NULL, NULL, NULL, NULL, NULL, NULL, NULL, NULL, NULL, NULL, NULL, '2026-06-26 11:25:23', '2026-06-26 11:25:23');
INSERT INTO `project_stage_documents` VALUES (949, 14, 870, 'v20260625', 5, 'manufacturing', '生产制作阶段', '5.14', 14, '产品平面图（设计变更）', 0, '设计变更人员', '项目经理确认对象待业务确认', 'rd_center', 'rd_center', 'conditional_submit', 'file_upload', '5-生产制作/5.14 产品平面图（设计变更）', NULL, 'not_submitted', 1, NULL, NULL, NULL, NULL, NULL, NULL, NULL, NULL, NULL, NULL, NULL, NULL, 0, NULL, NULL, NULL, NULL, NULL, NULL, NULL, NULL, NULL, NULL, NULL, NULL, NULL, '2026-06-26 11:25:23', '2026-06-26 11:25:23');
INSERT INTO `project_stage_documents` VALUES (950, 14, 871, 'v20260625', 5, 'manufacturing', '生产制作阶段', '5.15', 15, '零部件清单（设计变更）', 0, '设计变更人员', '制造中心接收变更资料', 'rd_center', 'manufacturing_center', 'conditional_submit', 'file_upload', '5-生产制作/5.15 零部件清单（设计变更）', NULL, 'not_submitted', 1, NULL, NULL, NULL, NULL, NULL, NULL, NULL, NULL, NULL, NULL, NULL, NULL, 0, NULL, NULL, NULL, NULL, NULL, NULL, NULL, NULL, NULL, NULL, NULL, NULL, NULL, '2026-06-26 11:25:23', '2026-06-26 11:25:23');
INSERT INTO `project_stage_documents` VALUES (951, 14, 872, 'v20260625', 5, 'manufacturing', '生产制作阶段', '5.16', 16, '技术通知单（设计变更）', 0, '设计变更人员', '制造中心接收技术通知', 'rd_center', 'manufacturing_center', 'conditional_submit', 'file_upload', '5-生产制作/5.16 技术通知单（设计变更）', NULL, 'not_submitted', 1, NULL, NULL, NULL, NULL, NULL, NULL, NULL, NULL, NULL, NULL, NULL, NULL, 0, NULL, NULL, NULL, NULL, NULL, NULL, NULL, NULL, NULL, NULL, NULL, NULL, NULL, '2026-06-26 11:25:23', '2026-06-26 11:25:23');
INSERT INTO `project_stage_documents` VALUES (952, 14, 873, 'v20260625', 5, 'manufacturing', '生产制作阶段', '5.17', 17, '自验收报告', 1, '制造中心人员', '制造中心确认', 'manufacturing_center', 'manufacturing_center', 'approval_required', 'file_upload', '5-生产制作/5.17 自验收报告', NULL, 'not_submitted', 1, NULL, NULL, NULL, NULL, NULL, NULL, NULL, NULL, NULL, NULL, NULL, NULL, 0, NULL, NULL, NULL, NULL, NULL, NULL, NULL, NULL, NULL, NULL, NULL, NULL, NULL, '2026-06-26 11:25:23', '2026-06-26 11:25:23');
INSERT INTO `project_stage_documents` VALUES (953, 14, 874, 'v20260625', 6, 'preAcceptance', '预验收阶段', '6.1', 1, '预验收单', 1, '制造中心人员', '营销组织客户预验收，客户和项目经理确认', 'manufacturing_center', 'marketing_center', 'approval_required', 'file_upload', '6-预验收/6.1 预验收单', NULL, 'not_submitted', 1, NULL, NULL, NULL, NULL, NULL, NULL, NULL, NULL, NULL, NULL, NULL, NULL, 0, NULL, NULL, NULL, NULL, NULL, NULL, NULL, NULL, NULL, NULL, NULL, NULL, NULL, '2026-06-26 11:25:23', '2026-06-26 11:25:23');
INSERT INTO `project_stage_documents` VALUES (954, 14, 875, 'v20260625', 6, 'preAcceptance', '预验收阶段', '6.2', 2, '发票（发货款）', 0, '财务人员', '财务开票，营销协调客户付款', 'operations_center', 'marketing_center', 'submit_only', 'file_upload', '6-预验收/6.2 发票（发货款）', NULL, 'not_submitted', 1, NULL, NULL, NULL, NULL, NULL, NULL, NULL, NULL, NULL, NULL, NULL, NULL, 0, NULL, NULL, NULL, NULL, NULL, NULL, NULL, NULL, NULL, NULL, NULL, NULL, NULL, '2026-06-26 11:25:23', '2026-06-26 11:25:23');
INSERT INTO `project_stage_documents` VALUES (955, 14, 876, 'v20260625', 7, 'finalAcceptance', '终验收阶段', '7.1', 1, '发货单', 1, '制造中心人员', '制造中心确认', 'manufacturing_center', 'manufacturing_center', 'submit_only', 'file_upload', '7-终验收/7.1 发货单', NULL, 'not_submitted', 1, NULL, NULL, NULL, NULL, NULL, NULL, NULL, NULL, NULL, NULL, NULL, NULL, 0, NULL, NULL, NULL, NULL, NULL, NULL, NULL, NULL, NULL, NULL, NULL, NULL, NULL, '2026-06-26 11:25:23', '2026-06-26 11:25:23');
INSERT INTO `project_stage_documents` VALUES (956, 14, 877, 'v20260625', 7, 'finalAcceptance', '终验收阶段', '7.2', 2, '安装调试记录（现场）', 1, '制造中心人员', '客户确认对象待业务确认', 'manufacturing_center', 'manufacturing_center', 'approval_required', 'file_upload', '7-终验收/7.2 安装调试记录（现场）', NULL, 'not_submitted', 1, NULL, NULL, NULL, NULL, NULL, NULL, NULL, NULL, NULL, NULL, NULL, NULL, 0, NULL, NULL, NULL, NULL, NULL, NULL, NULL, NULL, NULL, NULL, NULL, NULL, NULL, '2026-06-26 11:25:23', '2026-06-26 11:25:23');
INSERT INTO `project_stage_documents` VALUES (957, 14, 878, 'v20260625', 7, 'finalAcceptance', '终验收阶段', '7.3', 3, '终验收单', 1, '制造中心人员', '营销组织客户终验收，客户和项目经理确认', 'manufacturing_center', 'marketing_center', 'approval_required', 'file_upload', '7-终验收/7.3 终验收单', NULL, 'not_submitted', 1, NULL, NULL, NULL, NULL, NULL, NULL, NULL, NULL, NULL, NULL, NULL, NULL, 0, NULL, NULL, NULL, NULL, NULL, NULL, NULL, NULL, NULL, NULL, NULL, NULL, NULL, '2026-06-26 11:25:23', '2026-06-26 11:25:23');
INSERT INTO `project_stage_documents` VALUES (958, 14, 879, 'v20260625', 7, 'finalAcceptance', '终验收阶段', '7.4', 4, '培训记录表', 1, '培训主讲人员', '客户和项目经理确认', 'marketing_center', 'marketing_center', 'approval_required', 'file_upload', '7-终验收/7.4 培训记录表', NULL, 'not_submitted', 1, NULL, NULL, NULL, NULL, NULL, NULL, NULL, NULL, NULL, NULL, NULL, NULL, 0, NULL, NULL, NULL, NULL, NULL, NULL, NULL, NULL, NULL, NULL, NULL, NULL, NULL, '2026-06-26 11:25:23', '2026-06-26 11:25:23');
INSERT INTO `project_stage_documents` VALUES (959, 14, 880, 'v20260625', 8, 'closeout', '结题阶段', '8.1', 1, '发票（尾款）', 0, '财务人员', '财务开票，营销协调客户付款', 'operations_center', 'marketing_center', 'submit_only', 'file_upload', '8-结题/8.1 发票（尾款）', NULL, 'not_submitted', 1, NULL, NULL, NULL, NULL, NULL, NULL, NULL, NULL, NULL, NULL, NULL, NULL, 0, NULL, NULL, NULL, NULL, NULL, NULL, NULL, NULL, NULL, NULL, NULL, NULL, NULL, '2026-06-26 11:25:23', '2026-06-26 11:25:23');
INSERT INTO `project_stage_documents` VALUES (960, 14, 881, 'v20260625', 8, 'closeout', '结题阶段', '8.2', 2, '项目结题报告', 1, '项目经理', '项目经理编写，总经理或相关负责人确认', NULL, NULL, 'submit_only', 'file_upload', '8-结题/8.2 项目结题报告', NULL, 'not_submitted', 1, NULL, NULL, NULL, NULL, NULL, NULL, NULL, NULL, NULL, NULL, NULL, NULL, 0, NULL, NULL, NULL, NULL, NULL, NULL, NULL, NULL, NULL, NULL, NULL, NULL, NULL, '2026-06-26 11:25:23', '2026-06-26 11:25:23');
INSERT INTO `project_stage_documents` VALUES (961, 15, 818, 'v20260625', 1, 'initiation', '立项阶段', '1.1', 1, '项目需求表', 1, '研发中心填写，营销组织调研', '营销组织调研，研发填写生成', 'rd_center', 'marketing_center', 'submit_only', 'file_upload', '1-立项/1.1 项目需求表', NULL, 'submitted', 1, 20, 9, '2026-06-29 10:13:37', NULL, NULL, 20, NULL, NULL, '2026-06-26 11:53:29', NULL, NULL, NULL, 0, NULL, NULL, NULL, NULL, NULL, NULL, NULL, NULL, NULL, NULL, NULL, NULL, NULL, '2026-06-26 11:29:44', '2026-06-29 10:13:37');
INSERT INTO `project_stage_documents` VALUES (962, 15, 819, 'v20260625', 1, 'initiation', '立项阶段', '1.2', 2, '项目立项审批表', 1, '营销人员', '商务评价、技术评价、总经理审批', 'marketing_center', NULL, 'approval_required', 'file_upload', '1-立项/1.2 项目立项审批表', NULL, 'confirmed', 1, 20, 9, '2026-06-26 11:56:31', NULL, NULL, 20, 20, NULL, '2026-06-26 11:57:54', '2026-06-26 13:34:11', NULL, NULL, 0, NULL, NULL, NULL, NULL, NULL, NULL, NULL, NULL, NULL, NULL, NULL, NULL, NULL, '2026-06-26 11:29:44', '2026-06-26 13:34:11');
INSERT INTO `project_stage_documents` VALUES (963, 15, 820, 'v20260625', 1, 'initiation', '立项阶段', '1.3', 3, '项目立项通知', 1, '营销总监', '营销中心', 'marketing_center', 'marketing_center', 'submit_only', 'file_upload', '1-立项/1.3 项目立项通知', NULL, 'submitted', 1, 20, 20, '2026-06-26 13:40:18', NULL, NULL, 20, NULL, NULL, '2026-06-26 13:40:33', NULL, NULL, NULL, 0, NULL, NULL, NULL, NULL, NULL, NULL, NULL, NULL, NULL, NULL, NULL, NULL, NULL, '2026-06-26 11:29:44', '2026-06-26 13:40:33');
INSERT INTO `project_stage_documents` VALUES (964, 15, 821, 'v20260625', 2, 'solution', '方案设计阶段', '2.1', 1, '方案设计工作计划', 1, '项目经理', '项目经理确认', 'rd_center', NULL, 'submit_only', 'file_upload', '2-方案设计/2.1 方案设计工作计划', NULL, 'not_submitted', 1, NULL, NULL, NULL, NULL, NULL, NULL, NULL, NULL, NULL, NULL, NULL, NULL, 0, NULL, NULL, NULL, NULL, NULL, NULL, NULL, NULL, NULL, NULL, NULL, NULL, NULL, '2026-06-26 11:29:44', '2026-06-26 11:29:44');
INSERT INTO `project_stage_documents` VALUES (965, 15, 822, 'v20260625', 2, 'solution', '方案设计阶段', '2.2', 2, '项目方案分析表', 1, '技术负责人', '项目经理确认', 'rd_center', NULL, 'approval_required', 'file_upload', '2-方案设计/2.2 项目方案分析表', NULL, 'confirmed', 1, 8, 9, '2026-06-26 13:49:06', NULL, NULL, 8, 1, NULL, '2026-06-26 13:59:11', '2026-06-26 13:59:58', NULL, NULL, 0, NULL, NULL, NULL, NULL, NULL, NULL, NULL, NULL, NULL, NULL, NULL, NULL, NULL, '2026-06-26 11:29:44', '2026-06-26 13:59:58');
INSERT INTO `project_stage_documents` VALUES (966, 15, 823, 'v20260625', 2, 'solution', '方案设计阶段', '2.3', 3, '产品功能框图', 1, '技术负责人', '技术负责人确认', 'rd_center', 'rd_center', 'approval_required', 'file_upload', '2-方案设计/2.3 产品功能框图', NULL, 'not_submitted', 1, NULL, NULL, NULL, NULL, NULL, NULL, NULL, NULL, NULL, NULL, NULL, NULL, 0, NULL, NULL, NULL, NULL, NULL, NULL, NULL, NULL, NULL, NULL, NULL, NULL, NULL, '2026-06-26 11:29:44', '2026-06-26 11:29:44');
INSERT INTO `project_stage_documents` VALUES (967, 15, 824, 'v20260625', 2, 'solution', '方案设计阶段', '2.4', 4, '3D模型', 1, '机械/方案设计人员', '技术负责人确认', 'rd_center', 'rd_center', 'submit_only', 'file_upload', '2-方案设计/2.4 3D模型', NULL, 'not_submitted', 1, NULL, NULL, NULL, NULL, NULL, NULL, NULL, NULL, NULL, NULL, NULL, NULL, 0, NULL, NULL, NULL, NULL, NULL, NULL, NULL, NULL, NULL, NULL, NULL, NULL, NULL, '2026-06-26 11:29:44', '2026-06-26 11:29:44');
INSERT INTO `project_stage_documents` VALUES (968, 15, 825, 'v20260625', 2, 'solution', '方案设计阶段', '2.5', 5, '布局图', 1, '机械/方案设计人员', '技术负责人确认', 'rd_center', 'rd_center', 'submit_only', 'file_upload', '2-方案设计/2.5 布局图', NULL, 'not_submitted', 1, NULL, NULL, NULL, NULL, NULL, NULL, NULL, NULL, NULL, NULL, NULL, NULL, 0, NULL, NULL, NULL, NULL, NULL, NULL, NULL, NULL, NULL, NULL, NULL, NULL, NULL, '2026-06-26 11:29:44', '2026-06-26 11:29:44');
INSERT INTO `project_stage_documents` VALUES (969, 15, 826, 'v20260625', 2, 'solution', '方案设计阶段', '2.6', 6, '工艺时序图', 0, '技术负责人/工艺负责人', '技术负责人确认', 'rd_center', 'rd_center', 'conditional_submit', 'file_upload', '2-方案设计/2.6 工艺时序图', NULL, 'not_submitted', 1, NULL, NULL, NULL, NULL, NULL, NULL, NULL, NULL, NULL, NULL, NULL, NULL, 0, NULL, NULL, NULL, NULL, NULL, NULL, NULL, NULL, NULL, NULL, NULL, NULL, NULL, '2026-06-26 11:29:44', '2026-06-26 11:29:44');
INSERT INTO `project_stage_documents` VALUES (970, 15, 827, 'v20260625', 2, 'solution', '方案设计阶段', '2.7', 7, '节拍表', 0, '技术负责人/工艺负责人', '技术负责人确认', 'rd_center', 'rd_center', 'conditional_submit', 'file_upload', '2-方案设计/2.7 节拍表', NULL, 'not_submitted', 1, NULL, NULL, NULL, NULL, NULL, NULL, NULL, NULL, NULL, NULL, NULL, NULL, 0, NULL, NULL, NULL, NULL, NULL, NULL, NULL, NULL, NULL, NULL, NULL, NULL, NULL, '2026-06-26 11:29:44', '2026-06-26 11:29:44');
INSERT INTO `project_stage_documents` VALUES (971, 15, 828, 'v20260625', 2, 'solution', '方案设计阶段', '2.8', 8, '演示动画', 0, '机械/方案设计人员', '项目经理确认', 'rd_center', NULL, 'conditional_submit', 'file_upload', '2-方案设计/2.8 演示动画', NULL, 'not_submitted', 1, NULL, NULL, NULL, NULL, NULL, NULL, NULL, NULL, NULL, NULL, NULL, NULL, 0, NULL, NULL, NULL, NULL, NULL, NULL, NULL, NULL, NULL, NULL, NULL, NULL, NULL, '2026-06-26 11:29:44', '2026-06-26 11:29:44');
INSERT INTO `project_stage_documents` VALUES (972, 15, 829, 'v20260625', 2, 'solution', '方案设计阶段', '2.9', 9, '电气功能框图', 1, '电气工程师', '技术负责人确认', 'rd_center', 'rd_center', 'submit_only', 'file_upload', '2-方案设计/2.9 电气功能框图', NULL, 'not_submitted', 1, NULL, NULL, NULL, NULL, NULL, NULL, NULL, NULL, NULL, NULL, NULL, NULL, 0, NULL, NULL, NULL, NULL, NULL, NULL, NULL, NULL, NULL, NULL, NULL, NULL, NULL, '2026-06-26 11:29:44', '2026-06-26 11:29:44');
INSERT INTO `project_stage_documents` VALUES (973, 15, 830, 'v20260625', 2, 'solution', '方案设计阶段', '2.10', 10, '软件功能框图', 1, '软件工程师', '技术负责人确认', 'rd_center', 'rd_center', 'submit_only', 'file_upload', '2-方案设计/2.10 软件功能框图', NULL, 'not_submitted', 1, NULL, NULL, NULL, NULL, NULL, NULL, NULL, NULL, NULL, NULL, NULL, NULL, 0, NULL, NULL, NULL, NULL, NULL, NULL, NULL, NULL, NULL, NULL, NULL, NULL, NULL, '2026-06-26 11:29:44', '2026-06-26 11:29:44');
INSERT INTO `project_stage_documents` VALUES (974, 15, 831, 'v20260625', 2, 'solution', '方案设计阶段', '2.11', 11, '项目方案PPT', 1, '技术负责人', '项目经理确认', 'rd_center', NULL, 'submit_only', 'file_upload', '2-方案设计/2.11 项目方案PPT', NULL, 'not_submitted', 1, NULL, NULL, NULL, NULL, NULL, NULL, NULL, NULL, NULL, NULL, NULL, NULL, 0, NULL, NULL, NULL, NULL, NULL, NULL, NULL, NULL, NULL, NULL, NULL, NULL, NULL, '2026-06-26 11:29:44', '2026-06-26 11:29:44');
INSERT INTO `project_stage_documents` VALUES (975, 15, 832, 'v20260625', 2, 'solution', '方案设计阶段', '2.12', 12, '方案评审记录表（内部方案评审）', 1, '技术负责人', '项目经理组织并确认', 'rd_center', NULL, 'approval_required', 'file_upload', '2-方案设计/2.12 方案评审记录表（内部方案评审）', NULL, 'not_submitted', 1, NULL, NULL, NULL, NULL, NULL, NULL, NULL, NULL, NULL, NULL, NULL, NULL, 0, NULL, NULL, NULL, NULL, NULL, NULL, NULL, NULL, NULL, NULL, NULL, NULL, NULL, '2026-06-26 11:29:44', '2026-06-26 11:29:44');
INSERT INTO `project_stage_documents` VALUES (976, 15, 833, 'v20260625', 2, 'solution', '方案设计阶段', '2.13', 13, '方案评审记录表（客户方案评审）', 1, '技术负责人', '营销组织，客户和项目经理确认', 'rd_center', 'marketing_center', 'approval_required', 'file_upload', '2-方案设计/2.13 方案评审记录表（客户方案评审）', NULL, 'not_submitted', 1, NULL, NULL, NULL, NULL, NULL, NULL, NULL, NULL, NULL, NULL, NULL, NULL, 0, NULL, NULL, NULL, NULL, NULL, NULL, NULL, NULL, NULL, NULL, NULL, NULL, NULL, '2026-06-26 11:29:44', '2026-06-26 11:29:44');
INSERT INTO `project_stage_documents` VALUES (977, 15, 834, 'v20260625', 2, 'solution', '方案设计阶段', '2.14', 14, '成本估算表', 1, '研发、制造、运营协作', '研发、制造、运营协作，总经理批准', 'rd_center', 'operations_center', 'approval_required', 'mixed', '2-方案设计/2.14 成本估算表', NULL, 'not_submitted', 1, NULL, NULL, NULL, NULL, NULL, NULL, NULL, NULL, NULL, NULL, NULL, NULL, 0, NULL, NULL, NULL, NULL, NULL, NULL, NULL, NULL, NULL, NULL, NULL, NULL, NULL, '2026-06-26 11:29:44', '2026-06-26 11:29:44');
INSERT INTO `project_stage_documents` VALUES (978, 15, 835, 'v20260625', 2, 'solution', '方案设计阶段', '2.15', 15, '报价单', 1, '营销人员', '总经理批准，客户确认', 'marketing_center', NULL, 'approval_required', 'file_upload', '2-方案设计/2.15 报价单', NULL, 'not_submitted', 1, NULL, NULL, NULL, NULL, NULL, NULL, NULL, NULL, NULL, NULL, NULL, NULL, 0, NULL, NULL, NULL, NULL, NULL, NULL, NULL, NULL, NULL, NULL, NULL, NULL, NULL, '2026-06-26 11:29:44', '2026-06-26 11:29:44');
INSERT INTO `project_stage_documents` VALUES (979, 15, 836, 'v20260625', 3, 'contract', '合同签订阶段', '3.1', 1, '技术协议', 1, '技术负责人', '客户签字盖章，营销组织', 'rd_center', 'marketing_center', 'approval_required', 'file_upload', '3-合同签订/3.1 技术协议', NULL, 'not_submitted', 1, NULL, NULL, NULL, NULL, NULL, NULL, NULL, NULL, NULL, NULL, NULL, NULL, 0, NULL, NULL, NULL, NULL, NULL, NULL, NULL, NULL, NULL, NULL, NULL, NULL, NULL, '2026-06-26 11:29:44', '2026-06-26 11:29:44');
INSERT INTO `project_stage_documents` VALUES (980, 15, 837, 'v20260625', 3, 'contract', '合同签订阶段', '3.2', 2, '销售合同', 1, '营销人员', '客户签字盖章', 'marketing_center', NULL, 'approval_required', 'file_upload', '3-合同签订/3.2 销售合同', NULL, 'not_submitted', 1, NULL, NULL, NULL, NULL, NULL, NULL, NULL, NULL, NULL, NULL, NULL, NULL, 0, NULL, NULL, NULL, NULL, NULL, NULL, NULL, NULL, NULL, NULL, NULL, NULL, NULL, '2026-06-26 11:29:44', '2026-06-26 11:29:44');
INSERT INTO `project_stage_documents` VALUES (981, 15, 838, 'v20260625', 3, 'contract', '合同签订阶段', '3.3', 3, '合同审核记录表（销售合同）', 1, '合同审核人员', '总经理或运营审核对象待业务确认', 'operations_center', 'operations_center', 'approval_required', 'file_upload', '3-合同签订/3.3 合同审核记录表（销售合同）', NULL, 'not_submitted', 1, NULL, NULL, NULL, NULL, NULL, NULL, NULL, NULL, NULL, NULL, NULL, NULL, 0, NULL, NULL, NULL, NULL, NULL, NULL, NULL, NULL, NULL, NULL, NULL, NULL, NULL, '2026-06-26 11:29:44', '2026-06-26 11:29:44');
INSERT INTO `project_stage_documents` VALUES (982, 15, 839, 'v20260625', 3, 'contract', '合同签订阶段', '3.4', 4, '发票（预付款）', 0, '财务人员', '财务开票，营销协调客户付款', 'operations_center', 'marketing_center', 'submit_only', 'file_upload', '3-合同签订/3.4 发票（预付款）', NULL, 'not_submitted', 1, NULL, NULL, NULL, NULL, NULL, NULL, NULL, NULL, NULL, NULL, NULL, NULL, 0, NULL, NULL, NULL, NULL, NULL, NULL, NULL, NULL, NULL, NULL, NULL, NULL, NULL, '2026-06-26 11:29:44', '2026-06-26 11:29:44');
INSERT INTO `project_stage_documents` VALUES (983, 15, 840, 'v20260625', 4, 'detailedDesign', '详细设计阶段', '4.1', 1, '项目启动书', 1, '制造中心', '制造中心组织项目启动会', 'manufacturing_center', 'manufacturing_center', 'submit_only', 'file_upload', '4-详细设计/4.1 项目启动书', NULL, 'not_submitted', 1, NULL, NULL, NULL, NULL, NULL, NULL, NULL, NULL, NULL, NULL, NULL, NULL, 0, NULL, NULL, NULL, NULL, NULL, NULL, NULL, NULL, NULL, NULL, NULL, NULL, NULL, '2026-06-26 11:29:44', '2026-06-26 11:29:44');
INSERT INTO `project_stage_documents` VALUES (984, 15, 841, 'v20260625', 4, 'detailedDesign', '详细设计阶段', '4.2', 2, '详细设计工作计划', 1, '项目经理', '项目经理确认', 'rd_center', NULL, 'submit_only', 'file_upload', '4-详细设计/4.2 详细设计工作计划', NULL, 'not_submitted', 1, NULL, NULL, NULL, NULL, NULL, NULL, NULL, NULL, NULL, NULL, NULL, NULL, 0, NULL, NULL, NULL, NULL, NULL, NULL, NULL, NULL, NULL, NULL, NULL, NULL, NULL, '2026-06-26 11:29:44', '2026-06-26 11:29:44');
INSERT INTO `project_stage_documents` VALUES (985, 15, 842, 'v20260625', 4, 'detailedDesign', '详细设计阶段', '4.3', 3, '3D模型', 1, '机械工程师', '技术负责人确认', 'rd_center', 'rd_center', 'submit_only', 'file_upload', '4-详细设计/4.3 3D模型', NULL, 'not_submitted', 1, NULL, NULL, NULL, NULL, NULL, NULL, NULL, NULL, NULL, NULL, NULL, NULL, 0, NULL, NULL, NULL, NULL, NULL, NULL, NULL, NULL, NULL, NULL, NULL, NULL, NULL, '2026-06-26 11:29:44', '2026-06-26 11:29:44');
INSERT INTO `project_stage_documents` VALUES (986, 15, 843, 'v20260625', 4, 'detailedDesign', '详细设计阶段', '4.4', 4, '电气原理图', 1, '电气工程师', '技术负责人确认', 'rd_center', 'rd_center', 'submit_only', 'file_upload', '4-详细设计/4.4 电气原理图', NULL, 'not_submitted', 1, NULL, NULL, NULL, NULL, NULL, NULL, NULL, NULL, NULL, NULL, NULL, NULL, 0, NULL, NULL, NULL, NULL, NULL, NULL, NULL, NULL, NULL, NULL, NULL, NULL, NULL, '2026-06-26 11:29:44', '2026-06-26 11:29:44');
INSERT INTO `project_stage_documents` VALUES (987, 15, 844, 'v20260625', 4, 'detailedDesign', '详细设计阶段', '4.5', 5, '电气接线图', 1, '电气工程师', '技术负责人确认', 'rd_center', 'rd_center', 'submit_only', 'file_upload', '4-详细设计/4.5 电气接线图', NULL, 'not_submitted', 1, NULL, NULL, NULL, NULL, NULL, NULL, NULL, NULL, NULL, NULL, NULL, NULL, 0, NULL, NULL, NULL, NULL, NULL, NULL, NULL, NULL, NULL, NULL, NULL, NULL, NULL, '2026-06-26 11:29:44', '2026-06-26 11:29:44');
INSERT INTO `project_stage_documents` VALUES (988, 15, 845, 'v20260625', 4, 'detailedDesign', '详细设计阶段', '4.6', 6, '电气布置图', 1, '电气工程师', '技术负责人确认', 'rd_center', 'rd_center', 'submit_only', 'file_upload', '4-详细设计/4.6 电气布置图', NULL, 'not_submitted', 1, NULL, NULL, NULL, NULL, NULL, NULL, NULL, NULL, NULL, NULL, NULL, NULL, 0, NULL, NULL, NULL, NULL, NULL, NULL, NULL, NULL, NULL, NULL, NULL, NULL, NULL, '2026-06-26 11:29:44', '2026-06-26 11:29:44');
INSERT INTO `project_stage_documents` VALUES (989, 15, 846, 'v20260625', 4, 'detailedDesign', '详细设计阶段', '4.7', 7, '控制逻辑流程图', 1, '软件/自动化工程师', '技术负责人确认', 'rd_center', 'rd_center', 'submit_only', 'file_upload', '4-详细设计/4.7 控制逻辑流程图', NULL, 'not_submitted', 1, NULL, NULL, NULL, NULL, NULL, NULL, NULL, NULL, NULL, NULL, NULL, NULL, 0, NULL, NULL, NULL, NULL, NULL, NULL, NULL, NULL, NULL, NULL, NULL, NULL, NULL, '2026-06-26 11:29:44', '2026-06-26 11:29:44');
INSERT INTO `project_stage_documents` VALUES (990, 15, 847, 'v20260625', 4, 'detailedDesign', '详细设计阶段', '4.8', 8, '自动化程序', 1, '软件/自动化工程师', '技术负责人确认', 'rd_center', 'rd_center', 'submit_only', 'file_upload', '4-详细设计/4.8 自动化程序', NULL, 'not_submitted', 1, NULL, NULL, NULL, NULL, NULL, NULL, NULL, NULL, NULL, NULL, NULL, NULL, 0, NULL, NULL, NULL, NULL, NULL, NULL, NULL, NULL, NULL, NULL, NULL, NULL, NULL, '2026-06-26 11:29:44', '2026-06-26 11:29:44');
INSERT INTO `project_stage_documents` VALUES (991, 15, 848, 'v20260625', 4, 'detailedDesign', '详细设计阶段', '4.9', 9, '软件开发说明文档', 1, '软件工程师', '技术负责人确认', 'rd_center', 'rd_center', 'submit_only', 'file_upload', '4-详细设计/4.9 软件开发说明文档', NULL, 'not_submitted', 1, NULL, NULL, NULL, NULL, NULL, NULL, NULL, NULL, NULL, NULL, NULL, NULL, 0, NULL, NULL, NULL, NULL, NULL, NULL, NULL, NULL, NULL, NULL, NULL, NULL, NULL, '2026-06-26 11:29:44', '2026-06-26 11:29:44');
INSERT INTO `project_stage_documents` VALUES (992, 15, 849, 'v20260625', 4, 'detailedDesign', '详细设计阶段', '4.10', 10, 'UI界面设计PPT', 1, '软件/UI人员', '技术负责人确认', 'rd_center', 'rd_center', 'submit_only', 'file_upload', '4-详细设计/4.10 UI界面设计PPT', NULL, 'not_submitted', 1, NULL, NULL, NULL, NULL, NULL, NULL, NULL, NULL, NULL, NULL, NULL, NULL, 0, NULL, NULL, NULL, NULL, NULL, NULL, NULL, NULL, NULL, NULL, NULL, NULL, NULL, '2026-06-26 11:29:44', '2026-06-26 11:29:44');
INSERT INTO `project_stage_documents` VALUES (993, 15, 850, 'v20260625', 4, 'detailedDesign', '详细设计阶段', '4.11', 11, '软件代码', 1, '软件工程师', '技术负责人确认', 'rd_center', 'rd_center', 'submit_only', 'file_upload', '4-详细设计/4.11 软件代码', NULL, 'not_submitted', 1, NULL, NULL, NULL, NULL, NULL, NULL, NULL, NULL, NULL, NULL, NULL, NULL, 0, NULL, NULL, NULL, NULL, NULL, NULL, NULL, NULL, NULL, NULL, NULL, NULL, NULL, '2026-06-26 11:29:44', '2026-06-26 11:29:44');
INSERT INTO `project_stage_documents` VALUES (994, 15, 851, 'v20260625', 4, 'detailedDesign', '详细设计阶段', '4.12', 12, '设计评审记录表（内部设计评审）', 1, '技术负责人', '项目经理组织并确认', 'rd_center', NULL, 'approval_required', 'file_upload', '4-详细设计/4.12 设计评审记录表（内部设计评审）', NULL, 'not_submitted', 1, NULL, NULL, NULL, NULL, NULL, NULL, NULL, NULL, NULL, NULL, NULL, NULL, 0, NULL, NULL, NULL, NULL, NULL, NULL, NULL, NULL, NULL, NULL, NULL, NULL, NULL, '2026-06-26 11:29:44', '2026-06-26 11:29:44');
INSERT INTO `project_stage_documents` VALUES (995, 15, 852, 'v20260625', 4, 'detailedDesign', '详细设计阶段', '4.13', 13, '设计评审记录表（客户设计评审）', 1, '技术负责人', '营销组织，客户和项目经理确认', 'rd_center', 'marketing_center', 'approval_required', 'file_upload', '4-详细设计/4.13 设计评审记录表（客户设计评审）', NULL, 'not_submitted', 1, NULL, NULL, NULL, NULL, NULL, NULL, NULL, NULL, NULL, NULL, NULL, NULL, 0, NULL, NULL, NULL, NULL, NULL, NULL, NULL, NULL, NULL, NULL, NULL, NULL, NULL, '2026-06-26 11:29:44', '2026-06-26 11:29:44');
INSERT INTO `project_stage_documents` VALUES (996, 15, 853, 'v20260625', 4, 'detailedDesign', '详细设计阶段', '4.14', 14, '产品平面图', 1, '机械工程师', '技术负责人确认', 'rd_center', 'rd_center', 'submit_only', 'file_upload', '4-详细设计/4.14 产品平面图', NULL, 'not_submitted', 1, NULL, NULL, NULL, NULL, NULL, NULL, NULL, NULL, NULL, NULL, NULL, NULL, 0, NULL, NULL, NULL, NULL, NULL, NULL, NULL, NULL, NULL, NULL, NULL, NULL, NULL, '2026-06-26 11:29:44', '2026-06-26 11:29:44');
INSERT INTO `project_stage_documents` VALUES (997, 15, 854, 'v20260625', 4, 'detailedDesign', '详细设计阶段', '4.15', 15, '产品零部件清单', 1, '各专业组成员、技术负责人', '技术负责人确认', 'rd_center', 'rd_center', 'submit_only', 'file_upload', '4-详细设计/4.15 产品零部件清单', NULL, 'not_submitted', 1, NULL, NULL, NULL, NULL, NULL, NULL, NULL, NULL, NULL, NULL, NULL, NULL, 0, NULL, NULL, NULL, NULL, NULL, NULL, NULL, NULL, NULL, NULL, NULL, NULL, NULL, '2026-06-26 11:29:44', '2026-06-26 11:29:44');
INSERT INTO `project_stage_documents` VALUES (998, 15, 855, 'v20260625', 4, 'detailedDesign', '详细设计阶段', '4.16', 16, '图纸审查记录', 1, '图纸审查人员', '项目经理组织，研发负责人或图纸审查人员确认', 'rd_center', 'rd_center', 'approval_required', 'file_upload', '4-详细设计/4.16 图纸审查记录', NULL, 'not_submitted', 1, NULL, NULL, NULL, NULL, NULL, NULL, NULL, NULL, NULL, NULL, NULL, NULL, 0, NULL, NULL, NULL, NULL, NULL, NULL, NULL, NULL, NULL, NULL, NULL, NULL, NULL, '2026-06-26 11:29:44', '2026-06-26 11:29:44');
INSERT INTO `project_stage_documents` VALUES (999, 15, 856, 'v20260625', 4, 'detailedDesign', '详细设计阶段', '4.17', 17, '客户会签记录', 1, '营销人员/项目经理', '客户和项目经理确认', 'marketing_center', 'marketing_center', 'approval_required', 'file_upload', '4-详细设计/4.17 客户会签记录', NULL, 'not_submitted', 1, NULL, NULL, NULL, NULL, NULL, NULL, NULL, NULL, NULL, NULL, NULL, NULL, 0, NULL, NULL, NULL, NULL, NULL, NULL, NULL, NULL, NULL, NULL, NULL, NULL, NULL, '2026-06-26 11:29:44', '2026-06-26 11:29:44');
INSERT INTO `project_stage_documents` VALUES (1000, 15, 857, 'v20260625', 5, 'manufacturing', '生产制作阶段', '5.1', 1, '采购申请表', 1, '技术负责人', '制造中心接收，采购审批流程另行建模', 'rd_center', 'manufacturing_center', 'approval_required', 'file_upload', '5-生产制作/5.1 采购申请表', NULL, 'not_submitted', 1, NULL, NULL, NULL, NULL, NULL, NULL, NULL, NULL, NULL, NULL, NULL, NULL, 0, NULL, NULL, NULL, NULL, NULL, NULL, NULL, NULL, NULL, NULL, NULL, NULL, NULL, '2026-06-26 11:29:44', '2026-06-26 11:29:44');
INSERT INTO `project_stage_documents` VALUES (1001, 15, 858, 'v20260625', 5, 'manufacturing', '生产制作阶段', '5.2', 2, '比价表', 1, '采购人员', '制造中心确认', 'manufacturing_center', 'manufacturing_center', 'submit_only', 'file_upload', '5-生产制作/5.2 比价表', NULL, 'not_submitted', 1, NULL, NULL, NULL, NULL, NULL, NULL, NULL, NULL, NULL, NULL, NULL, NULL, 0, NULL, NULL, NULL, NULL, NULL, NULL, NULL, NULL, NULL, NULL, NULL, NULL, NULL, '2026-06-26 11:29:44', '2026-06-26 11:29:44');
INSERT INTO `project_stage_documents` VALUES (1002, 15, 859, 'v20260625', 5, 'manufacturing', '生产制作阶段', '5.3', 3, '采购合同', 1, '采购人员', '供应商签署，合同状态流另行建模', 'manufacturing_center', 'manufacturing_center', 'approval_required', 'file_upload', '5-生产制作/5.3 采购合同', NULL, 'not_submitted', 1, NULL, NULL, NULL, NULL, NULL, NULL, NULL, NULL, NULL, NULL, NULL, NULL, 0, NULL, NULL, NULL, NULL, NULL, NULL, NULL, NULL, NULL, NULL, NULL, NULL, NULL, '2026-06-26 11:29:44', '2026-06-26 11:29:44');
INSERT INTO `project_stage_documents` VALUES (1003, 15, 860, 'v20260625', 5, 'manufacturing', '生产制作阶段', '5.4', 4, '采购合同审核记录表', 1, '合同审核人员', '总经理或运营审核对象待业务确认', 'operations_center', 'operations_center', 'approval_required', 'file_upload', '5-生产制作/5.4 采购合同审核记录表', NULL, 'not_submitted', 1, NULL, NULL, NULL, NULL, NULL, NULL, NULL, NULL, NULL, NULL, NULL, NULL, 0, NULL, NULL, NULL, NULL, NULL, NULL, NULL, NULL, NULL, NULL, NULL, NULL, NULL, '2026-06-26 11:29:44', '2026-06-26 11:29:44');
INSERT INTO `project_stage_documents` VALUES (1004, 15, 861, 'v20260625', 5, 'manufacturing', '生产制作阶段', '5.5', 5, '作业指导书', 1, '技术负责人', '技术负责人确认', 'rd_center', 'rd_center', 'submit_only', 'file_upload', '5-生产制作/5.5 作业指导书', NULL, 'not_submitted', 1, NULL, NULL, NULL, NULL, NULL, NULL, NULL, NULL, NULL, NULL, NULL, NULL, 0, NULL, NULL, NULL, NULL, NULL, NULL, NULL, NULL, NULL, NULL, NULL, NULL, NULL, '2026-06-26 11:29:44', '2026-06-26 11:29:44');
INSERT INTO `project_stage_documents` VALUES (1005, 15, 862, 'v20260625', 5, 'manufacturing', '生产制作阶段', '5.6', 6, '产品使用说明书', 1, '技术负责人', '项目经理确认', 'rd_center', 'rd_center', 'submit_only', 'file_upload', '5-生产制作/5.6 产品使用说明书', NULL, 'not_submitted', 1, NULL, NULL, NULL, NULL, NULL, NULL, NULL, NULL, NULL, NULL, NULL, NULL, 0, NULL, NULL, NULL, NULL, NULL, NULL, NULL, NULL, NULL, NULL, NULL, NULL, NULL, '2026-06-26 11:29:44', '2026-06-26 11:29:44');
INSERT INTO `project_stage_documents` VALUES (1006, 15, 863, 'v20260625', 5, 'manufacturing', '生产制作阶段', '5.7', 7, '产品维护保养手册', 1, '技术负责人', '项目经理确认', 'rd_center', 'rd_center', 'submit_only', 'file_upload', '5-生产制作/5.7 产品维护保养手册', NULL, 'not_submitted', 1, NULL, NULL, NULL, NULL, NULL, NULL, NULL, NULL, NULL, NULL, NULL, NULL, 0, NULL, NULL, NULL, NULL, NULL, NULL, NULL, NULL, NULL, NULL, NULL, NULL, NULL, '2026-06-26 11:29:44', '2026-06-26 11:29:44');
INSERT INTO `project_stage_documents` VALUES (1007, 15, 864, 'v20260625', 5, 'manufacturing', '生产制作阶段', '5.8', 8, '产品培训PPT', 1, '技术负责人', '项目经理确认', 'rd_center', 'rd_center', 'submit_only', 'file_upload', '5-生产制作/5.8 产品培训PPT', NULL, 'not_submitted', 1, NULL, NULL, NULL, NULL, NULL, NULL, NULL, NULL, NULL, NULL, NULL, NULL, 0, NULL, NULL, NULL, NULL, NULL, NULL, NULL, NULL, NULL, NULL, NULL, NULL, NULL, '2026-06-26 11:29:44', '2026-06-26 11:29:44');
INSERT INTO `project_stage_documents` VALUES (1008, 15, 865, 'v20260625', 5, 'manufacturing', '生产制作阶段', '5.9', 9, '检验单', 1, '质检人员/制造中心人员', '质检人员或制造中心确认，组织口径待业务确认', 'manufacturing_center', 'manufacturing_center', 'approval_required', 'file_upload', '5-生产制作/5.9 检验单', NULL, 'not_submitted', 1, NULL, NULL, NULL, NULL, NULL, NULL, NULL, NULL, NULL, NULL, NULL, NULL, 0, NULL, NULL, NULL, NULL, NULL, NULL, NULL, NULL, NULL, NULL, NULL, NULL, NULL, '2026-06-26 11:29:44', '2026-06-26 11:29:44');
INSERT INTO `project_stage_documents` VALUES (1009, 15, 866, 'v20260625', 5, 'manufacturing', '生产制作阶段', '5.10', 10, '入库单', 1, '库管人员', '库管人员编写，制造中心确认', 'manufacturing_center', 'manufacturing_center', 'submit_only', 'file_upload', '5-生产制作/5.10 入库单', NULL, 'not_submitted', 1, NULL, NULL, NULL, NULL, NULL, NULL, NULL, NULL, NULL, NULL, NULL, NULL, 0, NULL, NULL, NULL, NULL, NULL, NULL, NULL, NULL, NULL, NULL, NULL, NULL, NULL, '2026-06-26 11:29:44', '2026-06-26 11:29:44');
INSERT INTO `project_stage_documents` VALUES (1010, 15, 867, 'v20260625', 5, 'manufacturing', '生产制作阶段', '5.11', 11, '领料单', 1, '库管人员', '库管人员编写，制造中心确认', 'manufacturing_center', 'manufacturing_center', 'submit_only', 'file_upload', '5-生产制作/5.11 领料单', NULL, 'not_submitted', 1, NULL, NULL, NULL, NULL, NULL, NULL, NULL, NULL, NULL, NULL, NULL, NULL, 0, NULL, NULL, NULL, NULL, NULL, NULL, NULL, NULL, NULL, NULL, NULL, NULL, NULL, '2026-06-26 11:29:44', '2026-06-26 11:29:44');
INSERT INTO `project_stage_documents` VALUES (1011, 15, 868, 'v20260625', 5, 'manufacturing', '生产制作阶段', '5.12', 12, '安装调试记录（厂内）', 1, '制造中心人员', '制造中心确认', 'manufacturing_center', 'manufacturing_center', 'approval_required', 'file_upload', '5-生产制作/5.12 安装调试记录（厂内）', NULL, 'not_submitted', 1, NULL, NULL, NULL, NULL, NULL, NULL, NULL, NULL, NULL, NULL, NULL, NULL, 0, NULL, NULL, NULL, NULL, NULL, NULL, NULL, NULL, NULL, NULL, NULL, NULL, NULL, '2026-06-26 11:29:44', '2026-06-26 11:29:44');
INSERT INTO `project_stage_documents` VALUES (1012, 15, 869, 'v20260625', 5, 'manufacturing', '生产制作阶段', '5.13', 13, '3D模型（设计变更）', 0, '设计变更人员', '项目经理确认对象待业务确认', 'rd_center', 'rd_center', 'conditional_submit', 'file_upload', '5-生产制作/5.13 3D模型（设计变更）', NULL, 'not_submitted', 1, NULL, NULL, NULL, NULL, NULL, NULL, NULL, NULL, NULL, NULL, NULL, NULL, 0, NULL, NULL, NULL, NULL, NULL, NULL, NULL, NULL, NULL, NULL, NULL, NULL, NULL, '2026-06-26 11:29:44', '2026-06-26 11:29:44');
INSERT INTO `project_stage_documents` VALUES (1013, 15, 870, 'v20260625', 5, 'manufacturing', '生产制作阶段', '5.14', 14, '产品平面图（设计变更）', 0, '设计变更人员', '项目经理确认对象待业务确认', 'rd_center', 'rd_center', 'conditional_submit', 'file_upload', '5-生产制作/5.14 产品平面图（设计变更）', NULL, 'not_submitted', 1, NULL, NULL, NULL, NULL, NULL, NULL, NULL, NULL, NULL, NULL, NULL, NULL, 0, NULL, NULL, NULL, NULL, NULL, NULL, NULL, NULL, NULL, NULL, NULL, NULL, NULL, '2026-06-26 11:29:44', '2026-06-26 11:29:44');
INSERT INTO `project_stage_documents` VALUES (1014, 15, 871, 'v20260625', 5, 'manufacturing', '生产制作阶段', '5.15', 15, '零部件清单（设计变更）', 0, '设计变更人员', '制造中心接收变更资料', 'rd_center', 'manufacturing_center', 'conditional_submit', 'file_upload', '5-生产制作/5.15 零部件清单（设计变更）', NULL, 'not_submitted', 1, NULL, NULL, NULL, NULL, NULL, NULL, NULL, NULL, NULL, NULL, NULL, NULL, 0, NULL, NULL, NULL, NULL, NULL, NULL, NULL, NULL, NULL, NULL, NULL, NULL, NULL, '2026-06-26 11:29:44', '2026-06-26 11:29:44');
INSERT INTO `project_stage_documents` VALUES (1015, 15, 872, 'v20260625', 5, 'manufacturing', '生产制作阶段', '5.16', 16, '技术通知单（设计变更）', 0, '设计变更人员', '制造中心接收技术通知', 'rd_center', 'manufacturing_center', 'conditional_submit', 'file_upload', '5-生产制作/5.16 技术通知单（设计变更）', NULL, 'not_submitted', 1, NULL, NULL, NULL, NULL, NULL, NULL, NULL, NULL, NULL, NULL, NULL, NULL, 0, NULL, NULL, NULL, NULL, NULL, NULL, NULL, NULL, NULL, NULL, NULL, NULL, NULL, '2026-06-26 11:29:44', '2026-06-26 11:29:44');
INSERT INTO `project_stage_documents` VALUES (1016, 15, 873, 'v20260625', 5, 'manufacturing', '生产制作阶段', '5.17', 17, '自验收报告', 1, '制造中心人员', '制造中心确认', 'manufacturing_center', 'manufacturing_center', 'approval_required', 'file_upload', '5-生产制作/5.17 自验收报告', NULL, 'not_submitted', 1, NULL, NULL, NULL, NULL, NULL, NULL, NULL, NULL, NULL, NULL, NULL, NULL, 0, NULL, NULL, NULL, NULL, NULL, NULL, NULL, NULL, NULL, NULL, NULL, NULL, NULL, '2026-06-26 11:29:44', '2026-06-26 11:29:44');
INSERT INTO `project_stage_documents` VALUES (1017, 15, 874, 'v20260625', 6, 'preAcceptance', '预验收阶段', '6.1', 1, '预验收单', 1, '制造中心人员', '营销组织客户预验收，客户和项目经理确认', 'manufacturing_center', 'marketing_center', 'approval_required', 'file_upload', '6-预验收/6.1 预验收单', NULL, 'not_submitted', 1, NULL, NULL, NULL, NULL, NULL, NULL, NULL, NULL, NULL, NULL, NULL, NULL, 0, NULL, NULL, NULL, NULL, NULL, NULL, NULL, NULL, NULL, NULL, NULL, NULL, NULL, '2026-06-26 11:29:44', '2026-06-26 11:29:44');
INSERT INTO `project_stage_documents` VALUES (1018, 15, 875, 'v20260625', 6, 'preAcceptance', '预验收阶段', '6.2', 2, '发票（发货款）', 0, '财务人员', '财务开票，营销协调客户付款', 'operations_center', 'marketing_center', 'submit_only', 'file_upload', '6-预验收/6.2 发票（发货款）', NULL, 'not_submitted', 1, NULL, NULL, NULL, NULL, NULL, NULL, NULL, NULL, NULL, NULL, NULL, NULL, 0, NULL, NULL, NULL, NULL, NULL, NULL, NULL, NULL, NULL, NULL, NULL, NULL, NULL, '2026-06-26 11:29:44', '2026-06-26 11:29:44');
INSERT INTO `project_stage_documents` VALUES (1019, 15, 876, 'v20260625', 7, 'finalAcceptance', '终验收阶段', '7.1', 1, '发货单', 1, '制造中心人员', '制造中心确认', 'manufacturing_center', 'manufacturing_center', 'submit_only', 'file_upload', '7-终验收/7.1 发货单', NULL, 'not_submitted', 1, NULL, NULL, NULL, NULL, NULL, NULL, NULL, NULL, NULL, NULL, NULL, NULL, 0, NULL, NULL, NULL, NULL, NULL, NULL, NULL, NULL, NULL, NULL, NULL, NULL, NULL, '2026-06-26 11:29:44', '2026-06-26 11:29:44');
INSERT INTO `project_stage_documents` VALUES (1020, 15, 877, 'v20260625', 7, 'finalAcceptance', '终验收阶段', '7.2', 2, '安装调试记录（现场）', 1, '制造中心人员', '客户确认对象待业务确认', 'manufacturing_center', 'manufacturing_center', 'approval_required', 'file_upload', '7-终验收/7.2 安装调试记录（现场）', NULL, 'not_submitted', 1, NULL, NULL, NULL, NULL, NULL, NULL, NULL, NULL, NULL, NULL, NULL, NULL, 0, NULL, NULL, NULL, NULL, NULL, NULL, NULL, NULL, NULL, NULL, NULL, NULL, NULL, '2026-06-26 11:29:44', '2026-06-26 11:29:44');
INSERT INTO `project_stage_documents` VALUES (1021, 15, 878, 'v20260625', 7, 'finalAcceptance', '终验收阶段', '7.3', 3, '终验收单', 1, '制造中心人员', '营销组织客户终验收，客户和项目经理确认', 'manufacturing_center', 'marketing_center', 'approval_required', 'file_upload', '7-终验收/7.3 终验收单', NULL, 'not_submitted', 1, NULL, NULL, NULL, NULL, NULL, NULL, NULL, NULL, NULL, NULL, NULL, NULL, 0, NULL, NULL, NULL, NULL, NULL, NULL, NULL, NULL, NULL, NULL, NULL, NULL, NULL, '2026-06-26 11:29:44', '2026-06-26 11:29:44');
INSERT INTO `project_stage_documents` VALUES (1022, 15, 879, 'v20260625', 7, 'finalAcceptance', '终验收阶段', '7.4', 4, '培训记录表', 1, '培训主讲人员', '客户和项目经理确认', 'marketing_center', 'marketing_center', 'approval_required', 'file_upload', '7-终验收/7.4 培训记录表', NULL, 'not_submitted', 1, NULL, NULL, NULL, NULL, NULL, NULL, NULL, NULL, NULL, NULL, NULL, NULL, 0, NULL, NULL, NULL, NULL, NULL, NULL, NULL, NULL, NULL, NULL, NULL, NULL, NULL, '2026-06-26 11:29:44', '2026-06-26 11:29:44');
INSERT INTO `project_stage_documents` VALUES (1023, 15, 880, 'v20260625', 8, 'closeout', '结题阶段', '8.1', 1, '发票（尾款）', 0, '财务人员', '财务开票，营销协调客户付款', 'operations_center', 'marketing_center', 'submit_only', 'file_upload', '8-结题/8.1 发票（尾款）', NULL, 'not_submitted', 1, NULL, NULL, NULL, NULL, NULL, NULL, NULL, NULL, NULL, NULL, NULL, NULL, 0, NULL, NULL, NULL, NULL, NULL, NULL, NULL, NULL, NULL, NULL, NULL, NULL, NULL, '2026-06-26 11:29:44', '2026-06-26 11:29:44');
INSERT INTO `project_stage_documents` VALUES (1024, 15, 881, 'v20260625', 8, 'closeout', '结题阶段', '8.2', 2, '项目结题报告', 1, '项目经理', '项目经理编写，总经理或相关负责人确认', NULL, NULL, 'submit_only', 'file_upload', '8-结题/8.2 项目结题报告', NULL, 'not_submitted', 1, NULL, NULL, NULL, NULL, NULL, NULL, NULL, NULL, NULL, NULL, NULL, NULL, 0, NULL, NULL, NULL, NULL, NULL, NULL, NULL, NULL, NULL, NULL, NULL, NULL, NULL, '2026-06-26 11:29:44', '2026-06-26 11:29:44');
INSERT INTO `project_stage_documents` VALUES (12161, 190, 818, 'v20260625', 1, 'initiation', '立项阶段', '1.1', 1, '项目需求表', 1, '研发中心填写，营销组织调研', '营销组织调研，研发填写生成', 'rd_center', 'marketing_center', 'submit_only', 'file_upload', '1-立项/1.1 项目需求表', NULL, 'submitted', 1, 10, 1, '2026-06-29 15:36:41', NULL, NULL, 10, NULL, NULL, '2026-06-29 15:39:25', NULL, NULL, NULL, 0, NULL, NULL, NULL, NULL, NULL, NULL, NULL, NULL, NULL, NULL, NULL, NULL, NULL, '2026-06-29 15:35:54', '2026-06-29 15:39:25');
INSERT INTO `project_stage_documents` VALUES (12162, 190, 819, 'v20260625', 1, 'initiation', '立项阶段', '1.2', 2, '项目立项审批表', 1, '营销人员', '商务评价、技术评价、总经理审批', 'marketing_center', NULL, 'approval_required', 'file_upload', '1-立项/1.2 项目立项审批表', NULL, 'confirmed', 1, 20, 9, '2026-06-29 15:37:23', NULL, NULL, 20, 25, NULL, '2026-06-29 15:44:17', '2026-06-29 15:47:51', NULL, NULL, 0, NULL, NULL, NULL, NULL, NULL, NULL, NULL, NULL, NULL, NULL, NULL, NULL, NULL, '2026-06-29 15:35:54', '2026-06-29 15:47:51');
INSERT INTO `project_stage_documents` VALUES (12163, 190, 820, 'v20260625', 1, 'initiation', '立项阶段', '1.3', 3, '项目立项通知', 1, '营销总监', '营销中心', 'marketing_center', 'marketing_center', 'submit_only', 'file_upload', '1-立项/1.3 项目立项通知', NULL, 'submitted', 1, 20, 9, '2026-06-29 15:37:44', NULL, NULL, 20, NULL, NULL, '2026-06-29 15:51:32', NULL, NULL, NULL, 0, NULL, NULL, NULL, NULL, NULL, NULL, NULL, NULL, NULL, NULL, NULL, NULL, NULL, '2026-06-29 15:35:54', '2026-06-29 15:51:32');
INSERT INTO `project_stage_documents` VALUES (12164, 190, 821, 'v20260625', 2, 'solution', '方案设计阶段', '2.1', 1, '方案设计工作计划', 1, '项目经理', '项目经理确认', 'rd_center', NULL, 'submit_only', 'file_upload', '2-方案设计/2.1 方案设计工作计划', NULL, 'not_submitted', 1, NULL, NULL, NULL, NULL, NULL, NULL, NULL, NULL, NULL, NULL, NULL, NULL, 0, NULL, NULL, NULL, NULL, NULL, NULL, NULL, NULL, NULL, NULL, NULL, NULL, NULL, '2026-06-29 15:35:54', '2026-06-29 15:35:54');
INSERT INTO `project_stage_documents` VALUES (12165, 190, 822, 'v20260625', 2, 'solution', '方案设计阶段', '2.2', 2, '项目方案分析表', 1, '技术负责人', '项目经理确认', 'rd_center', NULL, 'approval_required', 'file_upload', '2-方案设计/2.2 项目方案分析表', NULL, 'not_submitted', 1, NULL, NULL, NULL, NULL, NULL, NULL, NULL, NULL, NULL, NULL, NULL, NULL, 0, NULL, NULL, NULL, NULL, NULL, NULL, NULL, NULL, NULL, NULL, NULL, NULL, NULL, '2026-06-29 15:35:54', '2026-06-29 15:35:54');
INSERT INTO `project_stage_documents` VALUES (12166, 190, 823, 'v20260625', 2, 'solution', '方案设计阶段', '2.3', 3, '产品功能框图', 1, '技术负责人', '技术负责人确认', 'rd_center', 'rd_center', 'approval_required', 'file_upload', '2-方案设计/2.3 产品功能框图', NULL, 'not_submitted', 1, NULL, NULL, NULL, NULL, NULL, NULL, NULL, NULL, NULL, NULL, NULL, NULL, 0, NULL, NULL, NULL, NULL, NULL, NULL, NULL, NULL, NULL, NULL, NULL, NULL, NULL, '2026-06-29 15:35:54', '2026-06-29 15:35:54');
INSERT INTO `project_stage_documents` VALUES (12167, 190, 824, 'v20260625', 2, 'solution', '方案设计阶段', '2.4', 4, '3D模型', 1, '机械/方案设计人员', '技术负责人确认', 'rd_center', 'rd_center', 'submit_only', 'file_upload', '2-方案设计/2.4 3D模型', NULL, 'not_submitted', 1, NULL, NULL, NULL, NULL, NULL, NULL, NULL, NULL, NULL, NULL, NULL, NULL, 0, NULL, NULL, NULL, NULL, NULL, NULL, NULL, NULL, NULL, NULL, NULL, NULL, NULL, '2026-06-29 15:35:54', '2026-06-29 15:35:54');
INSERT INTO `project_stage_documents` VALUES (12168, 190, 825, 'v20260625', 2, 'solution', '方案设计阶段', '2.5', 5, '布局图', 1, '机械/方案设计人员', '技术负责人确认', 'rd_center', 'rd_center', 'submit_only', 'file_upload', '2-方案设计/2.5 布局图', NULL, 'not_submitted', 1, NULL, NULL, NULL, NULL, NULL, NULL, NULL, NULL, NULL, NULL, NULL, NULL, 0, NULL, NULL, NULL, NULL, NULL, NULL, NULL, NULL, NULL, NULL, NULL, NULL, NULL, '2026-06-29 15:35:54', '2026-06-29 15:35:54');
INSERT INTO `project_stage_documents` VALUES (12169, 190, 826, 'v20260625', 2, 'solution', '方案设计阶段', '2.6', 6, '工艺时序图', 0, '技术负责人/工艺负责人', '技术负责人确认', 'rd_center', 'rd_center', 'conditional_submit', 'file_upload', '2-方案设计/2.6 工艺时序图', NULL, 'not_submitted', 1, NULL, NULL, NULL, NULL, NULL, NULL, NULL, NULL, NULL, NULL, NULL, NULL, 0, NULL, NULL, NULL, NULL, NULL, NULL, NULL, NULL, NULL, NULL, NULL, NULL, NULL, '2026-06-29 15:35:54', '2026-06-29 15:35:54');
INSERT INTO `project_stage_documents` VALUES (12170, 190, 827, 'v20260625', 2, 'solution', '方案设计阶段', '2.7', 7, '节拍表', 0, '技术负责人/工艺负责人', '技术负责人确认', 'rd_center', 'rd_center', 'conditional_submit', 'file_upload', '2-方案设计/2.7 节拍表', NULL, 'not_submitted', 1, NULL, NULL, NULL, NULL, NULL, NULL, NULL, NULL, NULL, NULL, NULL, NULL, 0, NULL, NULL, NULL, NULL, NULL, NULL, NULL, NULL, NULL, NULL, NULL, NULL, NULL, '2026-06-29 15:35:54', '2026-06-29 15:35:54');
INSERT INTO `project_stage_documents` VALUES (12171, 190, 828, 'v20260625', 2, 'solution', '方案设计阶段', '2.8', 8, '演示动画', 0, '机械/方案设计人员', '项目经理确认', 'rd_center', NULL, 'conditional_submit', 'file_upload', '2-方案设计/2.8 演示动画', NULL, 'not_submitted', 1, NULL, NULL, NULL, NULL, NULL, NULL, NULL, NULL, NULL, NULL, NULL, NULL, 0, NULL, NULL, NULL, NULL, NULL, NULL, NULL, NULL, NULL, NULL, NULL, NULL, NULL, '2026-06-29 15:35:54', '2026-06-29 15:35:54');
INSERT INTO `project_stage_documents` VALUES (12172, 190, 829, 'v20260625', 2, 'solution', '方案设计阶段', '2.9', 9, '电气功能框图', 1, '电气工程师', '技术负责人确认', 'rd_center', 'rd_center', 'submit_only', 'file_upload', '2-方案设计/2.9 电气功能框图', NULL, 'not_submitted', 1, NULL, NULL, NULL, NULL, NULL, NULL, NULL, NULL, NULL, NULL, NULL, NULL, 0, NULL, NULL, NULL, NULL, NULL, NULL, NULL, NULL, NULL, NULL, NULL, NULL, NULL, '2026-06-29 15:35:54', '2026-06-29 15:35:54');
INSERT INTO `project_stage_documents` VALUES (12173, 190, 830, 'v20260625', 2, 'solution', '方案设计阶段', '2.10', 10, '软件功能框图', 1, '软件工程师', '技术负责人确认', 'rd_center', 'rd_center', 'submit_only', 'file_upload', '2-方案设计/2.10 软件功能框图', NULL, 'not_submitted', 1, NULL, NULL, NULL, NULL, NULL, NULL, NULL, NULL, NULL, NULL, NULL, NULL, 0, NULL, NULL, NULL, NULL, NULL, NULL, NULL, NULL, NULL, NULL, NULL, NULL, NULL, '2026-06-29 15:35:54', '2026-06-29 15:35:54');
INSERT INTO `project_stage_documents` VALUES (12174, 190, 831, 'v20260625', 2, 'solution', '方案设计阶段', '2.11', 11, '项目方案PPT', 1, '技术负责人', '项目经理确认', 'rd_center', NULL, 'submit_only', 'file_upload', '2-方案设计/2.11 项目方案PPT', NULL, 'not_submitted', 1, NULL, NULL, NULL, NULL, NULL, NULL, NULL, NULL, NULL, NULL, NULL, NULL, 0, NULL, NULL, NULL, NULL, NULL, NULL, NULL, NULL, NULL, NULL, NULL, NULL, NULL, '2026-06-29 15:35:54', '2026-06-29 15:35:54');
INSERT INTO `project_stage_documents` VALUES (12175, 190, 832, 'v20260625', 2, 'solution', '方案设计阶段', '2.12', 12, '方案评审记录表（内部方案评审）', 1, '技术负责人', '项目经理组织并确认', 'rd_center', NULL, 'approval_required', 'file_upload', '2-方案设计/2.12 方案评审记录表（内部方案评审）', NULL, 'not_submitted', 1, NULL, NULL, NULL, NULL, NULL, NULL, NULL, NULL, NULL, NULL, NULL, NULL, 0, NULL, NULL, NULL, NULL, NULL, NULL, NULL, NULL, NULL, NULL, NULL, NULL, NULL, '2026-06-29 15:35:54', '2026-06-29 15:35:54');
INSERT INTO `project_stage_documents` VALUES (12176, 190, 833, 'v20260625', 2, 'solution', '方案设计阶段', '2.13', 13, '方案评审记录表（客户方案评审）', 1, '技术负责人', '营销组织，客户和项目经理确认', 'rd_center', 'marketing_center', 'approval_required', 'file_upload', '2-方案设计/2.13 方案评审记录表（客户方案评审）', NULL, 'not_submitted', 1, NULL, NULL, NULL, NULL, NULL, NULL, NULL, NULL, NULL, NULL, NULL, NULL, 0, NULL, NULL, NULL, NULL, NULL, NULL, NULL, NULL, NULL, NULL, NULL, NULL, NULL, '2026-06-29 15:35:54', '2026-06-29 15:35:54');
INSERT INTO `project_stage_documents` VALUES (12177, 190, 834, 'v20260625', 2, 'solution', '方案设计阶段', '2.14', 14, '成本估算表', 1, '研发、制造、运营协作', '研发、制造、运营协作，总经理批准', 'rd_center', 'operations_center', 'approval_required', 'mixed', '2-方案设计/2.14 成本估算表', NULL, 'not_submitted', 1, NULL, NULL, NULL, NULL, NULL, NULL, NULL, NULL, NULL, NULL, NULL, NULL, 0, NULL, NULL, NULL, NULL, NULL, NULL, NULL, NULL, NULL, NULL, NULL, NULL, NULL, '2026-06-29 15:35:54', '2026-06-29 15:35:54');
INSERT INTO `project_stage_documents` VALUES (12178, 190, 835, 'v20260625', 2, 'solution', '方案设计阶段', '2.15', 15, '报价单', 1, '营销人员', '总经理批准，客户确认', 'marketing_center', NULL, 'approval_required', 'file_upload', '2-方案设计/2.15 报价单', NULL, 'not_submitted', 1, NULL, NULL, NULL, NULL, NULL, NULL, NULL, NULL, NULL, NULL, NULL, NULL, 0, NULL, NULL, NULL, NULL, NULL, NULL, NULL, NULL, NULL, NULL, NULL, NULL, NULL, '2026-06-29 15:35:54', '2026-06-29 15:35:54');
INSERT INTO `project_stage_documents` VALUES (12179, 190, 836, 'v20260625', 3, 'contract', '合同签订阶段', '3.1', 1, '技术协议', 1, '技术负责人', '客户签字盖章，营销组织', 'rd_center', 'marketing_center', 'approval_required', 'file_upload', '3-合同签订/3.1 技术协议', NULL, 'not_submitted', 1, NULL, NULL, NULL, NULL, NULL, NULL, NULL, NULL, NULL, NULL, NULL, NULL, 0, NULL, NULL, NULL, NULL, NULL, NULL, NULL, NULL, NULL, NULL, NULL, NULL, NULL, '2026-06-29 15:35:54', '2026-06-29 15:35:54');
INSERT INTO `project_stage_documents` VALUES (12180, 190, 837, 'v20260625', 3, 'contract', '合同签订阶段', '3.2', 2, '销售合同', 1, '营销人员', '客户签字盖章', 'marketing_center', NULL, 'approval_required', 'file_upload', '3-合同签订/3.2 销售合同', NULL, 'not_submitted', 1, NULL, NULL, NULL, NULL, NULL, NULL, NULL, NULL, NULL, NULL, NULL, NULL, 0, NULL, NULL, NULL, NULL, NULL, NULL, NULL, NULL, NULL, NULL, NULL, NULL, NULL, '2026-06-29 15:35:54', '2026-06-29 15:35:54');
INSERT INTO `project_stage_documents` VALUES (12181, 190, 838, 'v20260625', 3, 'contract', '合同签订阶段', '3.3', 3, '合同审核记录表（销售合同）', 1, '合同审核人员', '总经理或运营审核对象待业务确认', 'operations_center', 'operations_center', 'approval_required', 'file_upload', '3-合同签订/3.3 合同审核记录表（销售合同）', NULL, 'not_submitted', 1, NULL, NULL, NULL, NULL, NULL, NULL, NULL, NULL, NULL, NULL, NULL, NULL, 0, NULL, NULL, NULL, NULL, NULL, NULL, NULL, NULL, NULL, NULL, NULL, NULL, NULL, '2026-06-29 15:35:54', '2026-06-29 15:35:54');
INSERT INTO `project_stage_documents` VALUES (12182, 190, 839, 'v20260625', 3, 'contract', '合同签订阶段', '3.4', 4, '发票（预付款）', 0, '财务人员', '财务开票，营销协调客户付款', 'operations_center', 'marketing_center', 'submit_only', 'file_upload', '3-合同签订/3.4 发票（预付款）', NULL, 'not_submitted', 1, NULL, NULL, NULL, NULL, NULL, NULL, NULL, NULL, NULL, NULL, NULL, NULL, 0, NULL, NULL, NULL, NULL, NULL, NULL, NULL, NULL, NULL, NULL, NULL, NULL, NULL, '2026-06-29 15:35:54', '2026-06-29 15:35:54');
INSERT INTO `project_stage_documents` VALUES (12183, 190, 840, 'v20260625', 4, 'detailedDesign', '详细设计阶段', '4.1', 1, '项目启动书', 1, '制造中心', '制造中心组织项目启动会', 'manufacturing_center', 'manufacturing_center', 'submit_only', 'file_upload', '4-详细设计/4.1 项目启动书', NULL, 'not_submitted', 1, NULL, NULL, NULL, NULL, NULL, NULL, NULL, NULL, NULL, NULL, NULL, NULL, 0, NULL, NULL, NULL, NULL, NULL, NULL, NULL, NULL, NULL, NULL, NULL, NULL, NULL, '2026-06-29 15:35:54', '2026-06-29 15:35:54');
INSERT INTO `project_stage_documents` VALUES (12184, 190, 841, 'v20260625', 4, 'detailedDesign', '详细设计阶段', '4.2', 2, '详细设计工作计划', 1, '项目经理', '项目经理确认', 'rd_center', NULL, 'submit_only', 'file_upload', '4-详细设计/4.2 详细设计工作计划', NULL, 'not_submitted', 1, NULL, NULL, NULL, NULL, NULL, NULL, NULL, NULL, NULL, NULL, NULL, NULL, 0, NULL, NULL, NULL, NULL, NULL, NULL, NULL, NULL, NULL, NULL, NULL, NULL, NULL, '2026-06-29 15:35:54', '2026-06-29 15:35:54');
INSERT INTO `project_stage_documents` VALUES (12185, 190, 842, 'v20260625', 4, 'detailedDesign', '详细设计阶段', '4.3', 3, '3D模型', 1, '机械工程师', '技术负责人确认', 'rd_center', 'rd_center', 'submit_only', 'file_upload', '4-详细设计/4.3 3D模型', NULL, 'not_submitted', 1, NULL, NULL, NULL, NULL, NULL, NULL, NULL, NULL, NULL, NULL, NULL, NULL, 0, NULL, NULL, NULL, NULL, NULL, NULL, NULL, NULL, NULL, NULL, NULL, NULL, NULL, '2026-06-29 15:35:54', '2026-06-29 15:35:54');
INSERT INTO `project_stage_documents` VALUES (12186, 190, 843, 'v20260625', 4, 'detailedDesign', '详细设计阶段', '4.4', 4, '电气原理图', 1, '电气工程师', '技术负责人确认', 'rd_center', 'rd_center', 'submit_only', 'file_upload', '4-详细设计/4.4 电气原理图', NULL, 'not_submitted', 1, NULL, NULL, NULL, NULL, NULL, NULL, NULL, NULL, NULL, NULL, NULL, NULL, 0, NULL, NULL, NULL, NULL, NULL, NULL, NULL, NULL, NULL, NULL, NULL, NULL, NULL, '2026-06-29 15:35:54', '2026-06-29 15:35:54');
INSERT INTO `project_stage_documents` VALUES (12187, 190, 844, 'v20260625', 4, 'detailedDesign', '详细设计阶段', '4.5', 5, '电气接线图', 1, '电气工程师', '技术负责人确认', 'rd_center', 'rd_center', 'submit_only', 'file_upload', '4-详细设计/4.5 电气接线图', NULL, 'not_submitted', 1, NULL, NULL, NULL, NULL, NULL, NULL, NULL, NULL, NULL, NULL, NULL, NULL, 0, NULL, NULL, NULL, NULL, NULL, NULL, NULL, NULL, NULL, NULL, NULL, NULL, NULL, '2026-06-29 15:35:54', '2026-06-29 15:35:54');
INSERT INTO `project_stage_documents` VALUES (12188, 190, 845, 'v20260625', 4, 'detailedDesign', '详细设计阶段', '4.6', 6, '电气布置图', 1, '电气工程师', '技术负责人确认', 'rd_center', 'rd_center', 'submit_only', 'file_upload', '4-详细设计/4.6 电气布置图', NULL, 'not_submitted', 1, NULL, NULL, NULL, NULL, NULL, NULL, NULL, NULL, NULL, NULL, NULL, NULL, 0, NULL, NULL, NULL, NULL, NULL, NULL, NULL, NULL, NULL, NULL, NULL, NULL, NULL, '2026-06-29 15:35:54', '2026-06-29 15:35:54');
INSERT INTO `project_stage_documents` VALUES (12189, 190, 846, 'v20260625', 4, 'detailedDesign', '详细设计阶段', '4.7', 7, '控制逻辑流程图', 1, '软件/自动化工程师', '技术负责人确认', 'rd_center', 'rd_center', 'submit_only', 'file_upload', '4-详细设计/4.7 控制逻辑流程图', NULL, 'not_submitted', 1, NULL, NULL, NULL, NULL, NULL, NULL, NULL, NULL, NULL, NULL, NULL, NULL, 0, NULL, NULL, NULL, NULL, NULL, NULL, NULL, NULL, NULL, NULL, NULL, NULL, NULL, '2026-06-29 15:35:54', '2026-06-29 15:35:54');
INSERT INTO `project_stage_documents` VALUES (12190, 190, 847, 'v20260625', 4, 'detailedDesign', '详细设计阶段', '4.8', 8, '自动化程序', 1, '软件/自动化工程师', '技术负责人确认', 'rd_center', 'rd_center', 'submit_only', 'file_upload', '4-详细设计/4.8 自动化程序', NULL, 'not_submitted', 1, NULL, NULL, NULL, NULL, NULL, NULL, NULL, NULL, NULL, NULL, NULL, NULL, 0, NULL, NULL, NULL, NULL, NULL, NULL, NULL, NULL, NULL, NULL, NULL, NULL, NULL, '2026-06-29 15:35:54', '2026-06-29 15:35:54');
INSERT INTO `project_stage_documents` VALUES (12191, 190, 848, 'v20260625', 4, 'detailedDesign', '详细设计阶段', '4.9', 9, '软件开发说明文档', 1, '软件工程师', '技术负责人确认', 'rd_center', 'rd_center', 'submit_only', 'file_upload', '4-详细设计/4.9 软件开发说明文档', NULL, 'not_submitted', 1, NULL, NULL, NULL, NULL, NULL, NULL, NULL, NULL, NULL, NULL, NULL, NULL, 0, NULL, NULL, NULL, NULL, NULL, NULL, NULL, NULL, NULL, NULL, NULL, NULL, NULL, '2026-06-29 15:35:54', '2026-06-29 15:35:54');
INSERT INTO `project_stage_documents` VALUES (12192, 190, 849, 'v20260625', 4, 'detailedDesign', '详细设计阶段', '4.10', 10, 'UI界面设计PPT', 1, '软件/UI人员', '技术负责人确认', 'rd_center', 'rd_center', 'submit_only', 'file_upload', '4-详细设计/4.10 UI界面设计PPT', NULL, 'not_submitted', 1, NULL, NULL, NULL, NULL, NULL, NULL, NULL, NULL, NULL, NULL, NULL, NULL, 0, NULL, NULL, NULL, NULL, NULL, NULL, NULL, NULL, NULL, NULL, NULL, NULL, NULL, '2026-06-29 15:35:54', '2026-06-29 15:35:54');
INSERT INTO `project_stage_documents` VALUES (12193, 190, 850, 'v20260625', 4, 'detailedDesign', '详细设计阶段', '4.11', 11, '软件代码', 1, '软件工程师', '技术负责人确认', 'rd_center', 'rd_center', 'submit_only', 'file_upload', '4-详细设计/4.11 软件代码', NULL, 'not_submitted', 1, NULL, NULL, NULL, NULL, NULL, NULL, NULL, NULL, NULL, NULL, NULL, NULL, 0, NULL, NULL, NULL, NULL, NULL, NULL, NULL, NULL, NULL, NULL, NULL, NULL, NULL, '2026-06-29 15:35:54', '2026-06-29 15:35:54');
INSERT INTO `project_stage_documents` VALUES (12194, 190, 851, 'v20260625', 4, 'detailedDesign', '详细设计阶段', '4.12', 12, '设计评审记录表（内部设计评审）', 1, '技术负责人', '项目经理组织并确认', 'rd_center', NULL, 'approval_required', 'file_upload', '4-详细设计/4.12 设计评审记录表（内部设计评审）', NULL, 'not_submitted', 1, NULL, NULL, NULL, NULL, NULL, NULL, NULL, NULL, NULL, NULL, NULL, NULL, 0, NULL, NULL, NULL, NULL, NULL, NULL, NULL, NULL, NULL, NULL, NULL, NULL, NULL, '2026-06-29 15:35:54', '2026-06-29 15:35:54');
INSERT INTO `project_stage_documents` VALUES (12195, 190, 852, 'v20260625', 4, 'detailedDesign', '详细设计阶段', '4.13', 13, '设计评审记录表（客户设计评审）', 1, '技术负责人', '营销组织，客户和项目经理确认', 'rd_center', 'marketing_center', 'approval_required', 'file_upload', '4-详细设计/4.13 设计评审记录表（客户设计评审）', NULL, 'not_submitted', 1, NULL, NULL, NULL, NULL, NULL, NULL, NULL, NULL, NULL, NULL, NULL, NULL, 0, NULL, NULL, NULL, NULL, NULL, NULL, NULL, NULL, NULL, NULL, NULL, NULL, NULL, '2026-06-29 15:35:54', '2026-06-29 15:35:54');
INSERT INTO `project_stage_documents` VALUES (12196, 190, 853, 'v20260625', 4, 'detailedDesign', '详细设计阶段', '4.14', 14, '产品平面图', 1, '机械工程师', '技术负责人确认', 'rd_center', 'rd_center', 'submit_only', 'file_upload', '4-详细设计/4.14 产品平面图', NULL, 'not_submitted', 1, NULL, NULL, NULL, NULL, NULL, NULL, NULL, NULL, NULL, NULL, NULL, NULL, 0, NULL, NULL, NULL, NULL, NULL, NULL, NULL, NULL, NULL, NULL, NULL, NULL, NULL, '2026-06-29 15:35:54', '2026-06-29 15:35:54');
INSERT INTO `project_stage_documents` VALUES (12197, 190, 854, 'v20260625', 4, 'detailedDesign', '详细设计阶段', '4.15', 15, '产品零部件清单', 1, '各专业组成员、技术负责人', '技术负责人确认', 'rd_center', 'rd_center', 'submit_only', 'file_upload', '4-详细设计/4.15 产品零部件清单', NULL, 'not_submitted', 1, NULL, NULL, NULL, NULL, NULL, NULL, NULL, NULL, NULL, NULL, NULL, NULL, 0, NULL, NULL, NULL, NULL, NULL, NULL, NULL, NULL, NULL, NULL, NULL, NULL, NULL, '2026-06-29 15:35:54', '2026-06-29 15:35:54');
INSERT INTO `project_stage_documents` VALUES (12198, 190, 855, 'v20260625', 4, 'detailedDesign', '详细设计阶段', '4.16', 16, '图纸审查记录', 1, '图纸审查人员', '项目经理组织，研发负责人或图纸审查人员确认', 'rd_center', 'rd_center', 'approval_required', 'file_upload', '4-详细设计/4.16 图纸审查记录', NULL, 'not_submitted', 1, NULL, NULL, NULL, NULL, NULL, NULL, NULL, NULL, NULL, NULL, NULL, NULL, 0, NULL, NULL, NULL, NULL, NULL, NULL, NULL, NULL, NULL, NULL, NULL, NULL, NULL, '2026-06-29 15:35:54', '2026-06-29 15:35:54');
INSERT INTO `project_stage_documents` VALUES (12199, 190, 856, 'v20260625', 4, 'detailedDesign', '详细设计阶段', '4.17', 17, '客户会签记录', 1, '营销人员/项目经理', '客户和项目经理确认', 'marketing_center', 'marketing_center', 'approval_required', 'file_upload', '4-详细设计/4.17 客户会签记录', NULL, 'not_submitted', 1, NULL, NULL, NULL, NULL, NULL, NULL, NULL, NULL, NULL, NULL, NULL, NULL, 0, NULL, NULL, NULL, NULL, NULL, NULL, NULL, NULL, NULL, NULL, NULL, NULL, NULL, '2026-06-29 15:35:54', '2026-06-29 15:35:54');
INSERT INTO `project_stage_documents` VALUES (12200, 190, 857, 'v20260625', 5, 'manufacturing', '生产制作阶段', '5.1', 1, '采购申请表', 1, '技术负责人', '制造中心接收，采购审批流程另行建模', 'rd_center', 'manufacturing_center', 'approval_required', 'file_upload', '5-生产制作/5.1 采购申请表', NULL, 'not_submitted', 1, NULL, NULL, NULL, NULL, NULL, NULL, NULL, NULL, NULL, NULL, NULL, NULL, 0, NULL, NULL, NULL, NULL, NULL, NULL, NULL, NULL, NULL, NULL, NULL, NULL, NULL, '2026-06-29 15:35:54', '2026-06-29 15:35:54');
INSERT INTO `project_stage_documents` VALUES (12201, 190, 858, 'v20260625', 5, 'manufacturing', '生产制作阶段', '5.2', 2, '比价表', 1, '采购人员', '制造中心确认', 'manufacturing_center', 'manufacturing_center', 'submit_only', 'file_upload', '5-生产制作/5.2 比价表', NULL, 'not_submitted', 1, NULL, NULL, NULL, NULL, NULL, NULL, NULL, NULL, NULL, NULL, NULL, NULL, 0, NULL, NULL, NULL, NULL, NULL, NULL, NULL, NULL, NULL, NULL, NULL, NULL, NULL, '2026-06-29 15:35:54', '2026-06-29 15:35:54');
INSERT INTO `project_stage_documents` VALUES (12202, 190, 859, 'v20260625', 5, 'manufacturing', '生产制作阶段', '5.3', 3, '采购合同', 1, '采购人员', '供应商签署，合同状态流另行建模', 'manufacturing_center', 'manufacturing_center', 'approval_required', 'file_upload', '5-生产制作/5.3 采购合同', NULL, 'not_submitted', 1, NULL, NULL, NULL, NULL, NULL, NULL, NULL, NULL, NULL, NULL, NULL, NULL, 0, NULL, NULL, NULL, NULL, NULL, NULL, NULL, NULL, NULL, NULL, NULL, NULL, NULL, '2026-06-29 15:35:54', '2026-06-29 15:35:54');
INSERT INTO `project_stage_documents` VALUES (12203, 190, 860, 'v20260625', 5, 'manufacturing', '生产制作阶段', '5.4', 4, '采购合同审核记录表', 1, '合同审核人员', '总经理或运营审核对象待业务确认', 'operations_center', 'operations_center', 'approval_required', 'file_upload', '5-生产制作/5.4 采购合同审核记录表', NULL, 'not_submitted', 1, NULL, NULL, NULL, NULL, NULL, NULL, NULL, NULL, NULL, NULL, NULL, NULL, 0, NULL, NULL, NULL, NULL, NULL, NULL, NULL, NULL, NULL, NULL, NULL, NULL, NULL, '2026-06-29 15:35:54', '2026-06-29 15:35:54');
INSERT INTO `project_stage_documents` VALUES (12204, 190, 861, 'v20260625', 5, 'manufacturing', '生产制作阶段', '5.5', 5, '作业指导书', 1, '技术负责人', '技术负责人确认', 'rd_center', 'rd_center', 'submit_only', 'file_upload', '5-生产制作/5.5 作业指导书', NULL, 'not_submitted', 1, NULL, NULL, NULL, NULL, NULL, NULL, NULL, NULL, NULL, NULL, NULL, NULL, 0, NULL, NULL, NULL, NULL, NULL, NULL, NULL, NULL, NULL, NULL, NULL, NULL, NULL, '2026-06-29 15:35:54', '2026-06-29 15:35:54');
INSERT INTO `project_stage_documents` VALUES (12205, 190, 862, 'v20260625', 5, 'manufacturing', '生产制作阶段', '5.6', 6, '产品使用说明书', 1, '技术负责人', '项目经理确认', 'rd_center', 'rd_center', 'submit_only', 'file_upload', '5-生产制作/5.6 产品使用说明书', NULL, 'not_submitted', 1, NULL, NULL, NULL, NULL, NULL, NULL, NULL, NULL, NULL, NULL, NULL, NULL, 0, NULL, NULL, NULL, NULL, NULL, NULL, NULL, NULL, NULL, NULL, NULL, NULL, NULL, '2026-06-29 15:35:54', '2026-06-29 15:35:54');
INSERT INTO `project_stage_documents` VALUES (12206, 190, 863, 'v20260625', 5, 'manufacturing', '生产制作阶段', '5.7', 7, '产品维护保养手册', 1, '技术负责人', '项目经理确认', 'rd_center', 'rd_center', 'submit_only', 'file_upload', '5-生产制作/5.7 产品维护保养手册', NULL, 'not_submitted', 1, NULL, NULL, NULL, NULL, NULL, NULL, NULL, NULL, NULL, NULL, NULL, NULL, 0, NULL, NULL, NULL, NULL, NULL, NULL, NULL, NULL, NULL, NULL, NULL, NULL, NULL, '2026-06-29 15:35:54', '2026-06-29 15:35:54');
INSERT INTO `project_stage_documents` VALUES (12207, 190, 864, 'v20260625', 5, 'manufacturing', '生产制作阶段', '5.8', 8, '产品培训PPT', 1, '技术负责人', '项目经理确认', 'rd_center', 'rd_center', 'submit_only', 'file_upload', '5-生产制作/5.8 产品培训PPT', NULL, 'not_submitted', 1, NULL, NULL, NULL, NULL, NULL, NULL, NULL, NULL, NULL, NULL, NULL, NULL, 0, NULL, NULL, NULL, NULL, NULL, NULL, NULL, NULL, NULL, NULL, NULL, NULL, NULL, '2026-06-29 15:35:54', '2026-06-29 15:35:54');
INSERT INTO `project_stage_documents` VALUES (12208, 190, 865, 'v20260625', 5, 'manufacturing', '生产制作阶段', '5.9', 9, '检验单', 1, '质检人员/制造中心人员', '质检人员或制造中心确认，组织口径待业务确认', 'manufacturing_center', 'manufacturing_center', 'approval_required', 'file_upload', '5-生产制作/5.9 检验单', NULL, 'not_submitted', 1, NULL, NULL, NULL, NULL, NULL, NULL, NULL, NULL, NULL, NULL, NULL, NULL, 0, NULL, NULL, NULL, NULL, NULL, NULL, NULL, NULL, NULL, NULL, NULL, NULL, NULL, '2026-06-29 15:35:54', '2026-06-29 15:35:54');
INSERT INTO `project_stage_documents` VALUES (12209, 190, 866, 'v20260625', 5, 'manufacturing', '生产制作阶段', '5.10', 10, '入库单', 1, '库管人员', '库管人员编写，制造中心确认', 'manufacturing_center', 'manufacturing_center', 'submit_only', 'file_upload', '5-生产制作/5.10 入库单', NULL, 'not_submitted', 1, NULL, NULL, NULL, NULL, NULL, NULL, NULL, NULL, NULL, NULL, NULL, NULL, 0, NULL, NULL, NULL, NULL, NULL, NULL, NULL, NULL, NULL, NULL, NULL, NULL, NULL, '2026-06-29 15:35:54', '2026-06-29 15:35:54');
INSERT INTO `project_stage_documents` VALUES (12210, 190, 867, 'v20260625', 5, 'manufacturing', '生产制作阶段', '5.11', 11, '领料单', 1, '库管人员', '库管人员编写，制造中心确认', 'manufacturing_center', 'manufacturing_center', 'submit_only', 'file_upload', '5-生产制作/5.11 领料单', NULL, 'not_submitted', 1, NULL, NULL, NULL, NULL, NULL, NULL, NULL, NULL, NULL, NULL, NULL, NULL, 0, NULL, NULL, NULL, NULL, NULL, NULL, NULL, NULL, NULL, NULL, NULL, NULL, NULL, '2026-06-29 15:35:54', '2026-06-29 15:35:54');
INSERT INTO `project_stage_documents` VALUES (12211, 190, 868, 'v20260625', 5, 'manufacturing', '生产制作阶段', '5.12', 12, '安装调试记录（厂内）', 1, '制造中心人员', '制造中心确认', 'manufacturing_center', 'manufacturing_center', 'approval_required', 'file_upload', '5-生产制作/5.12 安装调试记录（厂内）', NULL, 'not_submitted', 1, NULL, NULL, NULL, NULL, NULL, NULL, NULL, NULL, NULL, NULL, NULL, NULL, 0, NULL, NULL, NULL, NULL, NULL, NULL, NULL, NULL, NULL, NULL, NULL, NULL, NULL, '2026-06-29 15:35:54', '2026-06-29 15:35:54');
INSERT INTO `project_stage_documents` VALUES (12212, 190, 869, 'v20260625', 5, 'manufacturing', '生产制作阶段', '5.13', 13, '3D模型（设计变更）', 0, '设计变更人员', '项目经理确认对象待业务确认', 'rd_center', 'rd_center', 'conditional_submit', 'file_upload', '5-生产制作/5.13 3D模型（设计变更）', NULL, 'not_submitted', 1, NULL, NULL, NULL, NULL, NULL, NULL, NULL, NULL, NULL, NULL, NULL, NULL, 0, NULL, NULL, NULL, NULL, NULL, NULL, NULL, NULL, NULL, NULL, NULL, NULL, NULL, '2026-06-29 15:35:54', '2026-06-29 15:35:54');
INSERT INTO `project_stage_documents` VALUES (12213, 190, 870, 'v20260625', 5, 'manufacturing', '生产制作阶段', '5.14', 14, '产品平面图（设计变更）', 0, '设计变更人员', '项目经理确认对象待业务确认', 'rd_center', 'rd_center', 'conditional_submit', 'file_upload', '5-生产制作/5.14 产品平面图（设计变更）', NULL, 'not_submitted', 1, NULL, NULL, NULL, NULL, NULL, NULL, NULL, NULL, NULL, NULL, NULL, NULL, 0, NULL, NULL, NULL, NULL, NULL, NULL, NULL, NULL, NULL, NULL, NULL, NULL, NULL, '2026-06-29 15:35:54', '2026-06-29 15:35:54');
INSERT INTO `project_stage_documents` VALUES (12214, 190, 871, 'v20260625', 5, 'manufacturing', '生产制作阶段', '5.15', 15, '零部件清单（设计变更）', 0, '设计变更人员', '制造中心接收变更资料', 'rd_center', 'manufacturing_center', 'conditional_submit', 'file_upload', '5-生产制作/5.15 零部件清单（设计变更）', NULL, 'not_submitted', 1, NULL, NULL, NULL, NULL, NULL, NULL, NULL, NULL, NULL, NULL, NULL, NULL, 0, NULL, NULL, NULL, NULL, NULL, NULL, NULL, NULL, NULL, NULL, NULL, NULL, NULL, '2026-06-29 15:35:54', '2026-06-29 15:35:54');
INSERT INTO `project_stage_documents` VALUES (12215, 190, 872, 'v20260625', 5, 'manufacturing', '生产制作阶段', '5.16', 16, '技术通知单（设计变更）', 0, '设计变更人员', '制造中心接收技术通知', 'rd_center', 'manufacturing_center', 'conditional_submit', 'file_upload', '5-生产制作/5.16 技术通知单（设计变更）', NULL, 'not_submitted', 1, NULL, NULL, NULL, NULL, NULL, NULL, NULL, NULL, NULL, NULL, NULL, NULL, 0, NULL, NULL, NULL, NULL, NULL, NULL, NULL, NULL, NULL, NULL, NULL, NULL, NULL, '2026-06-29 15:35:54', '2026-06-29 15:35:54');
INSERT INTO `project_stage_documents` VALUES (12216, 190, 873, 'v20260625', 5, 'manufacturing', '生产制作阶段', '5.17', 17, '自验收报告', 1, '制造中心人员', '制造中心确认', 'manufacturing_center', 'manufacturing_center', 'approval_required', 'file_upload', '5-生产制作/5.17 自验收报告', NULL, 'not_submitted', 1, NULL, NULL, NULL, NULL, NULL, NULL, NULL, NULL, NULL, NULL, NULL, NULL, 0, NULL, NULL, NULL, NULL, NULL, NULL, NULL, NULL, NULL, NULL, NULL, NULL, NULL, '2026-06-29 15:35:54', '2026-06-29 15:35:54');
INSERT INTO `project_stage_documents` VALUES (12217, 190, 874, 'v20260625', 6, 'preAcceptance', '预验收阶段', '6.1', 1, '预验收单', 1, '制造中心人员', '营销组织客户预验收，客户和项目经理确认', 'manufacturing_center', 'marketing_center', 'approval_required', 'file_upload', '6-预验收/6.1 预验收单', NULL, 'not_submitted', 1, NULL, NULL, NULL, NULL, NULL, NULL, NULL, NULL, NULL, NULL, NULL, NULL, 0, NULL, NULL, NULL, NULL, NULL, NULL, NULL, NULL, NULL, NULL, NULL, NULL, NULL, '2026-06-29 15:35:54', '2026-06-29 15:35:54');
INSERT INTO `project_stage_documents` VALUES (12218, 190, 875, 'v20260625', 6, 'preAcceptance', '预验收阶段', '6.2', 2, '发票（发货款）', 0, '财务人员', '财务开票，营销协调客户付款', 'operations_center', 'marketing_center', 'submit_only', 'file_upload', '6-预验收/6.2 发票（发货款）', NULL, 'not_submitted', 1, NULL, NULL, NULL, NULL, NULL, NULL, NULL, NULL, NULL, NULL, NULL, NULL, 0, NULL, NULL, NULL, NULL, NULL, NULL, NULL, NULL, NULL, NULL, NULL, NULL, NULL, '2026-06-29 15:35:54', '2026-06-29 15:35:54');
INSERT INTO `project_stage_documents` VALUES (12219, 190, 876, 'v20260625', 7, 'finalAcceptance', '终验收阶段', '7.1', 1, '发货单', 1, '制造中心人员', '制造中心确认', 'manufacturing_center', 'manufacturing_center', 'submit_only', 'file_upload', '7-终验收/7.1 发货单', NULL, 'not_submitted', 1, NULL, NULL, NULL, NULL, NULL, NULL, NULL, NULL, NULL, NULL, NULL, NULL, 0, NULL, NULL, NULL, NULL, NULL, NULL, NULL, NULL, NULL, NULL, NULL, NULL, NULL, '2026-06-29 15:35:54', '2026-06-29 15:35:54');
INSERT INTO `project_stage_documents` VALUES (12220, 190, 877, 'v20260625', 7, 'finalAcceptance', '终验收阶段', '7.2', 2, '安装调试记录（现场）', 1, '制造中心人员', '客户确认对象待业务确认', 'manufacturing_center', 'manufacturing_center', 'approval_required', 'file_upload', '7-终验收/7.2 安装调试记录（现场）', NULL, 'not_submitted', 1, NULL, NULL, NULL, NULL, NULL, NULL, NULL, NULL, NULL, NULL, NULL, NULL, 0, NULL, NULL, NULL, NULL, NULL, NULL, NULL, NULL, NULL, NULL, NULL, NULL, NULL, '2026-06-29 15:35:54', '2026-06-29 15:35:54');
INSERT INTO `project_stage_documents` VALUES (12221, 190, 878, 'v20260625', 7, 'finalAcceptance', '终验收阶段', '7.3', 3, '终验收单', 1, '制造中心人员', '营销组织客户终验收，客户和项目经理确认', 'manufacturing_center', 'marketing_center', 'approval_required', 'file_upload', '7-终验收/7.3 终验收单', NULL, 'not_submitted', 1, NULL, NULL, NULL, NULL, NULL, NULL, NULL, NULL, NULL, NULL, NULL, NULL, 0, NULL, NULL, NULL, NULL, NULL, NULL, NULL, NULL, NULL, NULL, NULL, NULL, NULL, '2026-06-29 15:35:54', '2026-06-29 15:35:54');
INSERT INTO `project_stage_documents` VALUES (12222, 190, 879, 'v20260625', 7, 'finalAcceptance', '终验收阶段', '7.4', 4, '培训记录表', 1, '培训主讲人员', '客户和项目经理确认', 'marketing_center', 'marketing_center', 'approval_required', 'file_upload', '7-终验收/7.4 培训记录表', NULL, 'not_submitted', 1, NULL, NULL, NULL, NULL, NULL, NULL, NULL, NULL, NULL, NULL, NULL, NULL, 0, NULL, NULL, NULL, NULL, NULL, NULL, NULL, NULL, NULL, NULL, NULL, NULL, NULL, '2026-06-29 15:35:54', '2026-06-29 15:35:54');
INSERT INTO `project_stage_documents` VALUES (12223, 190, 880, 'v20260625', 8, 'closeout', '结题阶段', '8.1', 1, '发票（尾款）', 0, '财务人员', '财务开票，营销协调客户付款', 'operations_center', 'marketing_center', 'submit_only', 'file_upload', '8-结题/8.1 发票（尾款）', NULL, 'not_submitted', 1, NULL, NULL, NULL, NULL, NULL, NULL, NULL, NULL, NULL, NULL, NULL, NULL, 0, NULL, NULL, NULL, NULL, NULL, NULL, NULL, NULL, NULL, NULL, NULL, NULL, NULL, '2026-06-29 15:35:54', '2026-06-29 15:35:54');
INSERT INTO `project_stage_documents` VALUES (12224, 190, 881, 'v20260625', 8, 'closeout', '结题阶段', '8.2', 2, '项目结题报告', 1, '项目经理', '项目经理编写，总经理或相关负责人确认', NULL, NULL, 'submit_only', 'file_upload', '8-结题/8.2 项目结题报告', NULL, 'not_submitted', 1, NULL, NULL, NULL, NULL, NULL, NULL, NULL, NULL, NULL, NULL, NULL, NULL, 0, NULL, NULL, NULL, NULL, NULL, NULL, NULL, NULL, NULL, NULL, NULL, NULL, NULL, '2026-06-29 15:35:54', '2026-06-29 15:35:54');
INSERT INTO `project_stage_documents` VALUES (13121, 205, 818, 'v20260625', 1, 'initiation', '立项阶段', '1.1', 1, '项目需求表', 1, '研发中心填写，营销组织调研', '营销组织调研，研发填写生成', 'rd_center', 'marketing_center', 'submit_only', 'file_upload', '1-立项/1.1 项目需求表', NULL, 'submitted', 1, 8, 8, '2026-06-30 13:58:48', NULL, NULL, 8, NULL, NULL, '2026-06-30 11:06:44', NULL, NULL, NULL, 0, 'zdsxfcgvbhj', 13122, 25, '2026-06-30 14:00:30', NULL, NULL, 8, '2026-06-30 14:00:55', NULL, NULL, NULL, NULL, NULL, '2026-06-30 10:22:44', '2026-06-30 14:00:55');
INSERT INTO `project_stage_documents` VALUES (13122, 205, 819, 'v20260625', 1, 'initiation', '立项阶段', '1.2', 2, '项目立项审批表', 1, '营销人员', '商务评价、技术评价、总经理审批', 'marketing_center', NULL, 'approval_required', 'file_upload', '1-立项/1.2 项目立项审批表', NULL, 'confirmed', 1, NULL, NULL, NULL, NULL, NULL, 8, 25, NULL, '2026-06-30 11:07:58', '2026-06-30 14:01:28', NULL, NULL, 0, NULL, NULL, NULL, NULL, NULL, NULL, NULL, NULL, NULL, NULL, NULL, NULL, NULL, '2026-06-30 10:22:44', '2026-06-30 14:01:28');
INSERT INTO `project_stage_documents` VALUES (13123, 205, 820, 'v20260625', 1, 'initiation', '立项阶段', '1.3', 3, '项目立项通知', 1, '营销总监', '营销中心', 'marketing_center', 'marketing_center', 'submit_only', 'file_upload', '1-立项/1.3 项目立项通知', NULL, 'submitted', 1, 20, 25, '2026-06-30 14:03:13', NULL, NULL, 8, NULL, NULL, '2026-06-30 13:44:58', NULL, NULL, NULL, 0, NULL, NULL, NULL, NULL, NULL, NULL, NULL, NULL, NULL, NULL, NULL, NULL, NULL, '2026-06-30 10:22:44', '2026-06-30 14:03:13');
INSERT INTO `project_stage_documents` VALUES (13124, 205, 821, 'v20260625', 2, 'solution', '方案设计阶段', '2.1', 1, '方案设计工作计划', 1, '项目经理', '项目经理确认', 'rd_center', NULL, 'submit_only', 'file_upload', '2-方案设计/2.1 方案设计工作计划', NULL, 'submitted', 1, 2, 25, '2026-06-30 14:16:02', NULL, NULL, 2, NULL, NULL, '2026-06-30 14:19:17', NULL, NULL, NULL, 0, NULL, NULL, NULL, NULL, NULL, NULL, NULL, NULL, NULL, NULL, NULL, NULL, NULL, '2026-06-30 10:22:44', '2026-06-30 14:19:17');
INSERT INTO `project_stage_documents` VALUES (13125, 205, 822, 'v20260625', 2, 'solution', '方案设计阶段', '2.2', 2, '项目方案分析表', 1, '技术负责人', '项目经理确认', 'rd_center', NULL, 'approval_required', 'file_upload', '2-方案设计/2.2 项目方案分析表', NULL, 'confirmed', 1, 2, 25, '2026-06-30 14:16:10', NULL, NULL, 2, 1, NULL, '2026-06-30 14:24:27', '2026-06-30 14:24:52', NULL, NULL, 0, NULL, NULL, NULL, NULL, NULL, NULL, NULL, NULL, NULL, NULL, NULL, NULL, NULL, '2026-06-30 10:22:44', '2026-06-30 14:24:52');
INSERT INTO `project_stage_documents` VALUES (13126, 205, 823, 'v20260625', 2, 'solution', '方案设计阶段', '2.3', 3, '产品功能框图', 1, '技术负责人', '技术负责人确认', 'rd_center', 'rd_center', 'approval_required', 'file_upload', '2-方案设计/2.3 产品功能框图', NULL, 'confirmed', 1, 3, 25, '2026-06-30 14:16:23', NULL, NULL, 1, 1, NULL, '2026-06-30 14:25:18', '2026-06-30 14:25:20', NULL, NULL, 0, NULL, NULL, NULL, NULL, NULL, NULL, NULL, NULL, NULL, NULL, NULL, NULL, NULL, '2026-06-30 10:22:44', '2026-06-30 14:25:20');
INSERT INTO `project_stage_documents` VALUES (13127, 205, 824, 'v20260625', 2, 'solution', '方案设计阶段', '2.4', 4, '3D模型', 1, '机械/方案设计人员', '技术负责人确认', 'rd_center', 'rd_center', 'submit_only', 'file_upload', '2-方案设计/2.4 3D模型', NULL, 'submitted', 1, 3, 25, '2026-06-30 14:16:37', NULL, NULL, 3, NULL, NULL, '2026-06-30 14:27:19', NULL, NULL, NULL, 0, NULL, NULL, NULL, NULL, NULL, NULL, NULL, NULL, NULL, NULL, NULL, NULL, NULL, '2026-06-30 10:22:44', '2026-06-30 14:27:19');
INSERT INTO `project_stage_documents` VALUES (13128, 205, 825, 'v20260625', 2, 'solution', '方案设计阶段', '2.5', 5, '布局图', 1, '机械/方案设计人员', '技术负责人确认', 'rd_center', 'rd_center', 'submit_only', 'file_upload', '2-方案设计/2.5 布局图', NULL, 'submitted', 1, 2, 1, '2026-06-30 14:29:16', NULL, NULL, 2, NULL, NULL, '2026-06-30 14:30:19', NULL, NULL, NULL, 0, NULL, NULL, NULL, NULL, NULL, NULL, NULL, NULL, NULL, NULL, NULL, NULL, NULL, '2026-06-30 10:22:44', '2026-06-30 14:30:19');
INSERT INTO `project_stage_documents` VALUES (13129, 205, 826, 'v20260625', 2, 'solution', '方案设计阶段', '2.6', 6, '工艺时序图', 0, '技术负责人/工艺负责人', '技术负责人确认', 'rd_center', 'rd_center', 'conditional_submit', 'file_upload', '2-方案设计/2.6 工艺时序图', NULL, 'not_submitted', 0, 2, 1, '2026-06-30 14:29:21', NULL, NULL, NULL, NULL, NULL, NULL, NULL, NULL, NULL, 0, NULL, NULL, NULL, NULL, NULL, NULL, NULL, NULL, 25, '2026-06-30 14:17:09', 'efrrgf', NULL, NULL, '2026-06-30 10:22:44', '2026-06-30 14:29:21');
INSERT INTO `project_stage_documents` VALUES (13130, 205, 827, 'v20260625', 2, 'solution', '方案设计阶段', '2.7', 7, '节拍表', 0, '技术负责人/工艺负责人', '技术负责人确认', 'rd_center', 'rd_center', 'conditional_submit', 'file_upload', '2-方案设计/2.7 节拍表', NULL, 'submitted', 1, 3, 25, '2026-06-30 14:17:33', NULL, NULL, 3, NULL, NULL, '2026-06-30 14:28:12', NULL, NULL, NULL, 0, NULL, NULL, NULL, NULL, NULL, NULL, NULL, NULL, NULL, NULL, NULL, NULL, NULL, '2026-06-30 10:22:44', '2026-06-30 14:28:12');
INSERT INTO `project_stage_documents` VALUES (13131, 205, 828, 'v20260625', 2, 'solution', '方案设计阶段', '2.8', 8, '演示动画', 0, '机械/方案设计人员', '项目经理确认', 'rd_center', NULL, 'conditional_submit', 'file_upload', '2-方案设计/2.8 演示动画', NULL, 'not_submitted', 0, NULL, NULL, NULL, NULL, NULL, NULL, NULL, NULL, NULL, NULL, NULL, NULL, 0, NULL, NULL, NULL, NULL, NULL, NULL, NULL, NULL, 25, '2026-06-30 14:17:19', 'cssvc', NULL, NULL, '2026-06-30 10:22:44', '2026-06-30 14:17:19');
INSERT INTO `project_stage_documents` VALUES (13132, 205, 829, 'v20260625', 2, 'solution', '方案设计阶段', '2.9', 9, '电气功能框图', 1, '电气工程师', '技术负责人确认', 'rd_center', 'rd_center', 'submit_only', 'file_upload', '2-方案设计/2.9 电气功能框图', NULL, 'submitted', 1, 11, 1, '2026-06-30 14:29:35', NULL, NULL, 11, NULL, NULL, '2026-06-30 14:31:22', NULL, NULL, NULL, 0, NULL, NULL, NULL, NULL, NULL, NULL, NULL, NULL, NULL, NULL, NULL, NULL, NULL, '2026-06-30 10:22:44', '2026-06-30 14:31:22');
INSERT INTO `project_stage_documents` VALUES (13133, 205, 830, 'v20260625', 2, 'solution', '方案设计阶段', '2.10', 10, '软件功能框图', 1, '软件工程师', '技术负责人确认', 'rd_center', 'rd_center', 'submit_only', 'file_upload', '2-方案设计/2.10 软件功能框图', NULL, 'submitted', 1, 8, 1, '2026-06-30 14:29:41', NULL, NULL, 8, NULL, NULL, '2026-06-30 14:31:02', NULL, NULL, NULL, 0, NULL, NULL, NULL, NULL, NULL, NULL, NULL, NULL, NULL, NULL, NULL, NULL, NULL, '2026-06-30 10:22:44', '2026-06-30 14:31:02');
INSERT INTO `project_stage_documents` VALUES (13134, 205, 831, 'v20260625', 2, 'solution', '方案设计阶段', '2.11', 11, '项目方案PPT', 1, '技术负责人', '项目经理确认', 'rd_center', NULL, 'submit_only', 'file_upload', '2-方案设计/2.11 项目方案PPT', NULL, 'submitted', 1, 2, 1, '2026-06-30 14:29:47', NULL, NULL, 2, NULL, NULL, '2026-06-30 14:31:36', NULL, NULL, NULL, 0, NULL, NULL, NULL, NULL, NULL, NULL, NULL, NULL, NULL, NULL, NULL, NULL, NULL, '2026-06-30 10:22:44', '2026-06-30 14:31:36');
INSERT INTO `project_stage_documents` VALUES (13135, 205, 832, 'v20260625', 2, 'solution', '方案设计阶段', '2.12', 12, '方案评审记录表（内部方案评审）', 1, '技术负责人', '项目经理组织并确认', 'rd_center', NULL, 'approval_required', 'file_upload', '2-方案设计/2.12 方案评审记录表（内部方案评审）', NULL, 'not_submitted', 1, NULL, NULL, NULL, NULL, NULL, NULL, NULL, NULL, NULL, NULL, NULL, NULL, 0, NULL, NULL, NULL, NULL, NULL, NULL, NULL, NULL, NULL, NULL, NULL, NULL, NULL, '2026-06-30 10:22:44', '2026-06-30 10:22:44');
INSERT INTO `project_stage_documents` VALUES (13136, 205, 833, 'v20260625', 2, 'solution', '方案设计阶段', '2.13', 13, '方案评审记录表（客户方案评审）', 1, '技术负责人', '营销组织，客户和项目经理确认', 'rd_center', 'marketing_center', 'approval_required', 'file_upload', '2-方案设计/2.13 方案评审记录表（客户方案评审）', NULL, 'not_submitted', 1, NULL, NULL, NULL, NULL, NULL, NULL, NULL, NULL, NULL, NULL, NULL, NULL, 0, NULL, NULL, NULL, NULL, NULL, NULL, NULL, NULL, NULL, NULL, NULL, NULL, NULL, '2026-06-30 10:22:44', '2026-06-30 10:22:44');
INSERT INTO `project_stage_documents` VALUES (13137, 205, 834, 'v20260625', 2, 'solution', '方案设计阶段', '2.14', 14, '成本估算表', 1, '研发、制造、运营协作', '研发、制造、运营协作，总经理批准', 'rd_center', 'operations_center', 'approval_required', 'mixed', '2-方案设计/2.14 成本估算表', NULL, 'not_submitted', 1, NULL, NULL, NULL, NULL, NULL, NULL, NULL, NULL, NULL, NULL, NULL, NULL, 0, NULL, NULL, NULL, NULL, NULL, NULL, NULL, NULL, NULL, NULL, NULL, NULL, NULL, '2026-06-30 10:22:44', '2026-06-30 10:22:44');
INSERT INTO `project_stage_documents` VALUES (13138, 205, 835, 'v20260625', 2, 'solution', '方案设计阶段', '2.15', 15, '报价单', 1, '营销人员', '总经理批准，客户确认', 'marketing_center', NULL, 'approval_required', 'file_upload', '2-方案设计/2.15 报价单', NULL, 'not_submitted', 1, NULL, NULL, NULL, NULL, NULL, NULL, NULL, NULL, NULL, NULL, NULL, NULL, 0, NULL, NULL, NULL, NULL, NULL, NULL, NULL, NULL, NULL, NULL, NULL, NULL, NULL, '2026-06-30 10:22:44', '2026-06-30 10:22:44');
INSERT INTO `project_stage_documents` VALUES (13139, 205, 836, 'v20260625', 3, 'contract', '合同签订阶段', '3.1', 1, '技术协议', 1, '技术负责人', '客户签字盖章，营销组织', 'rd_center', 'marketing_center', 'approval_required', 'file_upload', '3-合同签订/3.1 技术协议', NULL, 'not_submitted', 1, NULL, NULL, NULL, NULL, NULL, NULL, NULL, NULL, NULL, NULL, NULL, NULL, 0, NULL, NULL, NULL, NULL, NULL, NULL, NULL, NULL, NULL, NULL, NULL, NULL, NULL, '2026-06-30 10:22:44', '2026-06-30 10:22:44');
INSERT INTO `project_stage_documents` VALUES (13140, 205, 837, 'v20260625', 3, 'contract', '合同签订阶段', '3.2', 2, '销售合同', 1, '营销人员', '客户签字盖章', 'marketing_center', NULL, 'approval_required', 'file_upload', '3-合同签订/3.2 销售合同', NULL, 'not_submitted', 1, NULL, NULL, NULL, NULL, NULL, NULL, NULL, NULL, NULL, NULL, NULL, NULL, 0, NULL, NULL, NULL, NULL, NULL, NULL, NULL, NULL, NULL, NULL, NULL, NULL, NULL, '2026-06-30 10:22:44', '2026-06-30 10:22:44');
INSERT INTO `project_stage_documents` VALUES (13141, 205, 838, 'v20260625', 3, 'contract', '合同签订阶段', '3.3', 3, '合同审核记录表（销售合同）', 1, '合同审核人员', '总经理或运营审核对象待业务确认', 'operations_center', 'operations_center', 'approval_required', 'file_upload', '3-合同签订/3.3 合同审核记录表（销售合同）', NULL, 'not_submitted', 1, NULL, NULL, NULL, NULL, NULL, NULL, NULL, NULL, NULL, NULL, NULL, NULL, 0, NULL, NULL, NULL, NULL, NULL, NULL, NULL, NULL, NULL, NULL, NULL, NULL, NULL, '2026-06-30 10:22:44', '2026-06-30 10:22:44');
INSERT INTO `project_stage_documents` VALUES (13142, 205, 839, 'v20260625', 3, 'contract', '合同签订阶段', '3.4', 4, '发票（预付款）', 0, '财务人员', '财务开票，营销协调客户付款', 'operations_center', 'marketing_center', 'submit_only', 'file_upload', '3-合同签订/3.4 发票（预付款）', NULL, 'not_submitted', 1, NULL, NULL, NULL, NULL, NULL, NULL, NULL, NULL, NULL, NULL, NULL, NULL, 0, NULL, NULL, NULL, NULL, NULL, NULL, NULL, NULL, NULL, NULL, NULL, NULL, NULL, '2026-06-30 10:22:44', '2026-06-30 10:22:44');
INSERT INTO `project_stage_documents` VALUES (13143, 205, 840, 'v20260625', 4, 'detailedDesign', '详细设计阶段', '4.1', 1, '项目启动书', 1, '制造中心', '制造中心组织项目启动会', 'manufacturing_center', 'manufacturing_center', 'submit_only', 'file_upload', '4-详细设计/4.1 项目启动书', NULL, 'not_submitted', 1, NULL, NULL, NULL, NULL, NULL, NULL, NULL, NULL, NULL, NULL, NULL, NULL, 0, NULL, NULL, NULL, NULL, NULL, NULL, NULL, NULL, NULL, NULL, NULL, NULL, NULL, '2026-06-30 10:22:44', '2026-06-30 10:22:44');
INSERT INTO `project_stage_documents` VALUES (13144, 205, 841, 'v20260625', 4, 'detailedDesign', '详细设计阶段', '4.2', 2, '详细设计工作计划', 1, '项目经理', '项目经理确认', 'rd_center', NULL, 'submit_only', 'file_upload', '4-详细设计/4.2 详细设计工作计划', NULL, 'not_submitted', 1, NULL, NULL, NULL, NULL, NULL, NULL, NULL, NULL, NULL, NULL, NULL, NULL, 0, NULL, NULL, NULL, NULL, NULL, NULL, NULL, NULL, NULL, NULL, NULL, NULL, NULL, '2026-06-30 10:22:44', '2026-06-30 10:22:44');
INSERT INTO `project_stage_documents` VALUES (13145, 205, 842, 'v20260625', 4, 'detailedDesign', '详细设计阶段', '4.3', 3, '3D模型', 1, '机械工程师', '技术负责人确认', 'rd_center', 'rd_center', 'submit_only', 'file_upload', '4-详细设计/4.3 3D模型', NULL, 'not_submitted', 1, NULL, NULL, NULL, NULL, NULL, NULL, NULL, NULL, NULL, NULL, NULL, NULL, 0, NULL, NULL, NULL, NULL, NULL, NULL, NULL, NULL, NULL, NULL, NULL, NULL, NULL, '2026-06-30 10:22:44', '2026-06-30 10:22:44');
INSERT INTO `project_stage_documents` VALUES (13146, 205, 843, 'v20260625', 4, 'detailedDesign', '详细设计阶段', '4.4', 4, '电气原理图', 1, '电气工程师', '技术负责人确认', 'rd_center', 'rd_center', 'submit_only', 'file_upload', '4-详细设计/4.4 电气原理图', NULL, 'not_submitted', 1, NULL, NULL, NULL, NULL, NULL, NULL, NULL, NULL, NULL, NULL, NULL, NULL, 0, NULL, NULL, NULL, NULL, NULL, NULL, NULL, NULL, NULL, NULL, NULL, NULL, NULL, '2026-06-30 10:22:44', '2026-06-30 10:22:44');
INSERT INTO `project_stage_documents` VALUES (13147, 205, 844, 'v20260625', 4, 'detailedDesign', '详细设计阶段', '4.5', 5, '电气接线图', 1, '电气工程师', '技术负责人确认', 'rd_center', 'rd_center', 'submit_only', 'file_upload', '4-详细设计/4.5 电气接线图', NULL, 'not_submitted', 1, NULL, NULL, NULL, NULL, NULL, NULL, NULL, NULL, NULL, NULL, NULL, NULL, 0, NULL, NULL, NULL, NULL, NULL, NULL, NULL, NULL, NULL, NULL, NULL, NULL, NULL, '2026-06-30 10:22:44', '2026-06-30 10:22:44');
INSERT INTO `project_stage_documents` VALUES (13148, 205, 845, 'v20260625', 4, 'detailedDesign', '详细设计阶段', '4.6', 6, '电气布置图', 1, '电气工程师', '技术负责人确认', 'rd_center', 'rd_center', 'submit_only', 'file_upload', '4-详细设计/4.6 电气布置图', NULL, 'not_submitted', 1, NULL, NULL, NULL, NULL, NULL, NULL, NULL, NULL, NULL, NULL, NULL, NULL, 0, NULL, NULL, NULL, NULL, NULL, NULL, NULL, NULL, NULL, NULL, NULL, NULL, NULL, '2026-06-30 10:22:44', '2026-06-30 10:22:44');
INSERT INTO `project_stage_documents` VALUES (13149, 205, 846, 'v20260625', 4, 'detailedDesign', '详细设计阶段', '4.7', 7, '控制逻辑流程图', 1, '软件/自动化工程师', '技术负责人确认', 'rd_center', 'rd_center', 'submit_only', 'file_upload', '4-详细设计/4.7 控制逻辑流程图', NULL, 'not_submitted', 1, NULL, NULL, NULL, NULL, NULL, NULL, NULL, NULL, NULL, NULL, NULL, NULL, 0, NULL, NULL, NULL, NULL, NULL, NULL, NULL, NULL, NULL, NULL, NULL, NULL, NULL, '2026-06-30 10:22:44', '2026-06-30 10:22:44');
INSERT INTO `project_stage_documents` VALUES (13150, 205, 847, 'v20260625', 4, 'detailedDesign', '详细设计阶段', '4.8', 8, '自动化程序', 1, '软件/自动化工程师', '技术负责人确认', 'rd_center', 'rd_center', 'submit_only', 'file_upload', '4-详细设计/4.8 自动化程序', NULL, 'not_submitted', 1, NULL, NULL, NULL, NULL, NULL, NULL, NULL, NULL, NULL, NULL, NULL, NULL, 0, NULL, NULL, NULL, NULL, NULL, NULL, NULL, NULL, NULL, NULL, NULL, NULL, NULL, '2026-06-30 10:22:44', '2026-06-30 10:22:44');
INSERT INTO `project_stage_documents` VALUES (13151, 205, 848, 'v20260625', 4, 'detailedDesign', '详细设计阶段', '4.9', 9, '软件开发说明文档', 1, '软件工程师', '技术负责人确认', 'rd_center', 'rd_center', 'submit_only', 'file_upload', '4-详细设计/4.9 软件开发说明文档', NULL, 'not_submitted', 1, NULL, NULL, NULL, NULL, NULL, NULL, NULL, NULL, NULL, NULL, NULL, NULL, 0, NULL, NULL, NULL, NULL, NULL, NULL, NULL, NULL, NULL, NULL, NULL, NULL, NULL, '2026-06-30 10:22:44', '2026-06-30 10:22:44');
INSERT INTO `project_stage_documents` VALUES (13152, 205, 849, 'v20260625', 4, 'detailedDesign', '详细设计阶段', '4.10', 10, 'UI界面设计PPT', 1, '软件/UI人员', '技术负责人确认', 'rd_center', 'rd_center', 'submit_only', 'file_upload', '4-详细设计/4.10 UI界面设计PPT', NULL, 'not_submitted', 1, NULL, NULL, NULL, NULL, NULL, NULL, NULL, NULL, NULL, NULL, NULL, NULL, 0, NULL, NULL, NULL, NULL, NULL, NULL, NULL, NULL, NULL, NULL, NULL, NULL, NULL, '2026-06-30 10:22:44', '2026-06-30 10:22:44');
INSERT INTO `project_stage_documents` VALUES (13153, 205, 850, 'v20260625', 4, 'detailedDesign', '详细设计阶段', '4.11', 11, '软件代码', 1, '软件工程师', '技术负责人确认', 'rd_center', 'rd_center', 'submit_only', 'file_upload', '4-详细设计/4.11 软件代码', NULL, 'not_submitted', 1, NULL, NULL, NULL, NULL, NULL, NULL, NULL, NULL, NULL, NULL, NULL, NULL, 0, NULL, NULL, NULL, NULL, NULL, NULL, NULL, NULL, NULL, NULL, NULL, NULL, NULL, '2026-06-30 10:22:44', '2026-06-30 10:22:44');
INSERT INTO `project_stage_documents` VALUES (13154, 205, 851, 'v20260625', 4, 'detailedDesign', '详细设计阶段', '4.12', 12, '设计评审记录表（内部设计评审）', 1, '技术负责人', '项目经理组织并确认', 'rd_center', NULL, 'approval_required', 'file_upload', '4-详细设计/4.12 设计评审记录表（内部设计评审）', NULL, 'not_submitted', 1, NULL, NULL, NULL, NULL, NULL, NULL, NULL, NULL, NULL, NULL, NULL, NULL, 0, NULL, NULL, NULL, NULL, NULL, NULL, NULL, NULL, NULL, NULL, NULL, NULL, NULL, '2026-06-30 10:22:44', '2026-06-30 10:22:44');
INSERT INTO `project_stage_documents` VALUES (13155, 205, 852, 'v20260625', 4, 'detailedDesign', '详细设计阶段', '4.13', 13, '设计评审记录表（客户设计评审）', 1, '技术负责人', '营销组织，客户和项目经理确认', 'rd_center', 'marketing_center', 'approval_required', 'file_upload', '4-详细设计/4.13 设计评审记录表（客户设计评审）', NULL, 'not_submitted', 1, NULL, NULL, NULL, NULL, NULL, NULL, NULL, NULL, NULL, NULL, NULL, NULL, 0, NULL, NULL, NULL, NULL, NULL, NULL, NULL, NULL, NULL, NULL, NULL, NULL, NULL, '2026-06-30 10:22:44', '2026-06-30 10:22:44');
INSERT INTO `project_stage_documents` VALUES (13156, 205, 853, 'v20260625', 4, 'detailedDesign', '详细设计阶段', '4.14', 14, '产品平面图', 1, '机械工程师', '技术负责人确认', 'rd_center', 'rd_center', 'submit_only', 'file_upload', '4-详细设计/4.14 产品平面图', NULL, 'not_submitted', 1, NULL, NULL, NULL, NULL, NULL, NULL, NULL, NULL, NULL, NULL, NULL, NULL, 0, NULL, NULL, NULL, NULL, NULL, NULL, NULL, NULL, NULL, NULL, NULL, NULL, NULL, '2026-06-30 10:22:44', '2026-06-30 10:22:44');
INSERT INTO `project_stage_documents` VALUES (13157, 205, 854, 'v20260625', 4, 'detailedDesign', '详细设计阶段', '4.15', 15, '产品零部件清单', 1, '各专业组成员、技术负责人', '技术负责人确认', 'rd_center', 'rd_center', 'submit_only', 'file_upload', '4-详细设计/4.15 产品零部件清单', NULL, 'not_submitted', 1, NULL, NULL, NULL, NULL, NULL, NULL, NULL, NULL, NULL, NULL, NULL, NULL, 0, NULL, NULL, NULL, NULL, NULL, NULL, NULL, NULL, NULL, NULL, NULL, NULL, NULL, '2026-06-30 10:22:44', '2026-06-30 10:22:44');
INSERT INTO `project_stage_documents` VALUES (13158, 205, 855, 'v20260625', 4, 'detailedDesign', '详细设计阶段', '4.16', 16, '图纸审查记录', 1, '图纸审查人员', '项目经理组织，研发负责人或图纸审查人员确认', 'rd_center', 'rd_center', 'approval_required', 'file_upload', '4-详细设计/4.16 图纸审查记录', NULL, 'not_submitted', 1, NULL, NULL, NULL, NULL, NULL, NULL, NULL, NULL, NULL, NULL, NULL, NULL, 0, NULL, NULL, NULL, NULL, NULL, NULL, NULL, NULL, NULL, NULL, NULL, NULL, NULL, '2026-06-30 10:22:44', '2026-06-30 10:22:44');
INSERT INTO `project_stage_documents` VALUES (13159, 205, 856, 'v20260625', 4, 'detailedDesign', '详细设计阶段', '4.17', 17, '客户会签记录', 1, '营销人员/项目经理', '客户和项目经理确认', 'marketing_center', 'marketing_center', 'approval_required', 'file_upload', '4-详细设计/4.17 客户会签记录', NULL, 'not_submitted', 1, NULL, NULL, NULL, NULL, NULL, NULL, NULL, NULL, NULL, NULL, NULL, NULL, 0, NULL, NULL, NULL, NULL, NULL, NULL, NULL, NULL, NULL, NULL, NULL, NULL, NULL, '2026-06-30 10:22:44', '2026-06-30 10:22:44');
INSERT INTO `project_stage_documents` VALUES (13160, 205, 857, 'v20260625', 5, 'manufacturing', '生产制作阶段', '5.1', 1, '采购申请表', 1, '技术负责人', '制造中心接收，采购审批流程另行建模', 'rd_center', 'manufacturing_center', 'approval_required', 'file_upload', '5-生产制作/5.1 采购申请表', NULL, 'not_submitted', 1, NULL, NULL, NULL, NULL, NULL, NULL, NULL, NULL, NULL, NULL, NULL, NULL, 0, NULL, NULL, NULL, NULL, NULL, NULL, NULL, NULL, NULL, NULL, NULL, NULL, NULL, '2026-06-30 10:22:44', '2026-06-30 10:22:44');
INSERT INTO `project_stage_documents` VALUES (13161, 205, 858, 'v20260625', 5, 'manufacturing', '生产制作阶段', '5.2', 2, '比价表', 1, '采购人员', '制造中心确认', 'manufacturing_center', 'manufacturing_center', 'submit_only', 'file_upload', '5-生产制作/5.2 比价表', NULL, 'not_submitted', 1, NULL, NULL, NULL, NULL, NULL, NULL, NULL, NULL, NULL, NULL, NULL, NULL, 0, NULL, NULL, NULL, NULL, NULL, NULL, NULL, NULL, NULL, NULL, NULL, NULL, NULL, '2026-06-30 10:22:44', '2026-06-30 10:22:44');
INSERT INTO `project_stage_documents` VALUES (13162, 205, 859, 'v20260625', 5, 'manufacturing', '生产制作阶段', '5.3', 3, '采购合同', 1, '采购人员', '供应商签署，合同状态流另行建模', 'manufacturing_center', 'manufacturing_center', 'approval_required', 'file_upload', '5-生产制作/5.3 采购合同', NULL, 'not_submitted', 1, NULL, NULL, NULL, NULL, NULL, NULL, NULL, NULL, NULL, NULL, NULL, NULL, 0, NULL, NULL, NULL, NULL, NULL, NULL, NULL, NULL, NULL, NULL, NULL, NULL, NULL, '2026-06-30 10:22:44', '2026-06-30 10:22:44');
INSERT INTO `project_stage_documents` VALUES (13163, 205, 860, 'v20260625', 5, 'manufacturing', '生产制作阶段', '5.4', 4, '采购合同审核记录表', 1, '合同审核人员', '总经理或运营审核对象待业务确认', 'operations_center', 'operations_center', 'approval_required', 'file_upload', '5-生产制作/5.4 采购合同审核记录表', NULL, 'not_submitted', 1, NULL, NULL, NULL, NULL, NULL, NULL, NULL, NULL, NULL, NULL, NULL, NULL, 0, NULL, NULL, NULL, NULL, NULL, NULL, NULL, NULL, NULL, NULL, NULL, NULL, NULL, '2026-06-30 10:22:44', '2026-06-30 10:22:44');
INSERT INTO `project_stage_documents` VALUES (13164, 205, 861, 'v20260625', 5, 'manufacturing', '生产制作阶段', '5.5', 5, '作业指导书', 1, '技术负责人', '技术负责人确认', 'rd_center', 'rd_center', 'submit_only', 'file_upload', '5-生产制作/5.5 作业指导书', NULL, 'not_submitted', 1, NULL, NULL, NULL, NULL, NULL, NULL, NULL, NULL, NULL, NULL, NULL, NULL, 0, NULL, NULL, NULL, NULL, NULL, NULL, NULL, NULL, NULL, NULL, NULL, NULL, NULL, '2026-06-30 10:22:44', '2026-06-30 10:22:44');
INSERT INTO `project_stage_documents` VALUES (13165, 205, 862, 'v20260625', 5, 'manufacturing', '生产制作阶段', '5.6', 6, '产品使用说明书', 1, '技术负责人', '项目经理确认', 'rd_center', 'rd_center', 'submit_only', 'file_upload', '5-生产制作/5.6 产品使用说明书', NULL, 'not_submitted', 1, NULL, NULL, NULL, NULL, NULL, NULL, NULL, NULL, NULL, NULL, NULL, NULL, 0, NULL, NULL, NULL, NULL, NULL, NULL, NULL, NULL, NULL, NULL, NULL, NULL, NULL, '2026-06-30 10:22:44', '2026-06-30 10:22:44');
INSERT INTO `project_stage_documents` VALUES (13166, 205, 863, 'v20260625', 5, 'manufacturing', '生产制作阶段', '5.7', 7, '产品维护保养手册', 1, '技术负责人', '项目经理确认', 'rd_center', 'rd_center', 'submit_only', 'file_upload', '5-生产制作/5.7 产品维护保养手册', NULL, 'not_submitted', 1, NULL, NULL, NULL, NULL, NULL, NULL, NULL, NULL, NULL, NULL, NULL, NULL, 0, NULL, NULL, NULL, NULL, NULL, NULL, NULL, NULL, NULL, NULL, NULL, NULL, NULL, '2026-06-30 10:22:44', '2026-06-30 10:22:44');
INSERT INTO `project_stage_documents` VALUES (13167, 205, 864, 'v20260625', 5, 'manufacturing', '生产制作阶段', '5.8', 8, '产品培训PPT', 1, '技术负责人', '项目经理确认', 'rd_center', 'rd_center', 'submit_only', 'file_upload', '5-生产制作/5.8 产品培训PPT', NULL, 'not_submitted', 1, NULL, NULL, NULL, NULL, NULL, NULL, NULL, NULL, NULL, NULL, NULL, NULL, 0, NULL, NULL, NULL, NULL, NULL, NULL, NULL, NULL, NULL, NULL, NULL, NULL, NULL, '2026-06-30 10:22:44', '2026-06-30 10:22:44');
INSERT INTO `project_stage_documents` VALUES (13168, 205, 865, 'v20260625', 5, 'manufacturing', '生产制作阶段', '5.9', 9, '检验单', 1, '质检人员/制造中心人员', '质检人员或制造中心确认，组织口径待业务确认', 'manufacturing_center', 'manufacturing_center', 'approval_required', 'file_upload', '5-生产制作/5.9 检验单', NULL, 'not_submitted', 1, NULL, NULL, NULL, NULL, NULL, NULL, NULL, NULL, NULL, NULL, NULL, NULL, 0, NULL, NULL, NULL, NULL, NULL, NULL, NULL, NULL, NULL, NULL, NULL, NULL, NULL, '2026-06-30 10:22:44', '2026-06-30 10:22:44');
INSERT INTO `project_stage_documents` VALUES (13169, 205, 866, 'v20260625', 5, 'manufacturing', '生产制作阶段', '5.10', 10, '入库单', 1, '库管人员', '库管人员编写，制造中心确认', 'manufacturing_center', 'manufacturing_center', 'submit_only', 'file_upload', '5-生产制作/5.10 入库单', NULL, 'not_submitted', 1, NULL, NULL, NULL, NULL, NULL, NULL, NULL, NULL, NULL, NULL, NULL, NULL, 0, NULL, NULL, NULL, NULL, NULL, NULL, NULL, NULL, NULL, NULL, NULL, NULL, NULL, '2026-06-30 10:22:44', '2026-06-30 10:22:44');
INSERT INTO `project_stage_documents` VALUES (13170, 205, 867, 'v20260625', 5, 'manufacturing', '生产制作阶段', '5.11', 11, '领料单', 1, '库管人员', '库管人员编写，制造中心确认', 'manufacturing_center', 'manufacturing_center', 'submit_only', 'file_upload', '5-生产制作/5.11 领料单', NULL, 'not_submitted', 1, NULL, NULL, NULL, NULL, NULL, NULL, NULL, NULL, NULL, NULL, NULL, NULL, 0, NULL, NULL, NULL, NULL, NULL, NULL, NULL, NULL, NULL, NULL, NULL, NULL, NULL, '2026-06-30 10:22:44', '2026-06-30 10:22:44');
INSERT INTO `project_stage_documents` VALUES (13171, 205, 868, 'v20260625', 5, 'manufacturing', '生产制作阶段', '5.12', 12, '安装调试记录（厂内）', 1, '制造中心人员', '制造中心确认', 'manufacturing_center', 'manufacturing_center', 'approval_required', 'file_upload', '5-生产制作/5.12 安装调试记录（厂内）', NULL, 'not_submitted', 1, NULL, NULL, NULL, NULL, NULL, NULL, NULL, NULL, NULL, NULL, NULL, NULL, 0, NULL, NULL, NULL, NULL, NULL, NULL, NULL, NULL, NULL, NULL, NULL, NULL, NULL, '2026-06-30 10:22:44', '2026-06-30 10:22:44');
INSERT INTO `project_stage_documents` VALUES (13172, 205, 869, 'v20260625', 5, 'manufacturing', '生产制作阶段', '5.13', 13, '3D模型（设计变更）', 0, '设计变更人员', '项目经理确认对象待业务确认', 'rd_center', 'rd_center', 'conditional_submit', 'file_upload', '5-生产制作/5.13 3D模型（设计变更）', NULL, 'not_submitted', 1, NULL, NULL, NULL, NULL, NULL, NULL, NULL, NULL, NULL, NULL, NULL, NULL, 0, NULL, NULL, NULL, NULL, NULL, NULL, NULL, NULL, NULL, NULL, NULL, NULL, NULL, '2026-06-30 10:22:44', '2026-06-30 10:22:44');
INSERT INTO `project_stage_documents` VALUES (13173, 205, 870, 'v20260625', 5, 'manufacturing', '生产制作阶段', '5.14', 14, '产品平面图（设计变更）', 0, '设计变更人员', '项目经理确认对象待业务确认', 'rd_center', 'rd_center', 'conditional_submit', 'file_upload', '5-生产制作/5.14 产品平面图（设计变更）', NULL, 'not_submitted', 1, NULL, NULL, NULL, NULL, NULL, NULL, NULL, NULL, NULL, NULL, NULL, NULL, 0, NULL, NULL, NULL, NULL, NULL, NULL, NULL, NULL, NULL, NULL, NULL, NULL, NULL, '2026-06-30 10:22:44', '2026-06-30 10:22:44');
INSERT INTO `project_stage_documents` VALUES (13174, 205, 871, 'v20260625', 5, 'manufacturing', '生产制作阶段', '5.15', 15, '零部件清单（设计变更）', 0, '设计变更人员', '制造中心接收变更资料', 'rd_center', 'manufacturing_center', 'conditional_submit', 'file_upload', '5-生产制作/5.15 零部件清单（设计变更）', NULL, 'not_submitted', 1, NULL, NULL, NULL, NULL, NULL, NULL, NULL, NULL, NULL, NULL, NULL, NULL, 0, NULL, NULL, NULL, NULL, NULL, NULL, NULL, NULL, NULL, NULL, NULL, NULL, NULL, '2026-06-30 10:22:44', '2026-06-30 10:22:44');
INSERT INTO `project_stage_documents` VALUES (13175, 205, 872, 'v20260625', 5, 'manufacturing', '生产制作阶段', '5.16', 16, '技术通知单（设计变更）', 0, '设计变更人员', '制造中心接收技术通知', 'rd_center', 'manufacturing_center', 'conditional_submit', 'file_upload', '5-生产制作/5.16 技术通知单（设计变更）', NULL, 'not_submitted', 1, NULL, NULL, NULL, NULL, NULL, NULL, NULL, NULL, NULL, NULL, NULL, NULL, 0, NULL, NULL, NULL, NULL, NULL, NULL, NULL, NULL, NULL, NULL, NULL, NULL, NULL, '2026-06-30 10:22:44', '2026-06-30 10:22:44');
INSERT INTO `project_stage_documents` VALUES (13176, 205, 873, 'v20260625', 5, 'manufacturing', '生产制作阶段', '5.17', 17, '自验收报告', 1, '制造中心人员', '制造中心确认', 'manufacturing_center', 'manufacturing_center', 'approval_required', 'file_upload', '5-生产制作/5.17 自验收报告', NULL, 'not_submitted', 1, NULL, NULL, NULL, NULL, NULL, NULL, NULL, NULL, NULL, NULL, NULL, NULL, 0, NULL, NULL, NULL, NULL, NULL, NULL, NULL, NULL, NULL, NULL, NULL, NULL, NULL, '2026-06-30 10:22:44', '2026-06-30 10:22:44');
INSERT INTO `project_stage_documents` VALUES (13177, 205, 874, 'v20260625', 6, 'preAcceptance', '预验收阶段', '6.1', 1, '预验收单', 1, '制造中心人员', '营销组织客户预验收，客户和项目经理确认', 'manufacturing_center', 'marketing_center', 'approval_required', 'file_upload', '6-预验收/6.1 预验收单', NULL, 'not_submitted', 1, NULL, NULL, NULL, NULL, NULL, NULL, NULL, NULL, NULL, NULL, NULL, NULL, 0, NULL, NULL, NULL, NULL, NULL, NULL, NULL, NULL, NULL, NULL, NULL, NULL, NULL, '2026-06-30 10:22:44', '2026-06-30 10:22:44');
INSERT INTO `project_stage_documents` VALUES (13178, 205, 875, 'v20260625', 6, 'preAcceptance', '预验收阶段', '6.2', 2, '发票（发货款）', 0, '财务人员', '财务开票，营销协调客户付款', 'operations_center', 'marketing_center', 'submit_only', 'file_upload', '6-预验收/6.2 发票（发货款）', NULL, 'not_submitted', 1, NULL, NULL, NULL, NULL, NULL, NULL, NULL, NULL, NULL, NULL, NULL, NULL, 0, NULL, NULL, NULL, NULL, NULL, NULL, NULL, NULL, NULL, NULL, NULL, NULL, NULL, '2026-06-30 10:22:44', '2026-06-30 10:22:44');
INSERT INTO `project_stage_documents` VALUES (13179, 205, 876, 'v20260625', 7, 'finalAcceptance', '终验收阶段', '7.1', 1, '发货单', 1, '制造中心人员', '制造中心确认', 'manufacturing_center', 'manufacturing_center', 'submit_only', 'file_upload', '7-终验收/7.1 发货单', NULL, 'not_submitted', 1, NULL, NULL, NULL, NULL, NULL, NULL, NULL, NULL, NULL, NULL, NULL, NULL, 0, NULL, NULL, NULL, NULL, NULL, NULL, NULL, NULL, NULL, NULL, NULL, NULL, NULL, '2026-06-30 10:22:44', '2026-06-30 10:22:44');
INSERT INTO `project_stage_documents` VALUES (13180, 205, 877, 'v20260625', 7, 'finalAcceptance', '终验收阶段', '7.2', 2, '安装调试记录（现场）', 1, '制造中心人员', '客户确认对象待业务确认', 'manufacturing_center', 'manufacturing_center', 'approval_required', 'file_upload', '7-终验收/7.2 安装调试记录（现场）', NULL, 'not_submitted', 1, NULL, NULL, NULL, NULL, NULL, NULL, NULL, NULL, NULL, NULL, NULL, NULL, 0, NULL, NULL, NULL, NULL, NULL, NULL, NULL, NULL, NULL, NULL, NULL, NULL, NULL, '2026-06-30 10:22:44', '2026-06-30 10:22:44');
INSERT INTO `project_stage_documents` VALUES (13181, 205, 878, 'v20260625', 7, 'finalAcceptance', '终验收阶段', '7.3', 3, '终验收单', 1, '制造中心人员', '营销组织客户终验收，客户和项目经理确认', 'manufacturing_center', 'marketing_center', 'approval_required', 'file_upload', '7-终验收/7.3 终验收单', NULL, 'not_submitted', 1, NULL, NULL, NULL, NULL, NULL, NULL, NULL, NULL, NULL, NULL, NULL, NULL, 0, NULL, NULL, NULL, NULL, NULL, NULL, NULL, NULL, NULL, NULL, NULL, NULL, NULL, '2026-06-30 10:22:44', '2026-06-30 10:22:44');
INSERT INTO `project_stage_documents` VALUES (13182, 205, 879, 'v20260625', 7, 'finalAcceptance', '终验收阶段', '7.4', 4, '培训记录表', 1, '培训主讲人员', '客户和项目经理确认', 'marketing_center', 'marketing_center', 'approval_required', 'file_upload', '7-终验收/7.4 培训记录表', NULL, 'not_submitted', 1, NULL, NULL, NULL, NULL, NULL, NULL, NULL, NULL, NULL, NULL, NULL, NULL, 0, NULL, NULL, NULL, NULL, NULL, NULL, NULL, NULL, NULL, NULL, NULL, NULL, NULL, '2026-06-30 10:22:44', '2026-06-30 10:22:44');
INSERT INTO `project_stage_documents` VALUES (13183, 205, 880, 'v20260625', 8, 'closeout', '结题阶段', '8.1', 1, '发票（尾款）', 0, '财务人员', '财务开票，营销协调客户付款', 'operations_center', 'marketing_center', 'submit_only', 'file_upload', '8-结题/8.1 发票（尾款）', NULL, 'not_submitted', 1, NULL, NULL, NULL, NULL, NULL, NULL, NULL, NULL, NULL, NULL, NULL, NULL, 0, NULL, NULL, NULL, NULL, NULL, NULL, NULL, NULL, NULL, NULL, NULL, NULL, NULL, '2026-06-30 10:22:44', '2026-06-30 10:22:44');
INSERT INTO `project_stage_documents` VALUES (13184, 205, 881, 'v20260625', 8, 'closeout', '结题阶段', '8.2', 2, '项目结题报告', 1, '项目经理', '项目经理编写，总经理或相关负责人确认', NULL, NULL, 'submit_only', 'file_upload', '8-结题/8.2 项目结题报告', NULL, 'not_submitted', 1, NULL, NULL, NULL, NULL, NULL, NULL, NULL, NULL, NULL, NULL, NULL, NULL, 0, NULL, NULL, NULL, NULL, NULL, NULL, NULL, NULL, NULL, NULL, NULL, NULL, NULL, '2026-06-30 10:22:44', '2026-06-30 10:22:44');
INSERT INTO `project_stage_documents` VALUES (17665, 342, 818, 'v20260625', 1, 'initiation', '立项阶段', '1.1', 1, '项目需求表', 1, '研发中心填写，营销组织调研', '营销组织调研，研发填写生成', 'rd_center', 'marketing_center', 'submit_only', 'file_upload', '1-立项/1.1 项目需求表', NULL, 'submitted', 1, 20, 9, '2026-06-30 14:56:19', NULL, NULL, 20, NULL, NULL, '2026-06-30 14:59:58', NULL, NULL, NULL, 1, '1', 17666, 1, '2026-06-30 15:02:21', NULL, NULL, NULL, NULL, NULL, NULL, NULL, NULL, NULL, '2026-06-30 14:41:25', '2026-06-30 15:02:21');
INSERT INTO `project_stage_documents` VALUES (17666, 342, 819, 'v20260625', 1, 'initiation', '立项阶段', '1.2', 2, '项目立项审批表', 1, '营销人员', '商务评价、技术评价、总经理审批', 'marketing_center', NULL, 'approval_required', 'file_upload', '1-立项/1.2 项目立项审批表', NULL, 'submitted', 1, 20, 20, '2026-06-30 15:00:33', NULL, NULL, 20, NULL, NULL, '2026-06-30 15:00:54', NULL, NULL, NULL, 0, NULL, NULL, NULL, NULL, NULL, NULL, NULL, NULL, NULL, NULL, NULL, NULL, NULL, '2026-06-30 14:41:25', '2026-06-30 15:00:54');
INSERT INTO `project_stage_documents` VALUES (17667, 342, 820, 'v20260625', 1, 'initiation', '立项阶段', '1.3', 3, '项目立项通知', 1, '营销总监', '营销中心', 'marketing_center', 'marketing_center', 'submit_only', 'file_upload', '1-立项/1.3 项目立项通知', NULL, 'not_submitted', 1, NULL, NULL, NULL, NULL, NULL, NULL, NULL, NULL, NULL, NULL, NULL, NULL, 0, NULL, NULL, NULL, NULL, NULL, NULL, NULL, NULL, NULL, NULL, NULL, NULL, NULL, '2026-06-30 14:41:25', '2026-06-30 14:41:25');
INSERT INTO `project_stage_documents` VALUES (17668, 342, 821, 'v20260625', 2, 'solution', '方案设计阶段', '2.1', 1, '方案设计工作计划', 1, '项目经理', '项目经理确认', 'rd_center', NULL, 'submit_only', 'file_upload', '2-方案设计/2.1 方案设计工作计划', NULL, 'not_submitted', 1, NULL, NULL, NULL, NULL, NULL, NULL, NULL, NULL, NULL, NULL, NULL, NULL, 0, NULL, NULL, NULL, NULL, NULL, NULL, NULL, NULL, NULL, NULL, NULL, NULL, NULL, '2026-06-30 14:41:25', '2026-06-30 14:41:25');
INSERT INTO `project_stage_documents` VALUES (17669, 342, 822, 'v20260625', 2, 'solution', '方案设计阶段', '2.2', 2, '项目方案分析表', 1, '技术负责人', '项目经理确认', 'rd_center', NULL, 'approval_required', 'file_upload', '2-方案设计/2.2 项目方案分析表', NULL, 'not_submitted', 1, NULL, NULL, NULL, NULL, NULL, NULL, NULL, NULL, NULL, NULL, NULL, NULL, 0, NULL, NULL, NULL, NULL, NULL, NULL, NULL, NULL, NULL, NULL, NULL, NULL, NULL, '2026-06-30 14:41:25', '2026-06-30 14:41:25');
INSERT INTO `project_stage_documents` VALUES (17670, 342, 823, 'v20260625', 2, 'solution', '方案设计阶段', '2.3', 3, '产品功能框图', 1, '技术负责人', '技术负责人确认', 'rd_center', 'rd_center', 'approval_required', 'file_upload', '2-方案设计/2.3 产品功能框图', NULL, 'not_submitted', 1, NULL, NULL, NULL, NULL, NULL, NULL, NULL, NULL, NULL, NULL, NULL, NULL, 0, NULL, NULL, NULL, NULL, NULL, NULL, NULL, NULL, NULL, NULL, NULL, NULL, NULL, '2026-06-30 14:41:25', '2026-06-30 14:41:25');
INSERT INTO `project_stage_documents` VALUES (17671, 342, 824, 'v20260625', 2, 'solution', '方案设计阶段', '2.4', 4, '3D模型', 1, '机械/方案设计人员', '技术负责人确认', 'rd_center', 'rd_center', 'submit_only', 'file_upload', '2-方案设计/2.4 3D模型', NULL, 'not_submitted', 1, NULL, NULL, NULL, NULL, NULL, NULL, NULL, NULL, NULL, NULL, NULL, NULL, 0, NULL, NULL, NULL, NULL, NULL, NULL, NULL, NULL, NULL, NULL, NULL, NULL, NULL, '2026-06-30 14:41:25', '2026-06-30 14:41:25');
INSERT INTO `project_stage_documents` VALUES (17672, 342, 825, 'v20260625', 2, 'solution', '方案设计阶段', '2.5', 5, '布局图', 1, '机械/方案设计人员', '技术负责人确认', 'rd_center', 'rd_center', 'submit_only', 'file_upload', '2-方案设计/2.5 布局图', NULL, 'not_submitted', 1, NULL, NULL, NULL, NULL, NULL, NULL, NULL, NULL, NULL, NULL, NULL, NULL, 0, NULL, NULL, NULL, NULL, NULL, NULL, NULL, NULL, NULL, NULL, NULL, NULL, NULL, '2026-06-30 14:41:25', '2026-06-30 14:41:25');
INSERT INTO `project_stage_documents` VALUES (17673, 342, 826, 'v20260625', 2, 'solution', '方案设计阶段', '2.6', 6, '工艺时序图', 0, '技术负责人/工艺负责人', '技术负责人确认', 'rd_center', 'rd_center', 'conditional_submit', 'file_upload', '2-方案设计/2.6 工艺时序图', NULL, 'not_submitted', 1, NULL, NULL, NULL, NULL, NULL, NULL, NULL, NULL, NULL, NULL, NULL, NULL, 0, NULL, NULL, NULL, NULL, NULL, NULL, NULL, NULL, NULL, NULL, NULL, NULL, NULL, '2026-06-30 14:41:25', '2026-06-30 14:41:25');
INSERT INTO `project_stage_documents` VALUES (17674, 342, 827, 'v20260625', 2, 'solution', '方案设计阶段', '2.7', 7, '节拍表', 0, '技术负责人/工艺负责人', '技术负责人确认', 'rd_center', 'rd_center', 'conditional_submit', 'file_upload', '2-方案设计/2.7 节拍表', NULL, 'not_submitted', 1, NULL, NULL, NULL, NULL, NULL, NULL, NULL, NULL, NULL, NULL, NULL, NULL, 0, NULL, NULL, NULL, NULL, NULL, NULL, NULL, NULL, NULL, NULL, NULL, NULL, NULL, '2026-06-30 14:41:25', '2026-06-30 14:41:25');
INSERT INTO `project_stage_documents` VALUES (17675, 342, 828, 'v20260625', 2, 'solution', '方案设计阶段', '2.8', 8, '演示动画', 0, '机械/方案设计人员', '项目经理确认', 'rd_center', NULL, 'conditional_submit', 'file_upload', '2-方案设计/2.8 演示动画', NULL, 'not_submitted', 1, NULL, NULL, NULL, NULL, NULL, NULL, NULL, NULL, NULL, NULL, NULL, NULL, 0, NULL, NULL, NULL, NULL, NULL, NULL, NULL, NULL, NULL, NULL, NULL, NULL, NULL, '2026-06-30 14:41:25', '2026-06-30 14:41:25');
INSERT INTO `project_stage_documents` VALUES (17676, 342, 829, 'v20260625', 2, 'solution', '方案设计阶段', '2.9', 9, '电气功能框图', 1, '电气工程师', '技术负责人确认', 'rd_center', 'rd_center', 'submit_only', 'file_upload', '2-方案设计/2.9 电气功能框图', NULL, 'not_submitted', 1, NULL, NULL, NULL, NULL, NULL, NULL, NULL, NULL, NULL, NULL, NULL, NULL, 0, NULL, NULL, NULL, NULL, NULL, NULL, NULL, NULL, NULL, NULL, NULL, NULL, NULL, '2026-06-30 14:41:25', '2026-06-30 14:41:25');
INSERT INTO `project_stage_documents` VALUES (17677, 342, 830, 'v20260625', 2, 'solution', '方案设计阶段', '2.10', 10, '软件功能框图', 1, '软件工程师', '技术负责人确认', 'rd_center', 'rd_center', 'submit_only', 'file_upload', '2-方案设计/2.10 软件功能框图', NULL, 'not_submitted', 1, NULL, NULL, NULL, NULL, NULL, NULL, NULL, NULL, NULL, NULL, NULL, NULL, 0, NULL, NULL, NULL, NULL, NULL, NULL, NULL, NULL, NULL, NULL, NULL, NULL, NULL, '2026-06-30 14:41:25', '2026-06-30 14:41:25');
INSERT INTO `project_stage_documents` VALUES (17678, 342, 831, 'v20260625', 2, 'solution', '方案设计阶段', '2.11', 11, '项目方案PPT', 1, '技术负责人', '项目经理确认', 'rd_center', NULL, 'submit_only', 'file_upload', '2-方案设计/2.11 项目方案PPT', NULL, 'not_submitted', 1, NULL, NULL, NULL, NULL, NULL, NULL, NULL, NULL, NULL, NULL, NULL, NULL, 0, NULL, NULL, NULL, NULL, NULL, NULL, NULL, NULL, NULL, NULL, NULL, NULL, NULL, '2026-06-30 14:41:25', '2026-06-30 14:41:25');
INSERT INTO `project_stage_documents` VALUES (17679, 342, 832, 'v20260625', 2, 'solution', '方案设计阶段', '2.12', 12, '方案评审记录表（内部方案评审）', 1, '技术负责人', '项目经理组织并确认', 'rd_center', NULL, 'approval_required', 'file_upload', '2-方案设计/2.12 方案评审记录表（内部方案评审）', NULL, 'not_submitted', 1, NULL, NULL, NULL, NULL, NULL, NULL, NULL, NULL, NULL, NULL, NULL, NULL, 0, NULL, NULL, NULL, NULL, NULL, NULL, NULL, NULL, NULL, NULL, NULL, NULL, NULL, '2026-06-30 14:41:25', '2026-06-30 14:41:25');
INSERT INTO `project_stage_documents` VALUES (17680, 342, 833, 'v20260625', 2, 'solution', '方案设计阶段', '2.13', 13, '方案评审记录表（客户方案评审）', 1, '技术负责人', '营销组织，客户和项目经理确认', 'rd_center', 'marketing_center', 'approval_required', 'file_upload', '2-方案设计/2.13 方案评审记录表（客户方案评审）', NULL, 'not_submitted', 1, NULL, NULL, NULL, NULL, NULL, NULL, NULL, NULL, NULL, NULL, NULL, NULL, 0, NULL, NULL, NULL, NULL, NULL, NULL, NULL, NULL, NULL, NULL, NULL, NULL, NULL, '2026-06-30 14:41:25', '2026-06-30 14:41:25');
INSERT INTO `project_stage_documents` VALUES (17681, 342, 834, 'v20260625', 2, 'solution', '方案设计阶段', '2.14', 14, '成本估算表', 1, '研发、制造、运营协作', '研发、制造、运营协作，总经理批准', 'rd_center', 'operations_center', 'approval_required', 'mixed', '2-方案设计/2.14 成本估算表', NULL, 'not_submitted', 1, NULL, NULL, NULL, NULL, NULL, NULL, NULL, NULL, NULL, NULL, NULL, NULL, 0, NULL, NULL, NULL, NULL, NULL, NULL, NULL, NULL, NULL, NULL, NULL, NULL, NULL, '2026-06-30 14:41:25', '2026-06-30 14:41:25');
INSERT INTO `project_stage_documents` VALUES (17682, 342, 835, 'v20260625', 2, 'solution', '方案设计阶段', '2.15', 15, '报价单', 1, '营销人员', '总经理批准，客户确认', 'marketing_center', NULL, 'approval_required', 'file_upload', '2-方案设计/2.15 报价单', NULL, 'not_submitted', 1, NULL, NULL, NULL, NULL, NULL, NULL, NULL, NULL, NULL, NULL, NULL, NULL, 0, NULL, NULL, NULL, NULL, NULL, NULL, NULL, NULL, NULL, NULL, NULL, NULL, NULL, '2026-06-30 14:41:25', '2026-06-30 14:41:25');
INSERT INTO `project_stage_documents` VALUES (17683, 342, 836, 'v20260625', 3, 'contract', '合同签订阶段', '3.1', 1, '技术协议', 1, '技术负责人', '客户签字盖章，营销组织', 'rd_center', 'marketing_center', 'approval_required', 'file_upload', '3-合同签订/3.1 技术协议', NULL, 'not_submitted', 1, NULL, NULL, NULL, NULL, NULL, NULL, NULL, NULL, NULL, NULL, NULL, NULL, 0, NULL, NULL, NULL, NULL, NULL, NULL, NULL, NULL, NULL, NULL, NULL, NULL, NULL, '2026-06-30 14:41:25', '2026-06-30 14:41:25');
INSERT INTO `project_stage_documents` VALUES (17684, 342, 837, 'v20260625', 3, 'contract', '合同签订阶段', '3.2', 2, '销售合同', 1, '营销人员', '客户签字盖章', 'marketing_center', NULL, 'approval_required', 'file_upload', '3-合同签订/3.2 销售合同', NULL, 'not_submitted', 1, NULL, NULL, NULL, NULL, NULL, NULL, NULL, NULL, NULL, NULL, NULL, NULL, 0, NULL, NULL, NULL, NULL, NULL, NULL, NULL, NULL, NULL, NULL, NULL, NULL, NULL, '2026-06-30 14:41:25', '2026-06-30 14:41:25');
INSERT INTO `project_stage_documents` VALUES (17685, 342, 838, 'v20260625', 3, 'contract', '合同签订阶段', '3.3', 3, '合同审核记录表（销售合同）', 1, '合同审核人员', '总经理或运营审核对象待业务确认', 'operations_center', 'operations_center', 'approval_required', 'file_upload', '3-合同签订/3.3 合同审核记录表（销售合同）', NULL, 'not_submitted', 1, NULL, NULL, NULL, NULL, NULL, NULL, NULL, NULL, NULL, NULL, NULL, NULL, 0, NULL, NULL, NULL, NULL, NULL, NULL, NULL, NULL, NULL, NULL, NULL, NULL, NULL, '2026-06-30 14:41:25', '2026-06-30 14:41:25');
INSERT INTO `project_stage_documents` VALUES (17686, 342, 839, 'v20260625', 3, 'contract', '合同签订阶段', '3.4', 4, '发票（预付款）', 0, '财务人员', '财务开票，营销协调客户付款', 'operations_center', 'marketing_center', 'submit_only', 'file_upload', '3-合同签订/3.4 发票（预付款）', NULL, 'not_submitted', 1, NULL, NULL, NULL, NULL, NULL, NULL, NULL, NULL, NULL, NULL, NULL, NULL, 0, NULL, NULL, NULL, NULL, NULL, NULL, NULL, NULL, NULL, NULL, NULL, NULL, NULL, '2026-06-30 14:41:25', '2026-06-30 14:41:25');
INSERT INTO `project_stage_documents` VALUES (17687, 342, 840, 'v20260625', 4, 'detailedDesign', '详细设计阶段', '4.1', 1, '项目启动书', 1, '制造中心', '制造中心组织项目启动会', 'manufacturing_center', 'manufacturing_center', 'submit_only', 'file_upload', '4-详细设计/4.1 项目启动书', NULL, 'not_submitted', 1, NULL, NULL, NULL, NULL, NULL, NULL, NULL, NULL, NULL, NULL, NULL, NULL, 0, NULL, NULL, NULL, NULL, NULL, NULL, NULL, NULL, NULL, NULL, NULL, NULL, NULL, '2026-06-30 14:41:25', '2026-06-30 14:41:25');
INSERT INTO `project_stage_documents` VALUES (17688, 342, 841, 'v20260625', 4, 'detailedDesign', '详细设计阶段', '4.2', 2, '详细设计工作计划', 1, '项目经理', '项目经理确认', 'rd_center', NULL, 'submit_only', 'file_upload', '4-详细设计/4.2 详细设计工作计划', NULL, 'not_submitted', 1, NULL, NULL, NULL, NULL, NULL, NULL, NULL, NULL, NULL, NULL, NULL, NULL, 0, NULL, NULL, NULL, NULL, NULL, NULL, NULL, NULL, NULL, NULL, NULL, NULL, NULL, '2026-06-30 14:41:25', '2026-06-30 14:41:25');
INSERT INTO `project_stage_documents` VALUES (17689, 342, 842, 'v20260625', 4, 'detailedDesign', '详细设计阶段', '4.3', 3, '3D模型', 1, '机械工程师', '技术负责人确认', 'rd_center', 'rd_center', 'submit_only', 'file_upload', '4-详细设计/4.3 3D模型', NULL, 'not_submitted', 1, NULL, NULL, NULL, NULL, NULL, NULL, NULL, NULL, NULL, NULL, NULL, NULL, 0, NULL, NULL, NULL, NULL, NULL, NULL, NULL, NULL, NULL, NULL, NULL, NULL, NULL, '2026-06-30 14:41:25', '2026-06-30 14:41:25');
INSERT INTO `project_stage_documents` VALUES (17690, 342, 843, 'v20260625', 4, 'detailedDesign', '详细设计阶段', '4.4', 4, '电气原理图', 1, '电气工程师', '技术负责人确认', 'rd_center', 'rd_center', 'submit_only', 'file_upload', '4-详细设计/4.4 电气原理图', NULL, 'not_submitted', 1, NULL, NULL, NULL, NULL, NULL, NULL, NULL, NULL, NULL, NULL, NULL, NULL, 0, NULL, NULL, NULL, NULL, NULL, NULL, NULL, NULL, NULL, NULL, NULL, NULL, NULL, '2026-06-30 14:41:25', '2026-06-30 14:41:25');
INSERT INTO `project_stage_documents` VALUES (17691, 342, 844, 'v20260625', 4, 'detailedDesign', '详细设计阶段', '4.5', 5, '电气接线图', 1, '电气工程师', '技术负责人确认', 'rd_center', 'rd_center', 'submit_only', 'file_upload', '4-详细设计/4.5 电气接线图', NULL, 'not_submitted', 1, NULL, NULL, NULL, NULL, NULL, NULL, NULL, NULL, NULL, NULL, NULL, NULL, 0, NULL, NULL, NULL, NULL, NULL, NULL, NULL, NULL, NULL, NULL, NULL, NULL, NULL, '2026-06-30 14:41:25', '2026-06-30 14:41:25');
INSERT INTO `project_stage_documents` VALUES (17692, 342, 845, 'v20260625', 4, 'detailedDesign', '详细设计阶段', '4.6', 6, '电气布置图', 1, '电气工程师', '技术负责人确认', 'rd_center', 'rd_center', 'submit_only', 'file_upload', '4-详细设计/4.6 电气布置图', NULL, 'not_submitted', 1, NULL, NULL, NULL, NULL, NULL, NULL, NULL, NULL, NULL, NULL, NULL, NULL, 0, NULL, NULL, NULL, NULL, NULL, NULL, NULL, NULL, NULL, NULL, NULL, NULL, NULL, '2026-06-30 14:41:25', '2026-06-30 14:41:25');
INSERT INTO `project_stage_documents` VALUES (17693, 342, 846, 'v20260625', 4, 'detailedDesign', '详细设计阶段', '4.7', 7, '控制逻辑流程图', 1, '软件/自动化工程师', '技术负责人确认', 'rd_center', 'rd_center', 'submit_only', 'file_upload', '4-详细设计/4.7 控制逻辑流程图', NULL, 'not_submitted', 1, NULL, NULL, NULL, NULL, NULL, NULL, NULL, NULL, NULL, NULL, NULL, NULL, 0, NULL, NULL, NULL, NULL, NULL, NULL, NULL, NULL, NULL, NULL, NULL, NULL, NULL, '2026-06-30 14:41:25', '2026-06-30 14:41:25');
INSERT INTO `project_stage_documents` VALUES (17694, 342, 847, 'v20260625', 4, 'detailedDesign', '详细设计阶段', '4.8', 8, '自动化程序', 1, '软件/自动化工程师', '技术负责人确认', 'rd_center', 'rd_center', 'submit_only', 'file_upload', '4-详细设计/4.8 自动化程序', NULL, 'not_submitted', 1, NULL, NULL, NULL, NULL, NULL, NULL, NULL, NULL, NULL, NULL, NULL, NULL, 0, NULL, NULL, NULL, NULL, NULL, NULL, NULL, NULL, NULL, NULL, NULL, NULL, NULL, '2026-06-30 14:41:25', '2026-06-30 14:41:25');
INSERT INTO `project_stage_documents` VALUES (17695, 342, 848, 'v20260625', 4, 'detailedDesign', '详细设计阶段', '4.9', 9, '软件开发说明文档', 1, '软件工程师', '技术负责人确认', 'rd_center', 'rd_center', 'submit_only', 'file_upload', '4-详细设计/4.9 软件开发说明文档', NULL, 'not_submitted', 1, NULL, NULL, NULL, NULL, NULL, NULL, NULL, NULL, NULL, NULL, NULL, NULL, 0, NULL, NULL, NULL, NULL, NULL, NULL, NULL, NULL, NULL, NULL, NULL, NULL, NULL, '2026-06-30 14:41:25', '2026-06-30 14:41:25');
INSERT INTO `project_stage_documents` VALUES (17696, 342, 849, 'v20260625', 4, 'detailedDesign', '详细设计阶段', '4.10', 10, 'UI界面设计PPT', 1, '软件/UI人员', '技术负责人确认', 'rd_center', 'rd_center', 'submit_only', 'file_upload', '4-详细设计/4.10 UI界面设计PPT', NULL, 'not_submitted', 1, NULL, NULL, NULL, NULL, NULL, NULL, NULL, NULL, NULL, NULL, NULL, NULL, 0, NULL, NULL, NULL, NULL, NULL, NULL, NULL, NULL, NULL, NULL, NULL, NULL, NULL, '2026-06-30 14:41:25', '2026-06-30 14:41:25');
INSERT INTO `project_stage_documents` VALUES (17697, 342, 850, 'v20260625', 4, 'detailedDesign', '详细设计阶段', '4.11', 11, '软件代码', 1, '软件工程师', '技术负责人确认', 'rd_center', 'rd_center', 'submit_only', 'file_upload', '4-详细设计/4.11 软件代码', NULL, 'not_submitted', 1, NULL, NULL, NULL, NULL, NULL, NULL, NULL, NULL, NULL, NULL, NULL, NULL, 0, NULL, NULL, NULL, NULL, NULL, NULL, NULL, NULL, NULL, NULL, NULL, NULL, NULL, '2026-06-30 14:41:25', '2026-06-30 14:41:25');
INSERT INTO `project_stage_documents` VALUES (17698, 342, 851, 'v20260625', 4, 'detailedDesign', '详细设计阶段', '4.12', 12, '设计评审记录表（内部设计评审）', 1, '技术负责人', '项目经理组织并确认', 'rd_center', NULL, 'approval_required', 'file_upload', '4-详细设计/4.12 设计评审记录表（内部设计评审）', NULL, 'not_submitted', 1, NULL, NULL, NULL, NULL, NULL, NULL, NULL, NULL, NULL, NULL, NULL, NULL, 0, NULL, NULL, NULL, NULL, NULL, NULL, NULL, NULL, NULL, NULL, NULL, NULL, NULL, '2026-06-30 14:41:25', '2026-06-30 14:41:25');
INSERT INTO `project_stage_documents` VALUES (17699, 342, 852, 'v20260625', 4, 'detailedDesign', '详细设计阶段', '4.13', 13, '设计评审记录表（客户设计评审）', 1, '技术负责人', '营销组织，客户和项目经理确认', 'rd_center', 'marketing_center', 'approval_required', 'file_upload', '4-详细设计/4.13 设计评审记录表（客户设计评审）', NULL, 'not_submitted', 1, NULL, NULL, NULL, NULL, NULL, NULL, NULL, NULL, NULL, NULL, NULL, NULL, 0, NULL, NULL, NULL, NULL, NULL, NULL, NULL, NULL, NULL, NULL, NULL, NULL, NULL, '2026-06-30 14:41:25', '2026-06-30 14:41:25');
INSERT INTO `project_stage_documents` VALUES (17700, 342, 853, 'v20260625', 4, 'detailedDesign', '详细设计阶段', '4.14', 14, '产品平面图', 1, '机械工程师', '技术负责人确认', 'rd_center', 'rd_center', 'submit_only', 'file_upload', '4-详细设计/4.14 产品平面图', NULL, 'not_submitted', 1, NULL, NULL, NULL, NULL, NULL, NULL, NULL, NULL, NULL, NULL, NULL, NULL, 0, NULL, NULL, NULL, NULL, NULL, NULL, NULL, NULL, NULL, NULL, NULL, NULL, NULL, '2026-06-30 14:41:25', '2026-06-30 14:41:25');
INSERT INTO `project_stage_documents` VALUES (17701, 342, 854, 'v20260625', 4, 'detailedDesign', '详细设计阶段', '4.15', 15, '产品零部件清单', 1, '各专业组成员、技术负责人', '技术负责人确认', 'rd_center', 'rd_center', 'submit_only', 'file_upload', '4-详细设计/4.15 产品零部件清单', NULL, 'not_submitted', 1, NULL, NULL, NULL, NULL, NULL, NULL, NULL, NULL, NULL, NULL, NULL, NULL, 0, NULL, NULL, NULL, NULL, NULL, NULL, NULL, NULL, NULL, NULL, NULL, NULL, NULL, '2026-06-30 14:41:25', '2026-06-30 14:41:25');
INSERT INTO `project_stage_documents` VALUES (17702, 342, 855, 'v20260625', 4, 'detailedDesign', '详细设计阶段', '4.16', 16, '图纸审查记录', 1, '图纸审查人员', '项目经理组织，研发负责人或图纸审查人员确认', 'rd_center', 'rd_center', 'approval_required', 'file_upload', '4-详细设计/4.16 图纸审查记录', NULL, 'not_submitted', 1, NULL, NULL, NULL, NULL, NULL, NULL, NULL, NULL, NULL, NULL, NULL, NULL, 0, NULL, NULL, NULL, NULL, NULL, NULL, NULL, NULL, NULL, NULL, NULL, NULL, NULL, '2026-06-30 14:41:25', '2026-06-30 14:41:25');
INSERT INTO `project_stage_documents` VALUES (17703, 342, 856, 'v20260625', 4, 'detailedDesign', '详细设计阶段', '4.17', 17, '客户会签记录', 1, '营销人员/项目经理', '客户和项目经理确认', 'marketing_center', 'marketing_center', 'approval_required', 'file_upload', '4-详细设计/4.17 客户会签记录', NULL, 'not_submitted', 1, NULL, NULL, NULL, NULL, NULL, NULL, NULL, NULL, NULL, NULL, NULL, NULL, 0, NULL, NULL, NULL, NULL, NULL, NULL, NULL, NULL, NULL, NULL, NULL, NULL, NULL, '2026-06-30 14:41:25', '2026-06-30 14:41:25');
INSERT INTO `project_stage_documents` VALUES (17704, 342, 857, 'v20260625', 5, 'manufacturing', '生产制作阶段', '5.1', 1, '采购申请表', 1, '技术负责人', '制造中心接收，采购审批流程另行建模', 'rd_center', 'manufacturing_center', 'approval_required', 'file_upload', '5-生产制作/5.1 采购申请表', NULL, 'not_submitted', 1, NULL, NULL, NULL, NULL, NULL, NULL, NULL, NULL, NULL, NULL, NULL, NULL, 0, NULL, NULL, NULL, NULL, NULL, NULL, NULL, NULL, NULL, NULL, NULL, NULL, NULL, '2026-06-30 14:41:25', '2026-06-30 14:41:25');
INSERT INTO `project_stage_documents` VALUES (17705, 342, 858, 'v20260625', 5, 'manufacturing', '生产制作阶段', '5.2', 2, '比价表', 1, '采购人员', '制造中心确认', 'manufacturing_center', 'manufacturing_center', 'submit_only', 'file_upload', '5-生产制作/5.2 比价表', NULL, 'not_submitted', 1, NULL, NULL, NULL, NULL, NULL, NULL, NULL, NULL, NULL, NULL, NULL, NULL, 0, NULL, NULL, NULL, NULL, NULL, NULL, NULL, NULL, NULL, NULL, NULL, NULL, NULL, '2026-06-30 14:41:25', '2026-06-30 14:41:25');
INSERT INTO `project_stage_documents` VALUES (17706, 342, 859, 'v20260625', 5, 'manufacturing', '生产制作阶段', '5.3', 3, '采购合同', 1, '采购人员', '供应商签署，合同状态流另行建模', 'manufacturing_center', 'manufacturing_center', 'approval_required', 'file_upload', '5-生产制作/5.3 采购合同', NULL, 'not_submitted', 1, NULL, NULL, NULL, NULL, NULL, NULL, NULL, NULL, NULL, NULL, NULL, NULL, 0, NULL, NULL, NULL, NULL, NULL, NULL, NULL, NULL, NULL, NULL, NULL, NULL, NULL, '2026-06-30 14:41:25', '2026-06-30 14:41:25');
INSERT INTO `project_stage_documents` VALUES (17707, 342, 860, 'v20260625', 5, 'manufacturing', '生产制作阶段', '5.4', 4, '采购合同审核记录表', 1, '合同审核人员', '总经理或运营审核对象待业务确认', 'operations_center', 'operations_center', 'approval_required', 'file_upload', '5-生产制作/5.4 采购合同审核记录表', NULL, 'not_submitted', 1, NULL, NULL, NULL, NULL, NULL, NULL, NULL, NULL, NULL, NULL, NULL, NULL, 0, NULL, NULL, NULL, NULL, NULL, NULL, NULL, NULL, NULL, NULL, NULL, NULL, NULL, '2026-06-30 14:41:25', '2026-06-30 14:41:25');
INSERT INTO `project_stage_documents` VALUES (17708, 342, 861, 'v20260625', 5, 'manufacturing', '生产制作阶段', '5.5', 5, '作业指导书', 1, '技术负责人', '技术负责人确认', 'rd_center', 'rd_center', 'submit_only', 'file_upload', '5-生产制作/5.5 作业指导书', NULL, 'not_submitted', 1, NULL, NULL, NULL, NULL, NULL, NULL, NULL, NULL, NULL, NULL, NULL, NULL, 0, NULL, NULL, NULL, NULL, NULL, NULL, NULL, NULL, NULL, NULL, NULL, NULL, NULL, '2026-06-30 14:41:25', '2026-06-30 14:41:25');
INSERT INTO `project_stage_documents` VALUES (17709, 342, 862, 'v20260625', 5, 'manufacturing', '生产制作阶段', '5.6', 6, '产品使用说明书', 1, '技术负责人', '项目经理确认', 'rd_center', 'rd_center', 'submit_only', 'file_upload', '5-生产制作/5.6 产品使用说明书', NULL, 'not_submitted', 1, NULL, NULL, NULL, NULL, NULL, NULL, NULL, NULL, NULL, NULL, NULL, NULL, 0, NULL, NULL, NULL, NULL, NULL, NULL, NULL, NULL, NULL, NULL, NULL, NULL, NULL, '2026-06-30 14:41:25', '2026-06-30 14:41:25');
INSERT INTO `project_stage_documents` VALUES (17710, 342, 863, 'v20260625', 5, 'manufacturing', '生产制作阶段', '5.7', 7, '产品维护保养手册', 1, '技术负责人', '项目经理确认', 'rd_center', 'rd_center', 'submit_only', 'file_upload', '5-生产制作/5.7 产品维护保养手册', NULL, 'not_submitted', 1, NULL, NULL, NULL, NULL, NULL, NULL, NULL, NULL, NULL, NULL, NULL, NULL, 0, NULL, NULL, NULL, NULL, NULL, NULL, NULL, NULL, NULL, NULL, NULL, NULL, NULL, '2026-06-30 14:41:25', '2026-06-30 14:41:25');
INSERT INTO `project_stage_documents` VALUES (17711, 342, 864, 'v20260625', 5, 'manufacturing', '生产制作阶段', '5.8', 8, '产品培训PPT', 1, '技术负责人', '项目经理确认', 'rd_center', 'rd_center', 'submit_only', 'file_upload', '5-生产制作/5.8 产品培训PPT', NULL, 'not_submitted', 1, NULL, NULL, NULL, NULL, NULL, NULL, NULL, NULL, NULL, NULL, NULL, NULL, 0, NULL, NULL, NULL, NULL, NULL, NULL, NULL, NULL, NULL, NULL, NULL, NULL, NULL, '2026-06-30 14:41:25', '2026-06-30 14:41:25');
INSERT INTO `project_stage_documents` VALUES (17712, 342, 865, 'v20260625', 5, 'manufacturing', '生产制作阶段', '5.9', 9, '检验单', 1, '质检人员/制造中心人员', '质检人员或制造中心确认，组织口径待业务确认', 'manufacturing_center', 'manufacturing_center', 'approval_required', 'file_upload', '5-生产制作/5.9 检验单', NULL, 'not_submitted', 1, NULL, NULL, NULL, NULL, NULL, NULL, NULL, NULL, NULL, NULL, NULL, NULL, 0, NULL, NULL, NULL, NULL, NULL, NULL, NULL, NULL, NULL, NULL, NULL, NULL, NULL, '2026-06-30 14:41:25', '2026-06-30 14:41:25');
INSERT INTO `project_stage_documents` VALUES (17713, 342, 866, 'v20260625', 5, 'manufacturing', '生产制作阶段', '5.10', 10, '入库单', 1, '库管人员', '库管人员编写，制造中心确认', 'manufacturing_center', 'manufacturing_center', 'submit_only', 'file_upload', '5-生产制作/5.10 入库单', NULL, 'not_submitted', 1, NULL, NULL, NULL, NULL, NULL, NULL, NULL, NULL, NULL, NULL, NULL, NULL, 0, NULL, NULL, NULL, NULL, NULL, NULL, NULL, NULL, NULL, NULL, NULL, NULL, NULL, '2026-06-30 14:41:25', '2026-06-30 14:41:25');
INSERT INTO `project_stage_documents` VALUES (17714, 342, 867, 'v20260625', 5, 'manufacturing', '生产制作阶段', '5.11', 11, '领料单', 1, '库管人员', '库管人员编写，制造中心确认', 'manufacturing_center', 'manufacturing_center', 'submit_only', 'file_upload', '5-生产制作/5.11 领料单', NULL, 'not_submitted', 1, NULL, NULL, NULL, NULL, NULL, NULL, NULL, NULL, NULL, NULL, NULL, NULL, 0, NULL, NULL, NULL, NULL, NULL, NULL, NULL, NULL, NULL, NULL, NULL, NULL, NULL, '2026-06-30 14:41:25', '2026-06-30 14:41:25');
INSERT INTO `project_stage_documents` VALUES (17715, 342, 868, 'v20260625', 5, 'manufacturing', '生产制作阶段', '5.12', 12, '安装调试记录（厂内）', 1, '制造中心人员', '制造中心确认', 'manufacturing_center', 'manufacturing_center', 'approval_required', 'file_upload', '5-生产制作/5.12 安装调试记录（厂内）', NULL, 'not_submitted', 1, NULL, NULL, NULL, NULL, NULL, NULL, NULL, NULL, NULL, NULL, NULL, NULL, 0, NULL, NULL, NULL, NULL, NULL, NULL, NULL, NULL, NULL, NULL, NULL, NULL, NULL, '2026-06-30 14:41:25', '2026-06-30 14:41:25');
INSERT INTO `project_stage_documents` VALUES (17716, 342, 869, 'v20260625', 5, 'manufacturing', '生产制作阶段', '5.13', 13, '3D模型（设计变更）', 0, '设计变更人员', '项目经理确认对象待业务确认', 'rd_center', 'rd_center', 'conditional_submit', 'file_upload', '5-生产制作/5.13 3D模型（设计变更）', NULL, 'not_submitted', 1, NULL, NULL, NULL, NULL, NULL, NULL, NULL, NULL, NULL, NULL, NULL, NULL, 0, NULL, NULL, NULL, NULL, NULL, NULL, NULL, NULL, NULL, NULL, NULL, NULL, NULL, '2026-06-30 14:41:25', '2026-06-30 14:41:25');
INSERT INTO `project_stage_documents` VALUES (17717, 342, 870, 'v20260625', 5, 'manufacturing', '生产制作阶段', '5.14', 14, '产品平面图（设计变更）', 0, '设计变更人员', '项目经理确认对象待业务确认', 'rd_center', 'rd_center', 'conditional_submit', 'file_upload', '5-生产制作/5.14 产品平面图（设计变更）', NULL, 'not_submitted', 1, NULL, NULL, NULL, NULL, NULL, NULL, NULL, NULL, NULL, NULL, NULL, NULL, 0, NULL, NULL, NULL, NULL, NULL, NULL, NULL, NULL, NULL, NULL, NULL, NULL, NULL, '2026-06-30 14:41:25', '2026-06-30 14:41:25');
INSERT INTO `project_stage_documents` VALUES (17718, 342, 871, 'v20260625', 5, 'manufacturing', '生产制作阶段', '5.15', 15, '零部件清单（设计变更）', 0, '设计变更人员', '制造中心接收变更资料', 'rd_center', 'manufacturing_center', 'conditional_submit', 'file_upload', '5-生产制作/5.15 零部件清单（设计变更）', NULL, 'not_submitted', 1, NULL, NULL, NULL, NULL, NULL, NULL, NULL, NULL, NULL, NULL, NULL, NULL, 0, NULL, NULL, NULL, NULL, NULL, NULL, NULL, NULL, NULL, NULL, NULL, NULL, NULL, '2026-06-30 14:41:25', '2026-06-30 14:41:25');
INSERT INTO `project_stage_documents` VALUES (17719, 342, 872, 'v20260625', 5, 'manufacturing', '生产制作阶段', '5.16', 16, '技术通知单（设计变更）', 0, '设计变更人员', '制造中心接收技术通知', 'rd_center', 'manufacturing_center', 'conditional_submit', 'file_upload', '5-生产制作/5.16 技术通知单（设计变更）', NULL, 'not_submitted', 1, NULL, NULL, NULL, NULL, NULL, NULL, NULL, NULL, NULL, NULL, NULL, NULL, 0, NULL, NULL, NULL, NULL, NULL, NULL, NULL, NULL, NULL, NULL, NULL, NULL, NULL, '2026-06-30 14:41:25', '2026-06-30 14:41:25');
INSERT INTO `project_stage_documents` VALUES (17720, 342, 873, 'v20260625', 5, 'manufacturing', '生产制作阶段', '5.17', 17, '自验收报告', 1, '制造中心人员', '制造中心确认', 'manufacturing_center', 'manufacturing_center', 'approval_required', 'file_upload', '5-生产制作/5.17 自验收报告', NULL, 'not_submitted', 1, NULL, NULL, NULL, NULL, NULL, NULL, NULL, NULL, NULL, NULL, NULL, NULL, 0, NULL, NULL, NULL, NULL, NULL, NULL, NULL, NULL, NULL, NULL, NULL, NULL, NULL, '2026-06-30 14:41:25', '2026-06-30 14:41:25');
INSERT INTO `project_stage_documents` VALUES (17721, 342, 874, 'v20260625', 6, 'preAcceptance', '预验收阶段', '6.1', 1, '预验收单', 1, '制造中心人员', '营销组织客户预验收，客户和项目经理确认', 'manufacturing_center', 'marketing_center', 'approval_required', 'file_upload', '6-预验收/6.1 预验收单', NULL, 'not_submitted', 1, NULL, NULL, NULL, NULL, NULL, NULL, NULL, NULL, NULL, NULL, NULL, NULL, 0, NULL, NULL, NULL, NULL, NULL, NULL, NULL, NULL, NULL, NULL, NULL, NULL, NULL, '2026-06-30 14:41:25', '2026-06-30 14:41:25');
INSERT INTO `project_stage_documents` VALUES (17722, 342, 875, 'v20260625', 6, 'preAcceptance', '预验收阶段', '6.2', 2, '发票（发货款）', 0, '财务人员', '财务开票，营销协调客户付款', 'operations_center', 'marketing_center', 'submit_only', 'file_upload', '6-预验收/6.2 发票（发货款）', NULL, 'not_submitted', 1, NULL, NULL, NULL, NULL, NULL, NULL, NULL, NULL, NULL, NULL, NULL, NULL, 0, NULL, NULL, NULL, NULL, NULL, NULL, NULL, NULL, NULL, NULL, NULL, NULL, NULL, '2026-06-30 14:41:25', '2026-06-30 14:41:25');
INSERT INTO `project_stage_documents` VALUES (17723, 342, 876, 'v20260625', 7, 'finalAcceptance', '终验收阶段', '7.1', 1, '发货单', 1, '制造中心人员', '制造中心确认', 'manufacturing_center', 'manufacturing_center', 'submit_only', 'file_upload', '7-终验收/7.1 发货单', NULL, 'not_submitted', 1, NULL, NULL, NULL, NULL, NULL, NULL, NULL, NULL, NULL, NULL, NULL, NULL, 0, NULL, NULL, NULL, NULL, NULL, NULL, NULL, NULL, NULL, NULL, NULL, NULL, NULL, '2026-06-30 14:41:25', '2026-06-30 14:41:25');
INSERT INTO `project_stage_documents` VALUES (17724, 342, 877, 'v20260625', 7, 'finalAcceptance', '终验收阶段', '7.2', 2, '安装调试记录（现场）', 1, '制造中心人员', '客户确认对象待业务确认', 'manufacturing_center', 'manufacturing_center', 'approval_required', 'file_upload', '7-终验收/7.2 安装调试记录（现场）', NULL, 'not_submitted', 1, NULL, NULL, NULL, NULL, NULL, NULL, NULL, NULL, NULL, NULL, NULL, NULL, 0, NULL, NULL, NULL, NULL, NULL, NULL, NULL, NULL, NULL, NULL, NULL, NULL, NULL, '2026-06-30 14:41:25', '2026-06-30 14:41:25');
INSERT INTO `project_stage_documents` VALUES (17725, 342, 878, 'v20260625', 7, 'finalAcceptance', '终验收阶段', '7.3', 3, '终验收单', 1, '制造中心人员', '营销组织客户终验收，客户和项目经理确认', 'manufacturing_center', 'marketing_center', 'approval_required', 'file_upload', '7-终验收/7.3 终验收单', NULL, 'not_submitted', 1, NULL, NULL, NULL, NULL, NULL, NULL, NULL, NULL, NULL, NULL, NULL, NULL, 0, NULL, NULL, NULL, NULL, NULL, NULL, NULL, NULL, NULL, NULL, NULL, NULL, NULL, '2026-06-30 14:41:25', '2026-06-30 14:41:25');
INSERT INTO `project_stage_documents` VALUES (17726, 342, 879, 'v20260625', 7, 'finalAcceptance', '终验收阶段', '7.4', 4, '培训记录表', 1, '培训主讲人员', '客户和项目经理确认', 'marketing_center', 'marketing_center', 'approval_required', 'file_upload', '7-终验收/7.4 培训记录表', NULL, 'not_submitted', 1, NULL, NULL, NULL, NULL, NULL, NULL, NULL, NULL, NULL, NULL, NULL, NULL, 0, NULL, NULL, NULL, NULL, NULL, NULL, NULL, NULL, NULL, NULL, NULL, NULL, NULL, '2026-06-30 14:41:25', '2026-06-30 14:41:25');
INSERT INTO `project_stage_documents` VALUES (17727, 342, 880, 'v20260625', 8, 'closeout', '结题阶段', '8.1', 1, '发票（尾款）', 0, '财务人员', '财务开票，营销协调客户付款', 'operations_center', 'marketing_center', 'submit_only', 'file_upload', '8-结题/8.1 发票（尾款）', NULL, 'not_submitted', 1, NULL, NULL, NULL, NULL, NULL, NULL, NULL, NULL, NULL, NULL, NULL, NULL, 0, NULL, NULL, NULL, NULL, NULL, NULL, NULL, NULL, NULL, NULL, NULL, NULL, NULL, '2026-06-30 14:41:25', '2026-06-30 14:41:25');
INSERT INTO `project_stage_documents` VALUES (17728, 342, 881, 'v20260625', 8, 'closeout', '结题阶段', '8.2', 2, '项目结题报告', 1, '项目经理', '项目经理编写，总经理或相关负责人确认', NULL, NULL, 'submit_only', 'file_upload', '8-结题/8.2 项目结题报告', NULL, 'not_submitted', 1, NULL, NULL, NULL, NULL, NULL, NULL, NULL, NULL, NULL, NULL, NULL, NULL, 0, NULL, NULL, NULL, NULL, NULL, NULL, NULL, NULL, NULL, NULL, NULL, NULL, NULL, '2026-06-30 14:41:25', '2026-06-30 14:41:25');

-- ----------------------------
-- Table structure for project_stages
-- ----------------------------
DROP TABLE IF EXISTS `project_stages`;
CREATE TABLE `project_stages`  (
  `id` bigint UNSIGNED NOT NULL AUTO_INCREMENT,
  `project_id` bigint UNSIGNED NOT NULL,
  `stage_order` tinyint UNSIGNED NOT NULL,
  `stage_key` varchar(64) CHARACTER SET utf8mb4 COLLATE utf8mb4_unicode_ci NOT NULL,
  `stage_name` varchar(64) CHARACTER SET utf8mb4 COLLATE utf8mb4_unicode_ci NOT NULL,
  `stage_status` enum('not_started','current','completed') CHARACTER SET utf8mb4 COLLATE utf8mb4_unicode_ci NOT NULL DEFAULT 'not_started',
  `is_current` tinyint(1) NOT NULL DEFAULT 0,
  `approval_status` enum('not_submitted','pending_center_manager','returned_by_center_manager','pending_general_manager','returned_by_general_manager','approved','cancelled') CHARACTER SET utf8mb4 COLLATE utf8mb4_unicode_ci NOT NULL DEFAULT 'not_submitted',
  `started_at` datetime NULL DEFAULT NULL,
  `completed_at` datetime NULL DEFAULT NULL,
  `created_at` timestamp NOT NULL DEFAULT CURRENT_TIMESTAMP,
  `updated_at` timestamp NOT NULL DEFAULT CURRENT_TIMESTAMP ON UPDATE CURRENT_TIMESTAMP,
  PRIMARY KEY (`id`) USING BTREE,
  UNIQUE INDEX `uk_project_stages_order`(`project_id` ASC, `stage_order` ASC) USING BTREE,
  UNIQUE INDEX `uk_project_stages_key`(`project_id` ASC, `stage_key` ASC) USING BTREE,
  CONSTRAINT `fk_project_stages_project` FOREIGN KEY (`project_id`) REFERENCES `projects` (`id`) ON DELETE CASCADE ON UPDATE RESTRICT
) ENGINE = InnoDB AUTO_INCREMENT = 2289 CHARACTER SET = utf8mb4 COLLATE = utf8mb4_unicode_ci ROW_FORMAT = DYNAMIC;

-- ----------------------------
-- Records of project_stages
-- ----------------------------
INSERT INTO `project_stages` VALUES (1, 1, 1, 'initiation', '立项阶段', 'current', 1, 'not_submitted', NULL, NULL, '2026-06-25 15:15:33', '2026-06-25 15:15:33');
INSERT INTO `project_stages` VALUES (2, 1, 2, 'solution', '方案设计阶段', 'not_started', 0, 'not_submitted', NULL, NULL, '2026-06-25 15:15:33', '2026-06-25 15:15:33');
INSERT INTO `project_stages` VALUES (3, 1, 3, 'contract', '合同签订阶段', 'not_started', 0, 'not_submitted', NULL, NULL, '2026-06-25 15:15:33', '2026-06-25 15:15:33');
INSERT INTO `project_stages` VALUES (4, 1, 4, 'detailedDesign', '详细设计阶段', 'not_started', 0, 'not_submitted', NULL, NULL, '2026-06-25 15:15:33', '2026-06-25 15:15:33');
INSERT INTO `project_stages` VALUES (5, 1, 5, 'manufacturing', '生产制作阶段', 'not_started', 0, 'not_submitted', NULL, NULL, '2026-06-25 15:15:33', '2026-06-25 15:15:33');
INSERT INTO `project_stages` VALUES (6, 1, 6, 'preAcceptance', '预验收阶段', 'not_started', 0, 'not_submitted', NULL, NULL, '2026-06-25 15:15:33', '2026-06-25 15:15:33');
INSERT INTO `project_stages` VALUES (7, 1, 7, 'finalAcceptance', '终验收阶段', 'not_started', 0, 'not_submitted', NULL, NULL, '2026-06-25 15:15:33', '2026-06-25 15:15:33');
INSERT INTO `project_stages` VALUES (8, 1, 8, 'closeout', '结题阶段', 'not_started', 0, 'not_submitted', NULL, NULL, '2026-06-25 15:15:33', '2026-06-25 15:15:33');
INSERT INTO `project_stages` VALUES (105, 14, 1, 'initiation', '立项阶段', 'current', 1, 'not_submitted', NULL, NULL, '2026-06-26 11:25:23', '2026-06-26 11:25:23');
INSERT INTO `project_stages` VALUES (106, 14, 2, 'solution', '方案设计阶段', 'not_started', 0, 'not_submitted', NULL, NULL, '2026-06-26 11:25:23', '2026-06-26 11:25:23');
INSERT INTO `project_stages` VALUES (107, 14, 3, 'contract', '合同签订阶段', 'not_started', 0, 'not_submitted', NULL, NULL, '2026-06-26 11:25:23', '2026-06-26 11:25:23');
INSERT INTO `project_stages` VALUES (108, 14, 4, 'detailedDesign', '详细设计阶段', 'not_started', 0, 'not_submitted', NULL, NULL, '2026-06-26 11:25:23', '2026-06-26 11:25:23');
INSERT INTO `project_stages` VALUES (109, 14, 5, 'manufacturing', '生产制作阶段', 'not_started', 0, 'not_submitted', NULL, NULL, '2026-06-26 11:25:23', '2026-06-26 11:25:23');
INSERT INTO `project_stages` VALUES (110, 14, 6, 'preAcceptance', '预验收阶段', 'not_started', 0, 'not_submitted', NULL, NULL, '2026-06-26 11:25:23', '2026-06-26 11:25:23');
INSERT INTO `project_stages` VALUES (111, 14, 7, 'finalAcceptance', '终验收阶段', 'not_started', 0, 'not_submitted', NULL, NULL, '2026-06-26 11:25:23', '2026-06-26 11:25:23');
INSERT INTO `project_stages` VALUES (112, 14, 8, 'closeout', '结题阶段', 'not_started', 0, 'not_submitted', NULL, NULL, '2026-06-26 11:25:23', '2026-06-26 11:25:23');
INSERT INTO `project_stages` VALUES (113, 15, 1, 'initiation', '立项阶段', 'completed', 0, 'not_submitted', NULL, '2026-06-26 13:44:58', '2026-06-26 11:29:44', '2026-06-26 13:44:58');
INSERT INTO `project_stages` VALUES (114, 15, 2, 'solution', '方案设计阶段', 'current', 1, 'not_submitted', '2026-06-26 13:44:58', NULL, '2026-06-26 11:29:44', '2026-06-26 13:44:58');
INSERT INTO `project_stages` VALUES (115, 15, 3, 'contract', '合同签订阶段', 'not_started', 0, 'not_submitted', NULL, NULL, '2026-06-26 11:29:44', '2026-06-26 11:29:44');
INSERT INTO `project_stages` VALUES (116, 15, 4, 'detailedDesign', '详细设计阶段', 'not_started', 0, 'not_submitted', NULL, NULL, '2026-06-26 11:29:44', '2026-06-26 11:29:44');
INSERT INTO `project_stages` VALUES (117, 15, 5, 'manufacturing', '生产制作阶段', 'not_started', 0, 'not_submitted', NULL, NULL, '2026-06-26 11:29:44', '2026-06-26 11:29:44');
INSERT INTO `project_stages` VALUES (118, 15, 6, 'preAcceptance', '预验收阶段', 'not_started', 0, 'not_submitted', NULL, NULL, '2026-06-26 11:29:44', '2026-06-26 11:29:44');
INSERT INTO `project_stages` VALUES (119, 15, 7, 'finalAcceptance', '终验收阶段', 'not_started', 0, 'not_submitted', NULL, NULL, '2026-06-26 11:29:44', '2026-06-26 11:29:44');
INSERT INTO `project_stages` VALUES (120, 15, 8, 'closeout', '结题阶段', 'not_started', 0, 'not_submitted', NULL, NULL, '2026-06-26 11:29:44', '2026-06-26 11:29:44');
INSERT INTO `project_stages` VALUES (1513, 190, 1, 'initiation', '立项阶段', 'completed', 0, 'not_submitted', NULL, '2026-06-29 15:52:32', '2026-06-29 15:35:54', '2026-06-29 15:52:32');
INSERT INTO `project_stages` VALUES (1514, 190, 2, 'solution', '方案设计阶段', 'current', 1, 'not_submitted', '2026-06-29 15:52:32', NULL, '2026-06-29 15:35:54', '2026-06-29 15:52:32');
INSERT INTO `project_stages` VALUES (1515, 190, 3, 'contract', '合同签订阶段', 'not_started', 0, 'not_submitted', NULL, NULL, '2026-06-29 15:35:54', '2026-06-29 15:35:54');
INSERT INTO `project_stages` VALUES (1516, 190, 4, 'detailedDesign', '详细设计阶段', 'not_started', 0, 'not_submitted', NULL, NULL, '2026-06-29 15:35:54', '2026-06-29 15:35:54');
INSERT INTO `project_stages` VALUES (1517, 190, 5, 'manufacturing', '生产制作阶段', 'not_started', 0, 'not_submitted', NULL, NULL, '2026-06-29 15:35:54', '2026-06-29 15:35:54');
INSERT INTO `project_stages` VALUES (1518, 190, 6, 'preAcceptance', '预验收阶段', 'not_started', 0, 'not_submitted', NULL, NULL, '2026-06-29 15:35:54', '2026-06-29 15:35:54');
INSERT INTO `project_stages` VALUES (1519, 190, 7, 'finalAcceptance', '终验收阶段', 'not_started', 0, 'not_submitted', NULL, NULL, '2026-06-29 15:35:54', '2026-06-29 15:35:54');
INSERT INTO `project_stages` VALUES (1520, 190, 8, 'closeout', '结题阶段', 'not_started', 0, 'not_submitted', NULL, NULL, '2026-06-29 15:35:54', '2026-06-29 15:35:54');
INSERT INTO `project_stages` VALUES (1633, 205, 1, 'initiation', '立项阶段', 'completed', 0, 'not_submitted', NULL, '2026-06-30 14:06:57', '2026-06-30 10:22:44', '2026-06-30 14:06:57');
INSERT INTO `project_stages` VALUES (1634, 205, 2, 'solution', '方案设计阶段', 'current', 1, 'not_submitted', '2026-06-30 14:06:57', NULL, '2026-06-30 10:22:44', '2026-06-30 14:06:57');
INSERT INTO `project_stages` VALUES (1635, 205, 3, 'contract', '合同签订阶段', 'not_started', 0, 'not_submitted', NULL, NULL, '2026-06-30 10:22:44', '2026-06-30 10:22:44');
INSERT INTO `project_stages` VALUES (1636, 205, 4, 'detailedDesign', '详细设计阶段', 'not_started', 0, 'not_submitted', NULL, NULL, '2026-06-30 10:22:44', '2026-06-30 10:22:44');
INSERT INTO `project_stages` VALUES (1637, 205, 5, 'manufacturing', '生产制作阶段', 'not_started', 0, 'not_submitted', NULL, NULL, '2026-06-30 10:22:44', '2026-06-30 10:22:44');
INSERT INTO `project_stages` VALUES (1638, 205, 6, 'preAcceptance', '预验收阶段', 'not_started', 0, 'not_submitted', NULL, NULL, '2026-06-30 10:22:44', '2026-06-30 10:22:44');
INSERT INTO `project_stages` VALUES (1639, 205, 7, 'finalAcceptance', '终验收阶段', 'not_started', 0, 'not_submitted', NULL, NULL, '2026-06-30 10:22:44', '2026-06-30 10:22:44');
INSERT INTO `project_stages` VALUES (1640, 205, 8, 'closeout', '结题阶段', 'not_started', 0, 'not_submitted', NULL, NULL, '2026-06-30 10:22:44', '2026-06-30 10:22:44');
INSERT INTO `project_stages` VALUES (2201, 342, 1, 'initiation', '立项阶段', 'current', 1, 'not_submitted', NULL, NULL, '2026-06-30 14:41:25', '2026-06-30 14:41:25');
INSERT INTO `project_stages` VALUES (2202, 342, 2, 'solution', '方案设计阶段', 'not_started', 0, 'not_submitted', NULL, NULL, '2026-06-30 14:41:25', '2026-06-30 14:41:25');
INSERT INTO `project_stages` VALUES (2203, 342, 3, 'contract', '合同签订阶段', 'not_started', 0, 'not_submitted', NULL, NULL, '2026-06-30 14:41:25', '2026-06-30 14:41:25');
INSERT INTO `project_stages` VALUES (2204, 342, 4, 'detailedDesign', '详细设计阶段', 'not_started', 0, 'not_submitted', NULL, NULL, '2026-06-30 14:41:25', '2026-06-30 14:41:25');
INSERT INTO `project_stages` VALUES (2205, 342, 5, 'manufacturing', '生产制作阶段', 'not_started', 0, 'not_submitted', NULL, NULL, '2026-06-30 14:41:25', '2026-06-30 14:41:25');
INSERT INTO `project_stages` VALUES (2206, 342, 6, 'preAcceptance', '预验收阶段', 'not_started', 0, 'not_submitted', NULL, NULL, '2026-06-30 14:41:25', '2026-06-30 14:41:25');
INSERT INTO `project_stages` VALUES (2207, 342, 7, 'finalAcceptance', '终验收阶段', 'not_started', 0, 'not_submitted', NULL, NULL, '2026-06-30 14:41:25', '2026-06-30 14:41:25');
INSERT INTO `project_stages` VALUES (2208, 342, 8, 'closeout', '结题阶段', 'not_started', 0, 'not_submitted', NULL, NULL, '2026-06-30 14:41:25', '2026-06-30 14:41:25');

-- ----------------------------
-- Table structure for projects
-- ----------------------------
DROP TABLE IF EXISTS `projects`;
CREATE TABLE `projects`  (
  `id` bigint UNSIGNED NOT NULL AUTO_INCREMENT,
  `project_code` varchar(64) CHARACTER SET utf8mb4 COLLATE utf8mb4_unicode_ci NULL DEFAULT NULL,
  `project_name` varchar(255) CHARACTER SET utf8mb4 COLLATE utf8mb4_unicode_ci NOT NULL,
  `customer_name` varchar(255) CHARACTER SET utf8mb4 COLLATE utf8mb4_unicode_ci NOT NULL,
  `project_mode` varchar(32) CHARACTER SET utf8mb4 COLLATE utf8mb4_unicode_ci NOT NULL DEFAULT 'self_developed',
  `project_manager` varchar(128) CHARACTER SET utf8mb4 COLLATE utf8mb4_unicode_ci NOT NULL,
  `project_manager_user_id` bigint UNSIGNED NULL DEFAULT NULL,
  `participating_departments` json NULL,
  `status` enum('normal','risk','paused','delayed','completed') CHARACTER SET utf8mb4 COLLATE utf8mb4_unicode_ci NOT NULL DEFAULT 'normal',
  `planned_start_date` date NULL DEFAULT NULL,
  `planned_end_date` date NULL DEFAULT NULL,
  `remark` text CHARACTER SET utf8mb4 COLLATE utf8mb4_unicode_ci NULL,
  `created_by_user_id` bigint UNSIGNED NULL DEFAULT NULL,
  `created_at` timestamp NOT NULL DEFAULT CURRENT_TIMESTAMP,
  `updated_at` timestamp NOT NULL DEFAULT CURRENT_TIMESTAMP ON UPDATE CURRENT_TIMESTAMP,
  PRIMARY KEY (`id`) USING BTREE,
  UNIQUE INDEX `uk_projects_project_code`(`project_code` ASC) USING BTREE,
  INDEX `idx_projects_created_by_user_id`(`created_by_user_id` ASC) USING BTREE,
  INDEX `idx_projects_project_manager_user_id`(`project_manager_user_id` ASC) USING BTREE,
  CONSTRAINT `fk_projects_created_by_user` FOREIGN KEY (`created_by_user_id`) REFERENCES `users` (`id`) ON DELETE SET NULL ON UPDATE RESTRICT,
  CONSTRAINT `fk_projects_project_manager_user` FOREIGN KEY (`project_manager_user_id`) REFERENCES `users` (`id`) ON DELETE SET NULL ON UPDATE RESTRICT
) ENGINE = InnoDB AUTO_INCREMENT = 364 CHARACTER SET = utf8mb4 COLLATE = utf8mb4_unicode_ci ROW_FORMAT = DYNAMIC;

-- ----------------------------
-- Records of projects
-- ----------------------------
INSERT INTO `projects` VALUES (1, 'KRF20260625', 'TEST', 'TEST', 'self_developed', '吴静一', 10, '[\"manufacturing_center\", \"rd_center\", \"marketing_center\"]', 'normal', '2026-06-25', '2026-06-30', NULL, 1, '2026-06-25 15:15:33', '2026-06-25 15:15:33');
INSERT INTO `projects` VALUES (14, NULL, '水塔空压机自动化', '长征重工', 'self_developed', '周厚贵', 9, NULL, 'normal', NULL, NULL, NULL, 1, '2026-06-26 11:25:23', '2026-06-26 11:25:23');
INSERT INTO `projects` VALUES (15, 'KRF202606', 'TEST0626', 'KRF', 'self_developed', '周厚贵', 9, '[\"marketing_center\", \"rd_center\", \"operations_center\", \"manufacturing_center\"]', 'normal', '2026-06-26', '2026-06-30', NULL, 1, '2026-06-26 11:29:44', '2026-06-26 13:47:20');
INSERT INTO `projects` VALUES (190, 'KRF20260629', 'test2', 'test', 'self_developed', '周厚贵', 9, '[\"operations_center\", \"manufacturing_center\", \"marketing_center\", \"rd_center\"]', 'normal', '2026-06-29', '2026-06-30', NULL, 1, '2026-06-29 15:35:54', '2026-06-29 15:52:01');
INSERT INTO `projects` VALUES (205, 'KRF20260630-1', 'Test03', 'Test', 'self_developed', '陈芋如', 8, '[\"operations_center\", \"marketing_center\", \"manufacturing_center\", \"rd_center\"]', 'normal', '2026-06-30', '2026-07-30', NULL, 25, '2026-06-30 10:22:44', '2026-06-30 10:22:44');
INSERT INTO `projects` VALUES (342, NULL, '111', '111', 'self_developed', '周厚贵', 9, '[\"operations_center\", \"manufacturing_center\", \"rd_center\", \"marketing_center\"]', 'normal', '2026-07-01', '2026-07-30', NULL, 1, '2026-06-30 14:41:25', '2026-06-30 14:41:25');

-- ----------------------------
-- Table structure for report_weekly_rest_mode_anchors
-- ----------------------------
DROP TABLE IF EXISTS `report_weekly_rest_mode_anchors`;
CREATE TABLE `report_weekly_rest_mode_anchors`  (
  `id` bigint UNSIGNED NOT NULL AUTO_INCREMENT,
  `week_start` date NOT NULL,
  `rest_mode` enum('single_rest','double_rest') CHARACTER SET utf8mb4 COLLATE utf8mb4_unicode_ci NOT NULL,
  `created_by_user_id` bigint UNSIGNED NOT NULL,
  `updated_by_user_id` bigint UNSIGNED NOT NULL,
  `created_at` timestamp NOT NULL DEFAULT CURRENT_TIMESTAMP,
  `updated_at` timestamp NOT NULL DEFAULT CURRENT_TIMESTAMP ON UPDATE CURRENT_TIMESTAMP,
  PRIMARY KEY (`id`) USING BTREE,
  UNIQUE INDEX `uk_report_weekly_rest_mode_anchors_week_start`(`week_start` ASC) USING BTREE,
  INDEX `fk_report_weekly_rest_mode_anchors_created_by`(`created_by_user_id` ASC) USING BTREE,
  INDEX `fk_report_weekly_rest_mode_anchors_updated_by`(`updated_by_user_id` ASC) USING BTREE,
  INDEX `idx_report_weekly_rest_mode_anchors_lookup`(`week_start` ASC, `id` ASC) USING BTREE,
  CONSTRAINT `fk_report_weekly_rest_mode_anchors_created_by` FOREIGN KEY (`created_by_user_id`) REFERENCES `users` (`id`) ON DELETE RESTRICT ON UPDATE RESTRICT,
  CONSTRAINT `fk_report_weekly_rest_mode_anchors_updated_by` FOREIGN KEY (`updated_by_user_id`) REFERENCES `users` (`id`) ON DELETE RESTRICT ON UPDATE RESTRICT
) ENGINE = InnoDB AUTO_INCREMENT = 27 CHARACTER SET = utf8mb4 COLLATE = utf8mb4_unicode_ci ROW_FORMAT = DYNAMIC;

-- ----------------------------
-- Records of report_weekly_rest_mode_anchors
-- ----------------------------

-- ----------------------------
-- Table structure for stage_document_templates
-- ----------------------------
DROP TABLE IF EXISTS `stage_document_templates`;
CREATE TABLE `stage_document_templates`  (
  `id` bigint UNSIGNED NOT NULL AUTO_INCREMENT,
  `template_version` varchar(32) CHARACTER SET utf8mb4 COLLATE utf8mb4_unicode_ci NOT NULL,
  `stage_order` tinyint UNSIGNED NOT NULL,
  `stage_key` varchar(64) CHARACTER SET utf8mb4 COLLATE utf8mb4_unicode_ci NOT NULL,
  `stage_name` varchar(64) CHARACTER SET utf8mb4 COLLATE utf8mb4_unicode_ci NOT NULL,
  `document_code` varchar(32) CHARACTER SET utf8mb4 COLLATE utf8mb4_unicode_ci NOT NULL,
  `document_order` smallint UNSIGNED NOT NULL,
  `document_name` varchar(255) CHARACTER SET utf8mb4 COLLATE utf8mb4_unicode_ci NOT NULL,
  `is_required` tinyint(1) NOT NULL DEFAULT 1,
  `default_responsibility_role` varchar(255) CHARACTER SET utf8mb4 COLLATE utf8mb4_unicode_ci NOT NULL,
  `confirm_role` varchar(255) CHARACTER SET utf8mb4 COLLATE utf8mb4_unicode_ci NOT NULL,
  `owner_department` varchar(64) CHARACTER SET utf8mb4 COLLATE utf8mb4_unicode_ci NULL DEFAULT NULL,
  `review_department` varchar(64) CHARACTER SET utf8mb4 COLLATE utf8mb4_unicode_ci NULL DEFAULT NULL,
  `completion_mode` enum('submit_only','approval_required','conditional_submit','conditional_approval') CHARACTER SET utf8mb4 COLLATE utf8mb4_unicode_ci NOT NULL DEFAULT 'approval_required',
  `submit_mode` enum('online_form','file_upload','mixed','tbd') CHARACTER SET utf8mb4 COLLATE utf8mb4_unicode_ci NOT NULL,
  `target_folder_path` varchar(512) CHARACTER SET utf8mb4 COLLATE utf8mb4_unicode_ci NOT NULL,
  `target_folder_id` varchar(128) CHARACTER SET utf8mb4 COLLATE utf8mb4_unicode_ci NULL DEFAULT NULL,
  `is_active` tinyint(1) NOT NULL DEFAULT 1,
  `created_at` timestamp NOT NULL DEFAULT CURRENT_TIMESTAMP,
  `updated_at` timestamp NOT NULL DEFAULT CURRENT_TIMESTAMP ON UPDATE CURRENT_TIMESTAMP,
  PRIMARY KEY (`id`) USING BTREE,
  UNIQUE INDEX `uk_stage_document_templates_version_code`(`template_version` ASC, `document_code` ASC) USING BTREE,
  INDEX `idx_stage_document_templates_stage`(`template_version` ASC, `stage_order` ASC, `document_order` ASC) USING BTREE
) ENGINE = InnoDB AUTO_INCREMENT = 882 CHARACTER SET = utf8mb4 COLLATE = utf8mb4_unicode_ci ROW_FORMAT = DYNAMIC;

-- ----------------------------
-- Records of stage_document_templates
-- ----------------------------
INSERT INTO `stage_document_templates` VALUES (818, 'v20260625', 1, 'initiation', '立项阶段', '1.1', 1, '项目需求表', 1, '研发中心填写，营销组织调研', '营销组织调研，研发填写生成', 'rd_center', 'marketing_center', 'submit_only', 'file_upload', '1-立项/1.1 项目需求表', NULL, 1, '2026-06-26 10:15:32', '2026-06-26 10:15:32');
INSERT INTO `stage_document_templates` VALUES (819, 'v20260625', 1, 'initiation', '立项阶段', '1.2', 2, '项目立项审批表', 1, '营销人员', '商务评价、技术评价、总经理审批', 'marketing_center', NULL, 'approval_required', 'file_upload', '1-立项/1.2 项目立项审批表', NULL, 1, '2026-06-26 10:15:32', '2026-06-26 10:15:32');
INSERT INTO `stage_document_templates` VALUES (820, 'v20260625', 1, 'initiation', '立项阶段', '1.3', 3, '项目立项通知', 1, '营销总监', '营销中心', 'marketing_center', 'marketing_center', 'submit_only', 'file_upload', '1-立项/1.3 项目立项通知', NULL, 1, '2026-06-26 10:15:32', '2026-06-26 10:15:32');
INSERT INTO `stage_document_templates` VALUES (821, 'v20260625', 2, 'solution', '方案设计阶段', '2.1', 1, '方案设计工作计划', 1, '项目经理', '项目经理确认', 'rd_center', NULL, 'submit_only', 'file_upload', '2-方案设计/2.1 方案设计工作计划', NULL, 1, '2026-06-26 10:15:32', '2026-06-26 10:15:32');
INSERT INTO `stage_document_templates` VALUES (822, 'v20260625', 2, 'solution', '方案设计阶段', '2.2', 2, '项目方案分析表', 1, '技术负责人', '项目经理确认', 'rd_center', NULL, 'approval_required', 'file_upload', '2-方案设计/2.2 项目方案分析表', NULL, 1, '2026-06-26 10:15:32', '2026-06-26 10:15:32');
INSERT INTO `stage_document_templates` VALUES (823, 'v20260625', 2, 'solution', '方案设计阶段', '2.3', 3, '产品功能框图', 1, '技术负责人', '技术负责人确认', 'rd_center', 'rd_center', 'approval_required', 'file_upload', '2-方案设计/2.3 产品功能框图', NULL, 1, '2026-06-26 10:15:32', '2026-06-26 10:15:32');
INSERT INTO `stage_document_templates` VALUES (824, 'v20260625', 2, 'solution', '方案设计阶段', '2.4', 4, '3D模型', 1, '机械/方案设计人员', '技术负责人确认', 'rd_center', 'rd_center', 'submit_only', 'file_upload', '2-方案设计/2.4 3D模型', NULL, 1, '2026-06-26 10:15:32', '2026-06-26 10:15:32');
INSERT INTO `stage_document_templates` VALUES (825, 'v20260625', 2, 'solution', '方案设计阶段', '2.5', 5, '布局图', 1, '机械/方案设计人员', '技术负责人确认', 'rd_center', 'rd_center', 'submit_only', 'file_upload', '2-方案设计/2.5 布局图', NULL, 1, '2026-06-26 10:15:32', '2026-06-26 10:15:32');
INSERT INTO `stage_document_templates` VALUES (826, 'v20260625', 2, 'solution', '方案设计阶段', '2.6', 6, '工艺时序图', 0, '技术负责人/工艺负责人', '技术负责人确认', 'rd_center', 'rd_center', 'conditional_submit', 'file_upload', '2-方案设计/2.6 工艺时序图', NULL, 1, '2026-06-26 10:15:32', '2026-06-26 10:15:32');
INSERT INTO `stage_document_templates` VALUES (827, 'v20260625', 2, 'solution', '方案设计阶段', '2.7', 7, '节拍表', 0, '技术负责人/工艺负责人', '技术负责人确认', 'rd_center', 'rd_center', 'conditional_submit', 'file_upload', '2-方案设计/2.7 节拍表', NULL, 1, '2026-06-26 10:15:32', '2026-06-26 10:15:32');
INSERT INTO `stage_document_templates` VALUES (828, 'v20260625', 2, 'solution', '方案设计阶段', '2.8', 8, '演示动画', 0, '机械/方案设计人员', '项目经理确认', 'rd_center', NULL, 'conditional_submit', 'file_upload', '2-方案设计/2.8 演示动画', NULL, 1, '2026-06-26 10:15:32', '2026-06-26 10:15:32');
INSERT INTO `stage_document_templates` VALUES (829, 'v20260625', 2, 'solution', '方案设计阶段', '2.9', 9, '电气功能框图', 1, '电气工程师', '技术负责人确认', 'rd_center', 'rd_center', 'submit_only', 'file_upload', '2-方案设计/2.9 电气功能框图', NULL, 1, '2026-06-26 10:15:32', '2026-06-26 10:15:32');
INSERT INTO `stage_document_templates` VALUES (830, 'v20260625', 2, 'solution', '方案设计阶段', '2.10', 10, '软件功能框图', 1, '软件工程师', '技术负责人确认', 'rd_center', 'rd_center', 'submit_only', 'file_upload', '2-方案设计/2.10 软件功能框图', NULL, 1, '2026-06-26 10:15:32', '2026-06-26 10:15:32');
INSERT INTO `stage_document_templates` VALUES (831, 'v20260625', 2, 'solution', '方案设计阶段', '2.11', 11, '项目方案PPT', 1, '技术负责人', '项目经理确认', 'rd_center', NULL, 'submit_only', 'file_upload', '2-方案设计/2.11 项目方案PPT', NULL, 1, '2026-06-26 10:15:32', '2026-06-26 10:15:32');
INSERT INTO `stage_document_templates` VALUES (832, 'v20260625', 2, 'solution', '方案设计阶段', '2.12', 12, '方案评审记录表（内部方案评审）', 1, '技术负责人', '项目经理组织并确认', 'rd_center', NULL, 'approval_required', 'file_upload', '2-方案设计/2.12 方案评审记录表（内部方案评审）', NULL, 1, '2026-06-26 10:15:32', '2026-06-26 10:15:32');
INSERT INTO `stage_document_templates` VALUES (833, 'v20260625', 2, 'solution', '方案设计阶段', '2.13', 13, '方案评审记录表（客户方案评审）', 1, '技术负责人', '营销组织，客户和项目经理确认', 'rd_center', 'marketing_center', 'approval_required', 'file_upload', '2-方案设计/2.13 方案评审记录表（客户方案评审）', NULL, 1, '2026-06-26 10:15:32', '2026-06-26 10:15:32');
INSERT INTO `stage_document_templates` VALUES (834, 'v20260625', 2, 'solution', '方案设计阶段', '2.14', 14, '成本估算表', 1, '研发、制造、运营协作', '研发、制造、运营协作，总经理批准', 'rd_center', 'operations_center', 'approval_required', 'mixed', '2-方案设计/2.14 成本估算表', NULL, 1, '2026-06-26 10:15:32', '2026-06-26 10:15:32');
INSERT INTO `stage_document_templates` VALUES (835, 'v20260625', 2, 'solution', '方案设计阶段', '2.15', 15, '报价单', 1, '营销人员', '总经理批准，客户确认', 'marketing_center', NULL, 'approval_required', 'file_upload', '2-方案设计/2.15 报价单', NULL, 1, '2026-06-26 10:15:32', '2026-06-26 10:15:32');
INSERT INTO `stage_document_templates` VALUES (836, 'v20260625', 3, 'contract', '合同签订阶段', '3.1', 1, '技术协议', 1, '技术负责人', '客户签字盖章，营销组织', 'rd_center', 'marketing_center', 'approval_required', 'file_upload', '3-合同签订/3.1 技术协议', NULL, 1, '2026-06-26 10:15:32', '2026-06-26 10:15:32');
INSERT INTO `stage_document_templates` VALUES (837, 'v20260625', 3, 'contract', '合同签订阶段', '3.2', 2, '销售合同', 1, '营销人员', '客户签字盖章', 'marketing_center', NULL, 'approval_required', 'file_upload', '3-合同签订/3.2 销售合同', NULL, 1, '2026-06-26 10:15:32', '2026-06-26 10:15:32');
INSERT INTO `stage_document_templates` VALUES (838, 'v20260625', 3, 'contract', '合同签订阶段', '3.3', 3, '合同审核记录表（销售合同）', 1, '合同审核人员', '总经理或运营审核对象待业务确认', 'operations_center', 'operations_center', 'approval_required', 'file_upload', '3-合同签订/3.3 合同审核记录表（销售合同）', NULL, 1, '2026-06-26 10:15:32', '2026-06-26 10:15:32');
INSERT INTO `stage_document_templates` VALUES (839, 'v20260625', 3, 'contract', '合同签订阶段', '3.4', 4, '发票（预付款）', 0, '财务人员', '财务开票，营销协调客户付款', 'operations_center', 'marketing_center', 'submit_only', 'file_upload', '3-合同签订/3.4 发票（预付款）', NULL, 1, '2026-06-26 10:15:32', '2026-06-26 10:15:32');
INSERT INTO `stage_document_templates` VALUES (840, 'v20260625', 4, 'detailedDesign', '详细设计阶段', '4.1', 1, '项目启动书', 1, '制造中心', '制造中心组织项目启动会', 'manufacturing_center', 'manufacturing_center', 'submit_only', 'file_upload', '4-详细设计/4.1 项目启动书', NULL, 1, '2026-06-26 10:15:32', '2026-06-26 10:15:32');
INSERT INTO `stage_document_templates` VALUES (841, 'v20260625', 4, 'detailedDesign', '详细设计阶段', '4.2', 2, '详细设计工作计划', 1, '项目经理', '项目经理确认', 'rd_center', NULL, 'submit_only', 'file_upload', '4-详细设计/4.2 详细设计工作计划', NULL, 1, '2026-06-26 10:15:32', '2026-06-26 10:15:32');
INSERT INTO `stage_document_templates` VALUES (842, 'v20260625', 4, 'detailedDesign', '详细设计阶段', '4.3', 3, '3D模型', 1, '机械工程师', '技术负责人确认', 'rd_center', 'rd_center', 'submit_only', 'file_upload', '4-详细设计/4.3 3D模型', NULL, 1, '2026-06-26 10:15:32', '2026-06-26 10:15:32');
INSERT INTO `stage_document_templates` VALUES (843, 'v20260625', 4, 'detailedDesign', '详细设计阶段', '4.4', 4, '电气原理图', 1, '电气工程师', '技术负责人确认', 'rd_center', 'rd_center', 'submit_only', 'file_upload', '4-详细设计/4.4 电气原理图', NULL, 1, '2026-06-26 10:15:32', '2026-06-26 10:15:32');
INSERT INTO `stage_document_templates` VALUES (844, 'v20260625', 4, 'detailedDesign', '详细设计阶段', '4.5', 5, '电气接线图', 1, '电气工程师', '技术负责人确认', 'rd_center', 'rd_center', 'submit_only', 'file_upload', '4-详细设计/4.5 电气接线图', NULL, 1, '2026-06-26 10:15:32', '2026-06-26 10:15:32');
INSERT INTO `stage_document_templates` VALUES (845, 'v20260625', 4, 'detailedDesign', '详细设计阶段', '4.6', 6, '电气布置图', 1, '电气工程师', '技术负责人确认', 'rd_center', 'rd_center', 'submit_only', 'file_upload', '4-详细设计/4.6 电气布置图', NULL, 1, '2026-06-26 10:15:32', '2026-06-26 10:15:32');
INSERT INTO `stage_document_templates` VALUES (846, 'v20260625', 4, 'detailedDesign', '详细设计阶段', '4.7', 7, '控制逻辑流程图', 1, '软件/自动化工程师', '技术负责人确认', 'rd_center', 'rd_center', 'submit_only', 'file_upload', '4-详细设计/4.7 控制逻辑流程图', NULL, 1, '2026-06-26 10:15:32', '2026-06-26 10:15:32');
INSERT INTO `stage_document_templates` VALUES (847, 'v20260625', 4, 'detailedDesign', '详细设计阶段', '4.8', 8, '自动化程序', 1, '软件/自动化工程师', '技术负责人确认', 'rd_center', 'rd_center', 'submit_only', 'file_upload', '4-详细设计/4.8 自动化程序', NULL, 1, '2026-06-26 10:15:32', '2026-06-26 10:15:32');
INSERT INTO `stage_document_templates` VALUES (848, 'v20260625', 4, 'detailedDesign', '详细设计阶段', '4.9', 9, '软件开发说明文档', 1, '软件工程师', '技术负责人确认', 'rd_center', 'rd_center', 'submit_only', 'file_upload', '4-详细设计/4.9 软件开发说明文档', NULL, 1, '2026-06-26 10:15:32', '2026-06-26 10:15:32');
INSERT INTO `stage_document_templates` VALUES (849, 'v20260625', 4, 'detailedDesign', '详细设计阶段', '4.10', 10, 'UI界面设计PPT', 1, '软件/UI人员', '技术负责人确认', 'rd_center', 'rd_center', 'submit_only', 'file_upload', '4-详细设计/4.10 UI界面设计PPT', NULL, 1, '2026-06-26 10:15:32', '2026-06-26 10:15:32');
INSERT INTO `stage_document_templates` VALUES (850, 'v20260625', 4, 'detailedDesign', '详细设计阶段', '4.11', 11, '软件代码', 1, '软件工程师', '技术负责人确认', 'rd_center', 'rd_center', 'submit_only', 'file_upload', '4-详细设计/4.11 软件代码', NULL, 1, '2026-06-26 10:15:32', '2026-06-26 10:15:32');
INSERT INTO `stage_document_templates` VALUES (851, 'v20260625', 4, 'detailedDesign', '详细设计阶段', '4.12', 12, '设计评审记录表（内部设计评审）', 1, '技术负责人', '项目经理组织并确认', 'rd_center', NULL, 'approval_required', 'file_upload', '4-详细设计/4.12 设计评审记录表（内部设计评审）', NULL, 1, '2026-06-26 10:15:32', '2026-06-26 10:15:32');
INSERT INTO `stage_document_templates` VALUES (852, 'v20260625', 4, 'detailedDesign', '详细设计阶段', '4.13', 13, '设计评审记录表（客户设计评审）', 1, '技术负责人', '营销组织，客户和项目经理确认', 'rd_center', 'marketing_center', 'approval_required', 'file_upload', '4-详细设计/4.13 设计评审记录表（客户设计评审）', NULL, 1, '2026-06-26 10:15:32', '2026-06-26 10:15:32');
INSERT INTO `stage_document_templates` VALUES (853, 'v20260625', 4, 'detailedDesign', '详细设计阶段', '4.14', 14, '产品平面图', 1, '机械工程师', '技术负责人确认', 'rd_center', 'rd_center', 'submit_only', 'file_upload', '4-详细设计/4.14 产品平面图', NULL, 1, '2026-06-26 10:15:32', '2026-06-26 10:15:32');
INSERT INTO `stage_document_templates` VALUES (854, 'v20260625', 4, 'detailedDesign', '详细设计阶段', '4.15', 15, '产品零部件清单', 1, '各专业组成员、技术负责人', '技术负责人确认', 'rd_center', 'rd_center', 'submit_only', 'file_upload', '4-详细设计/4.15 产品零部件清单', NULL, 1, '2026-06-26 10:15:32', '2026-06-26 10:15:32');
INSERT INTO `stage_document_templates` VALUES (855, 'v20260625', 4, 'detailedDesign', '详细设计阶段', '4.16', 16, '图纸审查记录', 1, '图纸审查人员', '项目经理组织，研发负责人或图纸审查人员确认', 'rd_center', 'rd_center', 'approval_required', 'file_upload', '4-详细设计/4.16 图纸审查记录', NULL, 1, '2026-06-26 10:15:32', '2026-06-26 10:15:32');
INSERT INTO `stage_document_templates` VALUES (856, 'v20260625', 4, 'detailedDesign', '详细设计阶段', '4.17', 17, '客户会签记录', 1, '营销人员/项目经理', '客户和项目经理确认', 'marketing_center', 'marketing_center', 'approval_required', 'file_upload', '4-详细设计/4.17 客户会签记录', NULL, 1, '2026-06-26 10:15:32', '2026-06-26 10:15:32');
INSERT INTO `stage_document_templates` VALUES (857, 'v20260625', 5, 'manufacturing', '生产制作阶段', '5.1', 1, '采购申请表', 1, '技术负责人', '制造中心接收，采购审批流程另行建模', 'rd_center', 'manufacturing_center', 'approval_required', 'file_upload', '5-生产制作/5.1 采购申请表', NULL, 1, '2026-06-26 10:15:32', '2026-06-26 10:15:32');
INSERT INTO `stage_document_templates` VALUES (858, 'v20260625', 5, 'manufacturing', '生产制作阶段', '5.2', 2, '比价表', 1, '采购人员', '制造中心确认', 'manufacturing_center', 'manufacturing_center', 'submit_only', 'file_upload', '5-生产制作/5.2 比价表', NULL, 1, '2026-06-26 10:15:32', '2026-06-26 10:15:32');
INSERT INTO `stage_document_templates` VALUES (859, 'v20260625', 5, 'manufacturing', '生产制作阶段', '5.3', 3, '采购合同', 1, '采购人员', '供应商签署，合同状态流另行建模', 'manufacturing_center', 'manufacturing_center', 'approval_required', 'file_upload', '5-生产制作/5.3 采购合同', NULL, 1, '2026-06-26 10:15:32', '2026-06-26 10:15:32');
INSERT INTO `stage_document_templates` VALUES (860, 'v20260625', 5, 'manufacturing', '生产制作阶段', '5.4', 4, '采购合同审核记录表', 1, '合同审核人员', '总经理或运营审核对象待业务确认', 'operations_center', 'operations_center', 'approval_required', 'file_upload', '5-生产制作/5.4 采购合同审核记录表', NULL, 1, '2026-06-26 10:15:32', '2026-06-26 10:15:32');
INSERT INTO `stage_document_templates` VALUES (861, 'v20260625', 5, 'manufacturing', '生产制作阶段', '5.5', 5, '作业指导书', 1, '技术负责人', '技术负责人确认', 'rd_center', 'rd_center', 'submit_only', 'file_upload', '5-生产制作/5.5 作业指导书', NULL, 1, '2026-06-26 10:15:32', '2026-06-26 10:15:32');
INSERT INTO `stage_document_templates` VALUES (862, 'v20260625', 5, 'manufacturing', '生产制作阶段', '5.6', 6, '产品使用说明书', 1, '技术负责人', '项目经理确认', 'rd_center', 'rd_center', 'submit_only', 'file_upload', '5-生产制作/5.6 产品使用说明书', NULL, 1, '2026-06-26 10:15:32', '2026-06-26 10:15:32');
INSERT INTO `stage_document_templates` VALUES (863, 'v20260625', 5, 'manufacturing', '生产制作阶段', '5.7', 7, '产品维护保养手册', 1, '技术负责人', '项目经理确认', 'rd_center', 'rd_center', 'submit_only', 'file_upload', '5-生产制作/5.7 产品维护保养手册', NULL, 1, '2026-06-26 10:15:32', '2026-06-26 10:15:32');
INSERT INTO `stage_document_templates` VALUES (864, 'v20260625', 5, 'manufacturing', '生产制作阶段', '5.8', 8, '产品培训PPT', 1, '技术负责人', '项目经理确认', 'rd_center', 'rd_center', 'submit_only', 'file_upload', '5-生产制作/5.8 产品培训PPT', NULL, 1, '2026-06-26 10:15:32', '2026-06-26 10:15:32');
INSERT INTO `stage_document_templates` VALUES (865, 'v20260625', 5, 'manufacturing', '生产制作阶段', '5.9', 9, '检验单', 1, '质检人员/制造中心人员', '质检人员或制造中心确认，组织口径待业务确认', 'manufacturing_center', 'manufacturing_center', 'approval_required', 'file_upload', '5-生产制作/5.9 检验单', NULL, 1, '2026-06-26 10:15:32', '2026-06-26 10:15:32');
INSERT INTO `stage_document_templates` VALUES (866, 'v20260625', 5, 'manufacturing', '生产制作阶段', '5.10', 10, '入库单', 1, '库管人员', '库管人员编写，制造中心确认', 'manufacturing_center', 'manufacturing_center', 'submit_only', 'file_upload', '5-生产制作/5.10 入库单', NULL, 1, '2026-06-26 10:15:32', '2026-06-26 10:15:32');
INSERT INTO `stage_document_templates` VALUES (867, 'v20260625', 5, 'manufacturing', '生产制作阶段', '5.11', 11, '领料单', 1, '库管人员', '库管人员编写，制造中心确认', 'manufacturing_center', 'manufacturing_center', 'submit_only', 'file_upload', '5-生产制作/5.11 领料单', NULL, 1, '2026-06-26 10:15:32', '2026-06-26 10:15:32');
INSERT INTO `stage_document_templates` VALUES (868, 'v20260625', 5, 'manufacturing', '生产制作阶段', '5.12', 12, '安装调试记录（厂内）', 1, '制造中心人员', '制造中心确认', 'manufacturing_center', 'manufacturing_center', 'approval_required', 'file_upload', '5-生产制作/5.12 安装调试记录（厂内）', NULL, 1, '2026-06-26 10:15:32', '2026-06-26 10:15:32');
INSERT INTO `stage_document_templates` VALUES (869, 'v20260625', 5, 'manufacturing', '生产制作阶段', '5.13', 13, '3D模型（设计变更）', 0, '设计变更人员', '项目经理确认对象待业务确认', 'rd_center', 'rd_center', 'conditional_submit', 'file_upload', '5-生产制作/5.13 3D模型（设计变更）', NULL, 1, '2026-06-26 10:15:32', '2026-06-26 10:15:32');
INSERT INTO `stage_document_templates` VALUES (870, 'v20260625', 5, 'manufacturing', '生产制作阶段', '5.14', 14, '产品平面图（设计变更）', 0, '设计变更人员', '项目经理确认对象待业务确认', 'rd_center', 'rd_center', 'conditional_submit', 'file_upload', '5-生产制作/5.14 产品平面图（设计变更）', NULL, 1, '2026-06-26 10:15:32', '2026-06-26 10:15:32');
INSERT INTO `stage_document_templates` VALUES (871, 'v20260625', 5, 'manufacturing', '生产制作阶段', '5.15', 15, '零部件清单（设计变更）', 0, '设计变更人员', '制造中心接收变更资料', 'rd_center', 'manufacturing_center', 'conditional_submit', 'file_upload', '5-生产制作/5.15 零部件清单（设计变更）', NULL, 1, '2026-06-26 10:15:32', '2026-06-26 10:15:32');
INSERT INTO `stage_document_templates` VALUES (872, 'v20260625', 5, 'manufacturing', '生产制作阶段', '5.16', 16, '技术通知单（设计变更）', 0, '设计变更人员', '制造中心接收技术通知', 'rd_center', 'manufacturing_center', 'conditional_submit', 'file_upload', '5-生产制作/5.16 技术通知单（设计变更）', NULL, 1, '2026-06-26 10:15:32', '2026-06-26 10:15:32');
INSERT INTO `stage_document_templates` VALUES (873, 'v20260625', 5, 'manufacturing', '生产制作阶段', '5.17', 17, '自验收报告', 1, '制造中心人员', '制造中心确认', 'manufacturing_center', 'manufacturing_center', 'approval_required', 'file_upload', '5-生产制作/5.17 自验收报告', NULL, 1, '2026-06-26 10:15:32', '2026-06-26 10:15:32');
INSERT INTO `stage_document_templates` VALUES (874, 'v20260625', 6, 'preAcceptance', '预验收阶段', '6.1', 1, '预验收单', 1, '制造中心人员', '营销组织客户预验收，客户和项目经理确认', 'manufacturing_center', 'marketing_center', 'approval_required', 'file_upload', '6-预验收/6.1 预验收单', NULL, 1, '2026-06-26 10:15:32', '2026-06-26 10:15:32');
INSERT INTO `stage_document_templates` VALUES (875, 'v20260625', 6, 'preAcceptance', '预验收阶段', '6.2', 2, '发票（发货款）', 0, '财务人员', '财务开票，营销协调客户付款', 'operations_center', 'marketing_center', 'submit_only', 'file_upload', '6-预验收/6.2 发票（发货款）', NULL, 1, '2026-06-26 10:15:32', '2026-06-26 10:15:32');
INSERT INTO `stage_document_templates` VALUES (876, 'v20260625', 7, 'finalAcceptance', '终验收阶段', '7.1', 1, '发货单', 1, '制造中心人员', '制造中心确认', 'manufacturing_center', 'manufacturing_center', 'submit_only', 'file_upload', '7-终验收/7.1 发货单', NULL, 1, '2026-06-26 10:15:32', '2026-06-26 10:15:32');
INSERT INTO `stage_document_templates` VALUES (877, 'v20260625', 7, 'finalAcceptance', '终验收阶段', '7.2', 2, '安装调试记录（现场）', 1, '制造中心人员', '客户确认对象待业务确认', 'manufacturing_center', 'manufacturing_center', 'approval_required', 'file_upload', '7-终验收/7.2 安装调试记录（现场）', NULL, 1, '2026-06-26 10:15:32', '2026-06-26 10:15:32');
INSERT INTO `stage_document_templates` VALUES (878, 'v20260625', 7, 'finalAcceptance', '终验收阶段', '7.3', 3, '终验收单', 1, '制造中心人员', '营销组织客户终验收，客户和项目经理确认', 'manufacturing_center', 'marketing_center', 'approval_required', 'file_upload', '7-终验收/7.3 终验收单', NULL, 1, '2026-06-26 10:15:32', '2026-06-26 10:15:32');
INSERT INTO `stage_document_templates` VALUES (879, 'v20260625', 7, 'finalAcceptance', '终验收阶段', '7.4', 4, '培训记录表', 1, '培训主讲人员', '客户和项目经理确认', 'marketing_center', 'marketing_center', 'approval_required', 'file_upload', '7-终验收/7.4 培训记录表', NULL, 1, '2026-06-26 10:15:32', '2026-06-26 10:15:32');
INSERT INTO `stage_document_templates` VALUES (880, 'v20260625', 8, 'closeout', '结题阶段', '8.1', 1, '发票（尾款）', 0, '财务人员', '财务开票，营销协调客户付款', 'operations_center', 'marketing_center', 'submit_only', 'file_upload', '8-结题/8.1 发票（尾款）', NULL, 1, '2026-06-26 10:15:32', '2026-06-26 10:15:32');
INSERT INTO `stage_document_templates` VALUES (881, 'v20260625', 8, 'closeout', '结题阶段', '8.2', 2, '项目结题报告', 1, '项目经理', '项目经理编写，总经理或相关负责人确认', NULL, NULL, 'submit_only', 'file_upload', '8-结题/8.2 项目结题报告', NULL, 1, '2026-06-26 10:15:32', '2026-06-26 10:15:32');

-- ----------------------------
-- Table structure for users
-- ----------------------------
DROP TABLE IF EXISTS `users`;
CREATE TABLE `users`  (
  `id` bigint UNSIGNED NOT NULL AUTO_INCREMENT,
  `account` varchar(64) CHARACTER SET utf8mb4 COLLATE utf8mb4_unicode_ci NOT NULL,
  `display_name` varchar(128) CHARACTER SET utf8mb4 COLLATE utf8mb4_unicode_ci NOT NULL,
  `department` varchar(128) CHARACTER SET utf8mb4 COLLATE utf8mb4_unicode_ci NULL DEFAULT NULL,
  `organization_role` varchar(64) CHARACTER SET utf8mb4 COLLATE utf8mb4_unicode_ci NOT NULL DEFAULT 'employee',
  `role` varchar(64) CHARACTER SET utf8mb4 COLLATE utf8mb4_unicode_ci NOT NULL,
  `job_title` varchar(100) CHARACTER SET utf8mb4 COLLATE utf8mb4_unicode_ci NULL DEFAULT NULL COMMENT '岗位名称',
  `is_enabled` tinyint(1) NOT NULL DEFAULT 1,
  `is_platform_admin` tinyint(1) NOT NULL DEFAULT 0,
  `file_platform_user_id` varchar(128) CHARACTER SET utf8mb4 COLLATE utf8mb4_unicode_ci NULL DEFAULT NULL,
  `password_hash` varchar(255) CHARACTER SET utf8mb4 COLLATE utf8mb4_unicode_ci NOT NULL,
  `password_updated_at` datetime NULL DEFAULT NULL,
  `created_at` timestamp NOT NULL DEFAULT CURRENT_TIMESTAMP,
  `updated_at` timestamp NOT NULL DEFAULT CURRENT_TIMESTAMP ON UPDATE CURRENT_TIMESTAMP,
  PRIMARY KEY (`id`) USING BTREE,
  UNIQUE INDEX `uk_users_account`(`account` ASC) USING BTREE
) ENGINE = InnoDB AUTO_INCREMENT = 284 CHARACTER SET = utf8mb4 COLLATE = utf8mb4_unicode_ci ROW_FORMAT = DYNAMIC;

-- ----------------------------
-- Records of users
-- ----------------------------
INSERT INTO `users` VALUES (1, 'rd_manager', '易敏', 'rd_center', 'center_manager', '总监', NULL, 1, 0, NULL, 'pbkdf2_sha256$120000$0de87bc3e6bd2e9d94b98999f2568788$dcb3a7c34892b5a749436a86c4fe54b42c37895368e0bc59cc665f40cf48704c', '2026-06-25 14:58:30', '2026-06-25 14:58:30', '2026-06-25 14:58:30');
INSERT INTO `users` VALUES (2, 'rd_staff_1', '郭鹏辉', 'rd_center', 'employee', '机械设计师', NULL, 1, 0, NULL, 'pbkdf2_sha256$120000$510c9e39703d50bba042305b2e08c8f6$4ce4e952bf660f30e5d37f107111a68c77f112c08a4a8a169e9b1bd80812e1ec', '2026-06-25 14:58:30', '2026-06-25 14:58:30', '2026-06-25 14:58:30');
INSERT INTO `users` VALUES (3, 'rd_staff_2', '符聪', 'rd_center', 'employee', '机械设计师', NULL, 1, 0, NULL, 'pbkdf2_sha256$120000$ce0031c72f4cf1c8a3f3260e0eaa9288$866798fbb48a1537b3c1d37bfdb0f016427ce0505afad86c6ece3589a0d073b3', '2026-06-25 14:58:30', '2026-06-25 14:58:30', '2026-06-25 14:58:30');
INSERT INTO `users` VALUES (4, 'rd_staff_3', '李果', 'rd_center', 'employee', '机械设计师', NULL, 1, 0, NULL, 'pbkdf2_sha256$120000$fd5527049439e0346a682d63c52ebb22$c55a5c5cd05ea5d170d304f4b86d7783e36f7a5635faf493d7773368931ff84f', '2026-06-25 14:58:30', '2026-06-25 14:58:30', '2026-06-25 14:58:30');
INSERT INTO `users` VALUES (5, 'rd_staff_4', '杨照国', 'rd_center', 'employee', '机械设计师', NULL, 1, 0, NULL, 'pbkdf2_sha256$120000$fcaa0f2ea30d6293c99b57a00923e3b4$978f315bcc4b5cd2ab1597f93292d09fbad52ca58ff14c8e76e312b6782d0680', '2026-06-25 14:58:30', '2026-06-25 14:58:30', '2026-06-25 14:58:30');
INSERT INTO `users` VALUES (6, 'rd_staff_5', '沈永华', 'rd_center', 'employee', '机械设计师', NULL, 1, 0, NULL, 'pbkdf2_sha256$120000$aafc4b19311831faff68be0e7c8c5306$f7a35d3359d107b1dba96217f810bc9421b7c9f20336ac9ae62d4b797ff36542', '2026-06-25 14:58:30', '2026-06-25 14:58:30', '2026-06-25 14:58:30');
INSERT INTO `users` VALUES (7, 'rd_staff_6', '李黎明', 'rd_center', 'employee', '机械设计师', NULL, 1, 0, NULL, 'pbkdf2_sha256$120000$9b76415234e805a8b5dba8f51796799d$62ee8f462f375981d309fd7b8e105d7d4d25d207fcc8729a5a733cfe67a5a506', '2026-06-25 14:58:30', '2026-06-25 14:58:30', '2026-06-25 14:58:30');
INSERT INTO `users` VALUES (8, 'rd_staff_7', '陈芋如', 'rd_center', 'employee', '软件组主管', NULL, 1, 0, NULL, 'pbkdf2_sha256$120000$b5993d811722e5aff0fa685aff5ee2b1$1a592fca0ca00c18049d8df11ccba2b237fe211eb95b4795b19911547dd88871', '2026-06-25 14:58:30', '2026-06-25 14:58:30', '2026-06-25 14:58:30');
INSERT INTO `users` VALUES (9, 'rd_staff_8', '周厚贵', 'rd_center', 'employee', '软件设计师', NULL, 1, 0, NULL, 'pbkdf2_sha256$120000$ea4ff8b4e752fea134ad9cb6d06d363a$23d5dbf924ffab89dd1e49f430c50135b6498c48cf15eacbd6c27b447acefc2b', '2026-06-25 14:58:30', '2026-06-25 14:58:30', '2026-06-25 14:58:30');
INSERT INTO `users` VALUES (10, 'rd_staff_9', '吴静一', 'rd_center', 'employee', '软件设计师', NULL, 1, 0, NULL, 'pbkdf2_sha256$120000$7dabaac88c687b2cdfc251d8e9c736eb$f03d511647a4ac38e0cf20e6b014a11228f4655810de1db493d2643f0f61d400', '2026-06-25 14:58:31', '2026-06-25 14:58:31', '2026-06-25 14:58:31');
INSERT INTO `users` VALUES (11, 'rd_staff_10', '尹志勇', 'rd_center', 'employee', '电气设计师', NULL, 1, 0, NULL, 'pbkdf2_sha256$120000$888cb9e5c7f2ca4f10c10b2970985382$0eeab3338dac803244282658465b6af61995e3baa2a4a94140308ced76f78230', '2026-06-25 14:58:31', '2026-06-25 14:58:31', '2026-06-25 14:58:31');
INSERT INTO `users` VALUES (12, 'rd_staff_11', '罗阳洋', 'rd_center', 'employee', '电气设计师', NULL, 1, 0, NULL, 'pbkdf2_sha256$120000$f56667550cc6dc87269dc615a08b3874$c2e0f974653c90ddc606463cfd91661e6d0318728fb6c95defc11f534a40bfcf', '2026-06-25 14:58:31', '2026-06-25 14:58:31', '2026-06-25 14:58:31');
INSERT INTO `users` VALUES (13, 'manufacturing_manager', '吴波', 'manufacturing_center', 'center_manager', '总监', NULL, 1, 0, NULL, 'pbkdf2_sha256$120000$1ca0a435afc6024e61d9224dea221c35$7beda3e6192a00c02518b14cf0fbbac68cfcd2c37e77475f0e69ee39e7752c7a', '2026-06-25 14:58:31', '2026-06-25 14:58:31', '2026-06-25 14:58:31');
INSERT INTO `users` VALUES (14, 'manufacturing_staff_1', '梁爱华', 'manufacturing_center', 'employee', '采购主管', NULL, 1, 0, NULL, 'pbkdf2_sha256$120000$31187d8410897b8aae12bbdad507dee0$5fc83c7ac92d9af44a26a684cb56ab77ae1760c5f25c9f80eb01f450bb1d0720', '2026-06-25 14:58:31', '2026-06-25 14:58:31', '2026-06-25 14:58:31');
INSERT INTO `users` VALUES (15, 'manufacturing_staff_2', '杨勇', 'manufacturing_center', 'employee', '电工', NULL, 1, 0, NULL, 'pbkdf2_sha256$120000$5e7082ec0fd0e1ad789fbf353e0f3c57$2683cad7ad4383ea174d27bfcec4b56664f53fe8f96f139497ca939bb9a8365d', '2026-06-25 14:58:31', '2026-06-25 14:58:31', '2026-06-25 14:58:31');
INSERT INTO `users` VALUES (16, 'manufacturing_staff_3', '杨冬义', 'manufacturing_center', 'employee', '电工', NULL, 1, 0, NULL, 'pbkdf2_sha256$120000$dae73f61ec428e9e07ffdcf24a8464a5$32fffdf25c9a77dd9922ae01b9c64c735ed303f97ba2bdb893a2da6f4b8e29f1', '2026-06-25 14:58:31', '2026-06-25 14:58:31', '2026-06-25 14:58:31');
INSERT INTO `users` VALUES (17, 'manufacturing_staff_4', '陈刚', 'manufacturing_center', 'employee', '钳工', NULL, 1, 0, NULL, 'pbkdf2_sha256$120000$12eb9a2b99ccaa03ef83ee834c99f4e3$78e4a30ecc285f343548cd3f5b9caf14d221db09189aad509d38a6c12ca14bcd', '2026-06-25 14:58:31', '2026-06-25 14:58:31', '2026-06-25 14:58:31');
INSERT INTO `users` VALUES (18, 'manufacturing_staff_5', '彭强', 'manufacturing_center', 'employee', '钳工', NULL, 1, 0, NULL, 'pbkdf2_sha256$120000$8de754f0c419b7370d5bb15ea5f83616$ef5f2551fc16c90817425547d0fcc4de0ed804e9f58a112c5846fadbedc75d46', '2026-06-25 14:58:31', '2026-06-25 14:58:31', '2026-06-25 14:58:31');
INSERT INTO `users` VALUES (19, 'manufacturing_staff_6', '王暑栗', 'manufacturing_center', 'employee', '质检', NULL, 1, 0, NULL, 'pbkdf2_sha256$120000$d8275194e773234a6922d0a50f08fc8a$e0c7db334b65809338f3ff4e193b52dd08b01b150b97e96f0758e8656fa7d727', '2026-06-25 14:58:31', '2026-06-25 14:58:31', '2026-06-25 14:58:31');
INSERT INTO `users` VALUES (20, 'marketing_manager', '夏小兵', 'marketing_center', 'center_manager', '主管', NULL, 1, 0, NULL, 'pbkdf2_sha256$120000$b20df4951cb370fcea720b5f3cd3d779$6b6e888738fa1232f9e01f42854b30ca0faedef4f0c3053afd0514c151c4cf61', '2026-06-25 14:58:31', '2026-06-25 14:58:31', '2026-06-25 14:58:31');
INSERT INTO `users` VALUES (21, 'marketing_staff_1', '黄柏宇', 'marketing_center', 'employee', '市场专员', NULL, 0, 0, NULL, 'pbkdf2_sha256$120000$2ad8aa57cbef8e65cc52db888b0425f4$4f0f09d9eb1638150b020da57d0e18a09fc15cef59d55f9c906bbfa753ec07e4', '2026-06-25 14:58:31', '2026-06-25 14:58:31', '2026-06-30 09:48:18');
INSERT INTO `users` VALUES (22, 'operations_staff_1', '唐利', 'operations_center', 'employee', '行政人事', NULL, 1, 0, NULL, 'pbkdf2_sha256$120000$a2b44371a731bcf46d736e95f0db27c5$03205e06339c32f77a2f2df51b8228f4458efdbfce9437d2aa08e4944b956d51', '2026-06-25 14:58:31', '2026-06-25 14:58:31', '2026-06-25 14:58:31');
INSERT INTO `users` VALUES (23, 'operations_manager', '彭霞', 'operations_center', 'center_manager', '财务主管', NULL, 1, 0, NULL, 'pbkdf2_sha256$120000$563c0603c8a2c7a9f6770a7f9685607a$2c3c94ad296d1e960f3807c617fb93b57472d646ec66621738facad57609cd08', '2026-06-25 14:58:31', '2026-06-25 14:58:31', '2026-06-25 14:58:31');
INSERT INTO `users` VALUES (24, 'operations_staff_2', '余韦', 'operations_center', 'employee', '库房管理', NULL, 1, 0, NULL, 'pbkdf2_sha256$120000$8f35fe24883574f4921417c8ed028fea$e2964c52a173368bf3d71f3d17a67e32fa6dc2b4878e9fb85ce6a1db0b5505be', '2026-06-25 14:58:31', '2026-06-25 14:58:31', '2026-06-25 14:58:31');
INSERT INTO `users` VALUES (25, 'gm', '陈进伟', NULL, 'general_manager', '总经理', NULL, 1, 0, NULL, 'pbkdf2_sha256$120000$56cfbc7f76eabb90ac4cca863385b8f2$01a8b99ecfdf38e366eecbf0be0f49fc3d8e03037d59b946d99ff46a49a2180f', '2026-06-25 14:58:31', '2026-06-25 14:58:31', '2026-06-25 14:58:31');
INSERT INTO `users` VALUES (26, 'gm_assistant', '周先生', NULL, 'general_manager_assistant', '总经理助理', NULL, 1, 0, NULL, 'pbkdf2_sha256$120000$4578ec22fa9898febf4f8dc3d24bf89d$62846710f25922919831598c9e1f0980ae3761d0d9ce68ab77be507f8264dab3', '2026-06-25 14:58:31', '2026-06-25 14:58:31', '2026-06-25 14:58:31');
INSERT INTO `users` VALUES (27, 'sysadmin', '系统管理员', NULL, 'system_admin', '系统管理员', NULL, 1, 1, NULL, 'pbkdf2_sha256$120000$6fe6a9525efacab9ab58d2fa547b7307$1e55930da54388741d4dd1d7f53007439bbed087506bb412afa9dd86894f9773', '2026-06-25 14:58:31', '2026-06-25 14:58:31', '2026-06-30 09:37:30');
INSERT INTO `users` VALUES (102, 'test01', '测试01', 'rd_center', 'employee', '电气设计师', NULL, 0, 0, NULL, 'pbkdf2_sha256$120000$5ad85b18d5c4cda702211a87f836c25c$7f387443a6a80b354e669d92c6891b676660bde278f042fad6461b7db211111e', '2026-06-30 09:33:30', '2026-06-30 09:24:21', '2026-06-30 09:55:00');
INSERT INTO `users` VALUES (103, 'test02', '测试02', NULL, 'system_admin', '机械设计师', NULL, 0, 1, NULL, 'pbkdf2_sha256$120000$7d1c66826e0aab9a9cc76d4ed7f4f574$989f755471be94b56874193fdf653d7593c3d8e9dfe84ce76bf065eb4af9c35e', '2026-06-30 09:31:11', '2026-06-30 09:31:11', '2026-06-30 09:41:04');

-- ----------------------------
-- Table structure for weekly_report_plans
-- ----------------------------
DROP TABLE IF EXISTS `weekly_report_plans`;
CREATE TABLE `weekly_report_plans`  (
  `id` bigint UNSIGNED NOT NULL AUTO_INCREMENT,
  `weekly_report_id` bigint UNSIGNED NOT NULL,
  `sort_order` smallint UNSIGNED NOT NULL,
  `project_id` bigint UNSIGNED NULL DEFAULT NULL COMMENT '鍏宠仈椤圭洰ID',
  `work_task` varchar(500) CHARACTER SET utf8mb4 COLLATE utf8mb4_unicode_ci NOT NULL,
  `work_target` text CHARACTER SET utf8mb4 COLLATE utf8mb4_unicode_ci NOT NULL,
  `planned_date` date NOT NULL,
  `responsible_person` varchar(128) CHARACTER SET utf8mb4 COLLATE utf8mb4_unicode_ci NULL DEFAULT NULL,
  `created_at` timestamp NOT NULL DEFAULT CURRENT_TIMESTAMP,
  `updated_at` timestamp NOT NULL DEFAULT CURRENT_TIMESTAMP ON UPDATE CURRENT_TIMESTAMP,
  PRIMARY KEY (`id`) USING BTREE,
  UNIQUE INDEX `uk_weekly_report_plans_order`(`weekly_report_id` ASC, `sort_order` ASC) USING BTREE,
  INDEX `idx_weekly_report_plans_project_planned`(`project_id` ASC, `planned_date` ASC) USING BTREE,
  CONSTRAINT `fk_weekly_report_plans_project` FOREIGN KEY (`project_id`) REFERENCES `projects` (`id`) ON DELETE SET NULL ON UPDATE RESTRICT,
  CONSTRAINT `fk_weekly_report_plans_report` FOREIGN KEY (`weekly_report_id`) REFERENCES `weekly_reports` (`id`) ON DELETE CASCADE ON UPDATE RESTRICT
) ENGINE = InnoDB AUTO_INCREMENT = 85 CHARACTER SET = utf8mb4 COLLATE = utf8mb4_unicode_ci ROW_FORMAT = DYNAMIC;

-- ----------------------------
-- Records of weekly_report_plans
-- ----------------------------
INSERT INTO `weekly_report_plans` VALUES (55, 27, 1, 205, 'KRF20260630-1 / Test03', '测试项目流程中的立项阶段', '2026-06-29', '陈芋如', '2026-06-30 10:57:58', '2026-06-30 17:15:54');
INSERT INTO `weekly_report_plans` VALUES (56, 27, 2, 205, 'KRF20260630-1 / Test03', '测试项目流程中的方案设计阶段（20%）', '2026-06-30', '陈芋如', '2026-06-30 10:57:58', '2026-06-30 17:15:54');
INSERT INTO `weekly_report_plans` VALUES (57, 27, 3, 205, 'KRF20260630-1 / Test03', '测试项目流程中的方案设计阶段（40%）', '2026-07-01', '陈芋如', '2026-06-30 10:57:58', '2026-06-30 17:15:54');
INSERT INTO `weekly_report_plans` VALUES (58, 27, 4, 205, 'KRF20260630-1 / Test03', '测试项目流程中的方案设计阶段（60%）', '2026-07-02', '陈芋如', '2026-06-30 10:57:58', '2026-06-30 17:15:54');
INSERT INTO `weekly_report_plans` VALUES (59, 27, 5, 205, 'KRF20260630-1 / Test03', '测试项目流程中的方案设计阶段（100%）', '2026-07-03', '陈芋如', '2026-06-30 10:57:58', '2026-06-30 17:15:54');

-- ----------------------------
-- Table structure for weekly_report_summaries
-- ----------------------------
DROP TABLE IF EXISTS `weekly_report_summaries`;
CREATE TABLE `weekly_report_summaries`  (
  `id` bigint UNSIGNED NOT NULL AUTO_INCREMENT,
  `weekly_report_id` bigint UNSIGNED NOT NULL,
  `sort_order` smallint UNSIGNED NOT NULL,
  `project_id` bigint UNSIGNED NULL DEFAULT NULL COMMENT '鍏宠仈椤圭洰ID',
  `work_task` varchar(500) CHARACTER SET utf8mb4 COLLATE utf8mb4_unicode_ci NOT NULL,
  `work_target` text CHARACTER SET utf8mb4 COLLATE utf8mb4_unicode_ci NOT NULL,
  `planned_date` date NOT NULL,
  `completion_status` enum('completed','in_progress','not_completed','added') CHARACTER SET utf8mb4 COLLATE utf8mb4_unicode_ci NOT NULL,
  `completion_description` varchar(500) CHARACTER SET utf8mb4 COLLATE utf8mb4_unicode_ci NOT NULL,
  `completed_date` date NOT NULL,
  `created_at` timestamp NOT NULL DEFAULT CURRENT_TIMESTAMP,
  `updated_at` timestamp NOT NULL DEFAULT CURRENT_TIMESTAMP ON UPDATE CURRENT_TIMESTAMP,
  PRIMARY KEY (`id`) USING BTREE,
  UNIQUE INDEX `uk_weekly_report_summaries_order`(`weekly_report_id` ASC, `sort_order` ASC) USING BTREE,
  INDEX `idx_weekly_report_summaries_project_planned`(`project_id` ASC, `planned_date` ASC) USING BTREE,
  CONSTRAINT `fk_weekly_report_summaries_project` FOREIGN KEY (`project_id`) REFERENCES `projects` (`id`) ON DELETE SET NULL ON UPDATE RESTRICT,
  CONSTRAINT `fk_weekly_report_summaries_report` FOREIGN KEY (`weekly_report_id`) REFERENCES `weekly_reports` (`id`) ON DELETE CASCADE ON UPDATE RESTRICT
) ENGINE = InnoDB AUTO_INCREMENT = 87 CHARACTER SET = utf8mb4 COLLATE = utf8mb4_unicode_ci ROW_FORMAT = DYNAMIC;

-- ----------------------------
-- Records of weekly_report_summaries
-- ----------------------------
INSERT INTO `weekly_report_summaries` VALUES (64, 27, 1, 205, 'KRF20260630-1 / Test03', '测试周报（10%）', '2026-06-22', 'completed', '无异常', '2026-06-22', '2026-06-30 10:57:58', '2026-06-30 17:15:54');
INSERT INTO `weekly_report_summaries` VALUES (65, 27, 2, 205, 'KRF20260630-1 / Test03', '测试周报（30%）', '2026-06-23', 'completed', '无异常', '2026-06-23', '2026-06-30 10:57:58', '2026-06-30 17:15:54');
INSERT INTO `weekly_report_summaries` VALUES (66, 27, 3, 205, 'KRF20260630-1 / Test03', '测试周报（60%）', '2026-06-24', 'completed', '无异常', '2026-06-24', '2026-06-30 10:57:58', '2026-06-30 17:15:54');
INSERT INTO `weekly_report_summaries` VALUES (67, 27, 4, 205, 'KRF20260630-1 / Test03', '测试周报（80%）', '2026-06-25', 'completed', '无异常', '2026-06-25', '2026-06-30 10:57:58', '2026-06-30 17:15:54');
INSERT INTO `weekly_report_summaries` VALUES (68, 27, 5, 205, 'KRF20260630-1 / Test03', '测试周报（100%）', '2026-06-26', 'completed', '无异常', '2026-06-26', '2026-06-30 10:57:58', '2026-06-30 17:15:54');

-- ----------------------------
-- Table structure for weekly_reports
-- ----------------------------
DROP TABLE IF EXISTS `weekly_reports`;
CREATE TABLE `weekly_reports`  (
  `id` bigint UNSIGNED NOT NULL AUTO_INCREMENT,
  `user_id` bigint UNSIGNED NOT NULL,
  `week_start` date NOT NULL,
  `week_end` date NOT NULL,
  `status` enum('draft','submitted') CHARACTER SET utf8mb4 COLLATE utf8mb4_unicode_ci NOT NULL DEFAULT 'draft',
  `ai_score` json NULL COMMENT 'AI或规则评分结果缓存',
  `ai_evaluated_at` datetime NULL DEFAULT NULL,
  `ai_evaluation_source` enum('ai','fallback_rule') CHARACTER SET utf8mb4 COLLATE utf8mb4_unicode_ci NULL DEFAULT NULL,
  `ai_evaluation_error` varchar(1000) CHARACTER SET utf8mb4 COLLATE utf8mb4_unicode_ci NULL DEFAULT NULL,
  `final_score` decimal(5, 2) NULL DEFAULT NULL COMMENT '考核人最终评分，以人工填写为准',
  `final_grade` varchar(20) CHARACTER SET utf8mb4 COLLATE utf8mb4_unicode_ci NULL DEFAULT NULL COMMENT '按最终评分或人工口径确认的等级',
  `final_comment` text CHARACTER SET utf8mb4 COLLATE utf8mb4_unicode_ci NULL COMMENT '考核人最终评语',
  `final_reviewed_by_user_id` bigint UNSIGNED NULL DEFAULT NULL COMMENT '最终评分人用户ID',
  `final_reviewed_at` datetime NULL DEFAULT NULL COMMENT '最终评分确认时间',
  `created_at` timestamp NOT NULL DEFAULT CURRENT_TIMESTAMP,
  `updated_at` timestamp NOT NULL DEFAULT CURRENT_TIMESTAMP ON UPDATE CURRENT_TIMESTAMP,
  PRIMARY KEY (`id`) USING BTREE,
  UNIQUE INDEX `uk_weekly_reports_user_week`(`user_id` ASC, `week_start` ASC, `week_end` ASC) USING BTREE,
  INDEX `idx_weekly_reports_week_status_user`(`week_start` ASC, `status` ASC, `user_id` ASC) USING BTREE,
  INDEX `idx_weekly_reports_final_reviewer`(`final_reviewed_by_user_id` ASC) USING BTREE,
  CONSTRAINT `fk_weekly_reports_final_reviewer` FOREIGN KEY (`final_reviewed_by_user_id`) REFERENCES `users` (`id`) ON DELETE RESTRICT ON UPDATE RESTRICT,
  CONSTRAINT `fk_weekly_reports_user` FOREIGN KEY (`user_id`) REFERENCES `users` (`id`) ON DELETE RESTRICT ON UPDATE RESTRICT
) ENGINE = InnoDB AUTO_INCREMENT = 50 CHARACTER SET = utf8mb4 COLLATE = utf8mb4_unicode_ci ROW_FORMAT = DYNAMIC;

-- ----------------------------
-- Records of weekly_reports
-- ----------------------------
INSERT INTO `weekly_reports` VALUES (27, 8, '2026-06-22', '2026-06-28', 'submitted', '{\"grade\": \"A\", \"source\": \"ai\", \"summary\": \"本周所有工作日（周一至周五）的日报内容与周报总结完全匹配，且每日任务均按计划完成，进度从10%逐步推进至100%，展现了良好的工作连贯性和执行力。\", \"components\": {\"matchScore\": 40, \"progressScore\": 30, \"fillingRateScore\": 30, \"expectedWorkdayCount\": 5, \"submittedWorkdayCount\": 5, \"dailyComparisonRowCount\": 5, \"weeklyComparisonRowCount\": 5, \"matchedComparisonRowCount\": 5}, \"totalScore\": 100, \"suggestions\": [], \"workdaySource\": \"default_double_rest\", \"resolvedRestMode\": \"double_rest\", \"restModeAnchorWeekStart\": null}', '2026-06-30 13:43:01', 'ai', NULL, 95.00, 'A', 'szxdfcgbhjkl', 1, '2026-06-30 13:43:16', '2026-06-30 10:57:58', '2026-06-30 13:43:16');

SET FOREIGN_KEY_CHECKS = 1;
